{
    "uvs":[[0.8311,0.601196,0.677689,0.804085,0.321899,0.803925,0.168831,0.600853,0.940521,0.388626,0.060161,0.389008,0.500229,1.00026]],
    "colors":[],
    "metadata":{
        "uvs":1,
        "normals":5,
        "faces":3,
        "colors":0,
        "version":3,
        "generator":"io_three",
        "type":"Geometry",
        "vertices":7,
        "materials":1
    },
    "normals":[0,0.631916,0.774987,0,0.848506,0.52916,0,0.84814,0.52971,0,0.535325,0.84463,0,0.95349,0.301309],
    "vertices":[24.0689,69.6478,64.3266,12.972,85.5956,45.1062,-12.972,85.5956,45.1062,-24.0688,69.6478,64.3266,32.1414,47.5877,78.3084,-32.1413,47.5877,78.3084,0.121557,92.7626,22.4275],
    "faces":[43,0,1,2,3,0,0,1,2,3,0,1,2,0,43,4,0,3,5,0,4,0,3,5,3,0,0,3,42,1,6,2,0,1,6,2,1,4,2],
    "materials":[{
        "DbgColor":15658734,
        "colorSpecular":[0.5,0.5,0.5],
        "colorEmissive":[0,0,0],
        "opacity":1,
        "depthTest":true,
        "wireframe":false,
        "shading":"phong",
        "transparent":false,
        "doubleSided":false,
        "visible":true,
        "colorDiffuse":[0.64,0.64,0.64],
        "DbgIndex":0,
        "vertexColors":false,
        "specularCoef":50,
        "blending":"NormalBlending",
        "depthWrite":true,
        "DbgName":"_.003"
    }]
}