{
    "uvs":[[0.8311,0.601196,0.677689,0.804085,0.321899,0.803925,0.168831,0.600853,0.940521,0.388626,0.060161,0.389008,0.500229,1.00026]],
    "colors":[],
    "metadata":{
        "uvs":1,
        "normals":5,
        "faces":3,
        "colors":0,
        "version":3,
        "generator":"io_three",
        "type":"Geometry",
        "vertices":7,
        "materials":1
    },
    "normals":[0.671163,0.631916,-0.387494,0.458266,0.848506,-0.264565,0.458754,0.84814,-0.26484,0.731468,0.535325,-0.422315,0.260933,0.95349,-0.150639],
    "vertices":[43.674,69.6478,-53.0076,32.5771,85.5956,-33.7872,45.5491,85.5956,-11.319,67.7429,69.6478,-11.319,51.7464,47.5877,-66.9894,83.8877,47.5877,-11.3191,19.3621,92.7626,-11.319],
    "faces":[43,0,1,2,3,0,0,1,2,3,0,1,2,0,43,4,0,3,5,0,4,0,3,5,3,0,0,3,42,1,6,2,0,1,6,2,1,4,2],
    "materials":[{
        "DbgColor":15658734,
        "colorSpecular":[0.5,0.5,0.5],
        "colorEmissive":[0,0,0],
        "opacity":1,
        "depthTest":true,
        "wireframe":false,
        "shading":"phong",
        "transparent":false,
        "doubleSided":false,
        "visible":true,
        "colorDiffuse":[0.64,0.64,0.64],
        "DbgIndex":0,
        "vertexColors":false,
        "specularCoef":50,
        "blending":"NormalBlending",
        "depthWrite":true,
        "DbgName":"_.003"
    }]
}