{
    "uvs":[[0.313254,0.330024,0.313879,0.14843,0.252229,0.14843,0.251153,0.329984,0.375476,0.330064,0.375652,0.14843,0.437997,0.330104,0.437722,0.14843,0.500819,0.330145,0.50194,0.14843,0.064311,0.329749,0.065444,0.14811,0.002608,0.14811,0.001488,0.329824,0.126833,0.329675,0.127976,0.14811,0.189057,0.329601,0.19021,0.14811,0.251157,0.329786,0.252319,0.14811]],
    "colors":[],
    "metadata":{
        "uvs":1,
        "normals":15,
        "faces":8,
        "colors":0,
        "version":3,
        "generator":"io_three",
        "type":"Geometry",
        "vertices":18,
        "materials":1
    },
    "normals":[-0.765313,-0.288339,-0.575427,-0.765282,-0.288339,-0.575457,-0.475173,-0.311045,-0.823054,-0.944395,-0.223029,-0.241585,-0.944365,-0.223029,-0.241615,-0.983703,-0.124119,0.129978,-0.983703,-0.124149,0.129948,-0.94171,-0.060305,0.330912,0.604419,-0.124119,-0.786889,0.604389,-0.124149,-0.78692,0.757439,-0.060305,-0.650075,0.262947,-0.223029,-0.938658,0.262917,-0.223029,-0.938658,-0.115665,-0.288339,-0.950499,-0.115696,-0.288339,-0.950499],
    "vertices":[50.4223,52.3968,78.7068,55.1885,23.273,86.962,51.879,23.409,89.8571,47.0706,52.7908,81.5287,52.4845,51.2689,74.9779,57.1297,22.8839,83.0236,52.9533,49.5816,70.9098,57.4177,22.3017,78.6423,51.7485,47.5877,67.118,55.9991,21.6137,74.4804,34.933,49.5816,81.3139,39.3974,22.3017,89.0464,36.5023,21.6137,85.7369,32.2516,47.5877,78.3745,38.6904,51.2689,82.9419,43.3357,22.8839,90.9876,42.9509,52.3968,83.0204,47.717,23.273,91.2756],
    "faces":[43,0,1,2,3,0,0,1,2,3,0,1,2,2,43,1,0,4,5,0,1,0,4,5,1,0,3,4,43,6,7,5,4,0,6,7,5,4,5,6,4,3,43,8,9,7,6,0,8,9,7,6,7,7,6,5,43,10,11,12,13,0,10,11,12,13,8,9,10,10,43,14,15,11,10,0,14,15,11,10,11,12,9,8,43,16,17,15,14,0,16,17,15,14,13,14,12,11,43,3,2,17,16,0,18,19,17,16,2,2,14,13],
    "materials":[{
        "DbgColor":15658734,
        "colorSpecular":[0.5,0.5,0.5],
        "colorEmissive":[0,0,0],
        "opacity":1,
        "depthTest":true,
        "wireframe":false,
        "shading":"phong",
        "transparent":false,
        "doubleSided":false,
        "visible":true,
        "colorDiffuse":[0.64,0.64,0.64],
        "DbgIndex":0,
        "vertexColors":false,
        "specularCoef":50,
        "blending":"NormalBlending",
        "depthWrite":true,
        "DbgName":"_.003"
    }]
}