{
    "uvs":[[0.313254,0.330024,0.313879,0.14843,0.252229,0.14843,0.251153,0.329984,0.375476,0.330064,0.375652,0.14843,0.437997,0.330104,0.437722,0.14843,0.500819,0.330145,0.50194,0.14843,0.064311,0.329749,0.065444,0.14811,0.002608,0.14811,0.001488,0.329824,0.126833,0.329675,0.127976,0.14811,0.189057,0.329601,0.19021,0.14811,0.251157,0.329786,0.252319,0.14811]],
    "colors":[],
    "metadata":{
        "uvs":1,
        "normals":14,
        "faces":8,
        "colors":0,
        "version":3,
        "generator":"io_three",
        "type":"Geometry",
        "vertices":18,
        "materials":1
    },
    "normals":[0.880978,-0.288339,-0.375042,0.881008,-0.288339,-0.375042,0.950377,-0.311045,0,0.681417,-0.223029,-0.697073,0.681448,-0.223029,-0.697043,0.379254,-0.124119,-0.916898,0.379284,-0.124149,-0.916898,0.18424,-0.060305,-0.981017,0.379254,-0.124119,0.916898,0.379284,-0.124149,0.916898,0.18424,-0.060305,0.981017,0.681417,-0.223029,0.697073,0.681448,-0.223029,0.697043,0.881008,-0.288339,0.375042],
    "vertices":[-93.3732,52.3968,4.31364,-102.905,23.2731,4.31364,-103.758,23.409,-2.5e-05,-94.1412,52.7909,-3.1e-05,-91.1749,51.2689,7.96396,-100.465,22.8839,7.96396,-87.8863,49.5816,10.404,-96.8151,22.3017,10.404,-84.0001,47.5877,11.2565,-92.5015,21.6137,11.2565,-87.8863,49.5816,-10.4041,-96.8151,22.3017,-10.4041,-92.5015,21.6137,-11.2566,-84.0001,47.5877,-11.2566,-91.175,51.2689,-7.964,-100.465,22.8839,-7.964,-93.3732,52.3968,-4.31367,-102.905,23.2731,-4.31367],
    "faces":[43,0,1,2,3,0,0,1,2,3,0,1,2,2,43,1,0,4,5,0,1,0,4,5,1,0,3,4,43,6,7,5,4,0,6,7,5,4,5,6,4,3,43,8,9,7,6,0,8,9,7,6,7,7,6,5,43,10,11,12,13,0,10,11,12,13,8,9,10,10,43,14,15,11,10,0,14,15,11,10,11,12,9,8,43,16,17,15,14,0,16,17,15,14,13,13,12,11,43,3,2,17,16,0,18,19,17,16,2,2,13,13],
    "materials":[{
        "DbgColor":15658734,
        "colorSpecular":[0.5,0.5,0.5],
        "colorEmissive":[0,0,0],
        "opacity":1,
        "depthTest":true,
        "wireframe":false,
        "shading":"phong",
        "transparent":false,
        "doubleSided":false,
        "visible":true,
        "colorDiffuse":[0.64,0.64,0.64],
        "DbgIndex":0,
        "vertexColors":false,
        "specularCoef":50,
        "blending":"NormalBlending",
        "depthWrite":true,
        "DbgName":"_.003"
    }]
}