{
    "uvs":[[0.830688,0.601364,0.677826,0.803757,0.322395,0.803635,0.168831,0.601135,0.940033,0.388504,0.060403,0.389008,0.500229,0.999939,0.900238,0.292313,0.917435,0.23172,0.999374,0.170029,-0.000268,0.170593,0.083689,0.232941,0.100498,0.29332,0.898819,0.295837,0.897232,0.299255,0.895462,0.302567,0.101858,0.296829,0.893433,0.305786,0.103479,0.300232,0.891235,0.308899,0.105358,0.303543,0.888855,0.311966,0.107323,0.306747,0.886322,0.31488,0.109547,0.309845,0.883606,0.317734,0.111944,0.312897,0.880707,0.32045,0.114511,0.315796,0.87764,0.323105,0.117338,0.318649,0.874329,0.325607,0.120251,0.321335,0.870911,0.328064,0.123333,0.323975,0.867416,0.330368,0.126587,0.326477,0.863663,0.332611,0.130016,0.328918,0.859833,0.334702,0.133614,0.331192,0.85582,0.3367,0.137386,0.333435,0.141239,0.33551,0.851639,0.338593,0.145267,0.337494,0.847275,0.340378,0.149467,0.339371,0.842834,0.342072,0.153748,0.341156,0.838318,0.343613,0.158203,0.342819,0.833603,0.345093,0.16283,0.344345,0.828827,0.34642,0.167542,0.34581,0.823868,0.347656,0.17234,0.347137,0.818817,0.348724,0.177307,0.348358,0.813599,0.349762,0.182362,0.349411,0.808304,0.350571,0.187584,0.350433,0.802917,0.351349,0.192806,0.351242,0.79744,0.351959,0.1982,0.35199,0.791885,0.352478,0.203766,0.3526,0.786148,0.352844,0.209332,0.353104,0.780411,0.353104,0.214981,0.353455,0.774506,0.35321,0.220798,0.353699,0.226707,0.35379,-3.8e-05,0.000305,0.999527,0.000214]],
    "colors":[],
    "metadata":{
        "uvs":1,
        "normals":12,
        "faces":72,
        "colors":0,
        "version":3,
        "generator":"io_three",
        "type":"Geometry",
        "vertices":79,
        "materials":1
    },
    "normals":[-0.671163,0.631916,-0.387494,-0.458266,0.848506,-0.264565,-0.458754,0.84814,-0.26484,-0.798181,0.387982,-0.460829,-0.260933,0.95349,-0.150639,-0.833186,0.272683,-0.481033,-0.858608,0.130436,-0.495712,-0.833186,0.272652,-0.481033,-0.833186,0.272713,-0.481033,-0.833186,0.272683,-0.481063,-0.833186,0.272744,-0.481033,-0.866024,0,-0.499985],
    "vertices":[-67.6347,69.6477,-11.2565,-45.4409,85.5956,-11.2565,-32.4689,85.5956,-33.7246,-43.5658,69.6478,-52.945,-83.7796,47.5876,-11.2565,-51.6382,47.5877,-66.9269,-19.3754,92.7626,-11.046,-85.1705,36.2214,-15.2909,-87.5556,28.9898,-15.2593,-92.2809,21.6137,-11.2565,-55.8889,21.6137,-74.2893,-57.1613,28.9898,-67.9039,-55.9643,36.2214,-65.8775,-85.0164,36.6418,-15.3194,-84.8591,37.05,-15.3606,-84.6983,37.446,-15.4145,-55.9088,36.6418,-65.7354,-84.531,37.8299,-15.4866,-55.8658,37.05,-65.5784,-84.3604,38.2014,-15.5716,-55.8352,37.446,-65.4068,-84.1848,38.567,-15.6683,-55.8109,37.8299,-65.2313,-84.0075,38.9142,-15.7787,-55.7992,38.2014,-65.0411,-83.8252,39.2554,-15.9009,-55.7952,38.567,-64.8407,-83.6411,39.5784,-16.0367,-55.8021,38.9142,-64.6319,-83.4522,39.8951,-16.1845,-55.82,39.2554,-64.4074,-83.2582,40.1936,-16.3512,-55.8456,39.5784,-64.1801,-83.0625,40.4861,-16.5244,-55.879,39.8951,-63.9426,-82.8681,40.7602,-16.7056,-55.9233,40.1936,-63.6967,-82.6657,41.0283,-16.9043,-55.9754,40.4861,-63.4407,-82.4646,41.2781,-17.111,-56.0383,40.7602,-63.1762,-82.2601,41.5157,-17.3305,-56.1092,41.0283,-62.9015,-56.1876,41.2781,-62.624,-82.0523,41.7411,-17.5626,-56.2754,41.5157,-62.3372,-81.8411,41.9543,-17.8075,-56.3726,41.7411,-62.0412,-81.6297,42.1554,-18.0597,-56.4759,41.9543,-61.7413,-81.4197,42.3381,-18.3199,-56.5886,42.1555,-61.4322,-81.2047,42.5148,-18.5921,-56.7121,42.3381,-61.1147,-80.9911,42.6732,-18.8722,-56.8403,42.5148,-60.7925,-80.7741,42.8194,-19.1652,-56.9762,42.6732,-60.4674,-80.5584,42.9474,-19.4662,-57.1214,42.8195,-60.133,-80.3379,43.0693,-19.7791,-57.2742,42.9474,-59.7957,-80.1202,43.1667,-20.101,-57.4349,43.0693,-59.4482,-79.9008,43.2581,-20.4292,-57.6016,43.1667,-59.1043,-79.6827,43.3312,-20.7655,-57.7762,43.2581,-58.7501,-79.4644,43.3921,-21.109,-57.9616,43.3312,-58.3876,-79.2442,43.4347,-21.4662,-58.1499,43.3921,-58.0268,-79.0271,43.4652,-21.825,-58.346,43.4348,-57.6631,-78.8081,43.4774,-22.1975,-58.5513,43.4652,-57.2901,-58.7644,43.4774,-56.9142,-55.8889,1.10392,-74.2893,-92.2809,1.10388,-11.2565],
    "faces":[43,0,1,2,3,0,0,1,2,3,0,1,2,0,43,4,0,3,5,0,4,0,3,5,3,0,0,3,42,1,6,2,0,1,6,2,1,4,2,43,7,8,9,4,0,7,8,9,4,5,5,6,3,43,10,9,8,11,0,10,9,8,11,6,6,5,5,42,10,11,12,0,10,11,12,6,5,5,42,13,7,4,0,13,7,4,7,5,3,42,14,13,4,0,14,13,4,5,7,3,42,15,14,4,0,15,14,4,5,5,3,43,5,10,12,16,0,5,10,12,16,3,6,5,5,42,17,15,4,0,17,15,4,5,5,3,42,5,16,18,0,5,16,18,3,5,5,42,19,17,4,0,19,17,4,5,5,3,42,5,18,20,0,5,18,20,3,5,5,42,21,19,4,0,21,19,4,8,5,3,42,5,20,22,0,5,20,22,3,5,5,42,23,21,4,0,23,21,4,5,8,3,42,5,22,24,0,5,22,24,3,5,5,42,25,23,4,0,25,23,4,8,5,3,42,5,24,26,0,5,24,26,3,5,5,42,27,25,4,0,27,25,4,5,8,3,42,5,26,28,0,5,26,28,3,5,5,42,29,27,4,0,29,27,4,5,5,3,42,5,28,30,0,5,28,30,3,5,5,42,31,29,4,0,31,29,4,5,5,3,42,5,30,32,0,5,30,32,3,5,5,42,33,31,4,0,33,31,4,5,5,3,42,5,32,34,0,5,32,34,3,5,9,42,35,33,4,0,35,33,4,8,5,3,42,5,34,36,0,5,34,36,3,9,5,42,37,35,4,0,37,35,4,5,8,3,42,5,36,38,0,5,36,38,3,5,5,42,39,37,4,0,39,37,4,5,5,3,42,5,38,40,0,5,38,40,3,5,5,42,41,39,4,0,41,39,4,5,5,3,42,5,40,42,0,5,40,42,3,5,5,42,5,42,43,0,5,42,43,3,5,5,42,44,41,4,0,44,41,4,5,5,3,42,5,43,45,0,5,43,45,3,5,5,42,46,44,4,0,46,44,4,5,5,3,42,5,45,47,0,5,45,47,3,5,5,42,48,46,4,0,48,46,4,8,5,3,42,5,47,49,0,5,47,49,3,5,5,42,50,48,4,0,50,48,4,5,8,3,42,5,49,51,0,5,49,51,3,5,5,42,52,50,4,0,52,50,4,8,5,3,42,5,51,53,0,5,51,53,3,5,5,42,54,52,4,0,54,52,4,8,8,3,42,5,53,55,0,5,53,55,3,5,5,42,56,54,4,0,56,54,4,5,8,3,42,5,55,57,0,5,55,57,3,5,5,42,58,56,4,0,58,56,4,8,5,3,42,5,57,59,0,5,57,59,3,5,5,42,60,58,4,0,60,58,4,10,8,3,42,5,59,61,0,5,59,61,3,5,8,42,62,60,4,0,62,60,4,8,10,3,42,5,61,63,0,5,61,63,3,8,5,42,64,62,4,0,64,62,4,8,8,3,42,5,63,65,0,5,63,65,3,5,8,42,66,64,4,0,66,64,4,5,8,3,42,5,65,67,0,5,65,67,3,8,8,42,68,66,4,0,68,66,4,5,5,3,42,5,67,69,0,5,67,69,3,8,5,42,70,68,4,0,70,68,4,8,5,3,42,5,69,71,0,5,69,71,3,5,5,42,72,70,4,0,72,70,4,7,8,3,42,5,71,73,0,5,71,73,3,5,8,42,74,72,4,0,74,72,4,5,7,3,42,5,73,75,0,5,73,75,3,8,5,43,5,76,74,4,0,5,76,74,4,3,5,5,3,42,5,75,76,0,5,75,76,3,5,5,43,10,77,78,9,0,10,77,78,9,6,11,11,6],
    "materials":[{
        "DbgColor":15658734,
        "colorSpecular":[0.5,0.5,0.5],
        "colorEmissive":[0,0,0],
        "opacity":1,
        "depthTest":true,
        "wireframe":false,
        "shading":"phong",
        "transparent":false,
        "doubleSided":false,
        "visible":true,
        "colorDiffuse":[0.64,0.64,0.64],
        "DbgIndex":0,
        "vertexColors":false,
        "specularCoef":50,
        "blending":"NormalBlending",
        "depthWrite":true,
        "DbgName":"__1.005"
    }]
}