{
    "uvs":[[0.831268,0.600815,0.678513,0.803761,0.32357,0.804146,0.169319,0.601044,0.940033,0.387955,0.060161,0.38829,0.500717,0.999939,0.901779,0.302185,0.917847,0.241547,0.999191,0.170181,0.900467,0.30571,0.001271,0.170502,0.084824,0.241837,0.89888,0.309128,0.10169,0.302475,0.897034,0.312454,0.103092,0.306,0.895111,0.315674,0.104668,0.309418,0.892929,0.318787,0.106417,0.312744,0.890564,0.321854,0.108425,0.315948,0.888031,0.324768,0.110609,0.319077,0.885239,0.327621,0.112967,0.322128,0.882355,0.330338,0.115498,0.325043,0.879303,0.332993,0.118202,0.327911,0.876068,0.335495,0.12108,0.330612,0.872665,0.337952,0.124134,0.333267,0.869095,0.340256,0.127445,0.33577,0.865341,0.342499,0.130844,0.338226,0.861511,0.344589,0.134331,0.340515,0.138077,0.342758,0.857498,0.346588,0.141911,0.344864,0.853317,0.34848,0.145916,0.346848,0.849045,0.350266,0.150097,0.34874,0.844604,0.351959,0.154449,0.350525,0.839981,0.353485,0.158894,0.352203,0.835281,0.354965,0.163418,0.353745,0.83049,0.356308,0.168121,0.355225,0.825531,0.357529,0.172909,0.356552,0.82048,0.358597,0.177868,0.357773,0.815262,0.359619,0.182915,0.358841,0.810043,0.360443,0.188137,0.359863,0.804642,0.361206,0.193447,0.360672,0.799072,0.361832,0.198841,0.361435,0.793503,0.362335,0.204323,0.362045,0.787842,0.362701,0.209892,0.362564,0.782013,0.362961,0.215633,0.362915,0.776108,0.363068,0.221375,0.363174,0.227291,0.363266,0.001582,0.000229,0.999741,3.1e-05]],
    "colors":[],
    "metadata":{
        "uvs":1,
        "normals":14,
        "faces":72,
        "colors":0,
        "version":3,
        "generator":"io_three",
        "type":"Geometry",
        "vertices":79,
        "materials":1
    },
    "normals":[0,0.631947,-0.774987,0,0.848506,-0.52916,0,0.84814,-0.52971,0,0.387982,-0.921659,0,0.95349,-0.301309,0,0.272683,-0.962096,0,0.130436,-0.991424,-3.1e-05,0.272683,-0.962096,0,0.272713,-0.962066,3.1e-05,0.272683,-0.962096,0,0.272683,-0.962066,0,0.272652,-0.962096,0,0,-1,0,0,-0.999969],
    "vertices":[-24.0689,69.6478,-64.2016,-12.972,85.5956,-44.9812,12.972,85.5956,-44.9812,24.0689,69.6478,-64.2016,-32.1414,47.5877,-78.1835,32.1413,47.5877,-78.1835,-0.121535,92.7626,-22.3025,-29.3222,37.3544,-81.0841,-30.4786,30.1228,-83.1339,-36.392,21.6137,-85.5459,-29.2269,37.7748,-80.965,36.392,21.6137,-85.5459,30.3101,30.1228,-83.1339,-29.1125,38.1829,-80.8493,29.0901,37.3544,-81.0841,-28.9791,38.579,-80.737,28.9884,37.7748,-80.965,-28.8393,38.9628,-80.6282,28.8741,38.1829,-80.8493,-28.6805,39.3344,-80.5229,28.747,38.579,-80.737,-28.5089,39.7,-80.4193,28.6009,38.9628,-80.6282,-28.3247,40.0472,-80.3209,28.442,39.3344,-80.5229,-28.1213,40.3884,-80.2241,28.2704,39.7,-80.4193,-27.9116,40.7113,-80.1326,28.0862,40.0472,-80.3209,-27.6892,41.0281,-80.0428,27.8892,40.3884,-80.2242,-27.4541,41.3266,-79.9582,27.6795,40.7113,-80.1326,-27.2064,41.619,-79.8753,27.4571,41.0281,-80.0428,-26.9458,41.8932,-79.7976,27.2157,41.3266,-79.9582,-26.6726,42.1613,-79.7216,26.9679,41.619,-79.8753,-26.393,42.411,-79.6508,26.7137,41.8932,-79.7976,26.4405,42.1613,-79.7216,-26.1007,42.6486,-79.5835,26.1609,42.411,-79.6508,-25.7958,42.8741,-79.5196,25.8686,42.6486,-79.5835,-25.4844,43.0873,-79.4591,25.5637,42.8741,-79.5196,-25.1604,43.2884,-79.4021,25.2459,43.0873,-79.4591,-24.8236,43.471,-79.3504,24.9218,43.2884,-79.4021,-24.4805,43.6477,-79.3003,24.5915,43.471,-79.3504,-24.131,43.8061,-79.2554,24.2484,43.6477,-79.3003,-23.7688,43.9524,-79.2139,23.8989,43.8061,-79.2554,-23.4003,44.0803,-79.1776,23.5367,43.9524,-79.2139,-23.019,44.2022,-79.1431,23.1682,44.0803,-79.1777,-22.6378,44.2997,-79.1155,22.7869,44.2022,-79.1431,-22.2438,44.391,-79.0896,22.3993,44.2996,-79.1155,-21.8372,44.4642,-79.0689,22.0054,44.391,-79.0896,-21.4305,44.5251,-79.0516,21.6051,44.4642,-79.0689,-21.0175,44.5677,-79.0395,21.1984,44.5251,-79.0516,-20.5918,44.5982,-79.0309,20.7791,44.5677,-79.0395,-20.1598,44.6103,-79.0274,20.3597,44.5982,-79.0309,19.9276,44.6103,-79.0274,36.392,1.10395,-85.5459,-36.392,1.10394,-85.5459],
    "faces":[43,0,1,2,3,0,0,1,2,3,0,1,2,0,43,4,0,3,5,0,4,0,3,5,3,0,0,3,42,1,6,2,0,1,6,2,1,4,2,42,7,8,9,0,7,8,9,5,5,6,43,10,7,9,4,0,10,7,9,4,5,5,6,3,43,11,9,8,12,0,11,9,8,12,6,6,5,5,42,13,10,4,0,13,10,4,7,5,3,43,5,11,12,14,0,5,11,12,14,3,6,5,5,42,15,13,4,0,15,13,4,5,7,3,42,5,14,16,0,5,14,16,3,5,8,42,17,15,4,0,17,15,4,5,5,3,42,5,16,18,0,5,16,18,3,8,9,42,19,17,4,0,19,17,4,10,5,3,42,5,18,20,0,5,18,20,3,9,5,42,21,19,4,0,21,19,4,7,10,3,42,5,20,22,0,5,20,22,3,5,10,42,23,21,4,0,23,21,4,5,7,3,42,5,22,24,0,5,22,24,3,10,5,42,25,23,4,0,25,23,4,10,5,3,42,5,24,26,0,5,24,26,3,5,5,42,27,25,4,0,27,25,4,5,10,3,42,5,26,28,0,5,26,28,3,5,10,42,29,27,4,0,29,27,4,5,5,3,42,5,28,30,0,5,28,30,3,10,5,42,31,29,4,0,31,29,4,5,5,3,42,5,30,32,0,5,30,32,3,5,5,42,33,31,4,0,33,31,4,5,5,3,42,5,32,34,0,5,32,34,3,5,10,42,35,33,4,0,35,33,4,10,5,3,42,5,34,36,0,5,34,36,3,10,5,42,37,35,4,0,37,35,4,5,10,3,42,5,36,38,0,5,36,38,3,5,5,42,39,37,4,0,39,37,4,5,5,3,42,5,38,40,0,5,38,40,3,5,5,42,5,40,41,0,5,40,41,3,5,5,42,42,39,4,0,42,39,4,5,5,3,42,5,41,43,0,5,41,43,3,5,8,42,44,42,4,0,44,42,4,5,5,3,42,5,43,45,0,5,43,45,3,8,5,42,46,44,4,0,46,44,4,8,5,3,42,5,45,47,0,5,45,47,3,5,5,42,48,46,4,0,48,46,4,5,8,3,42,5,47,49,0,5,47,49,3,5,5,42,50,48,4,0,50,48,4,5,5,3,42,5,49,51,0,5,49,51,3,5,5,42,52,50,4,0,52,50,4,10,5,3,42,5,51,53,0,5,51,53,3,5,5,42,54,52,4,0,54,52,4,5,10,3,42,5,53,55,0,5,53,55,3,5,10,42,56,54,4,0,56,54,4,8,5,3,42,5,55,57,0,5,55,57,3,10,5,42,58,56,4,0,58,56,4,5,8,3,42,5,57,59,0,5,57,59,3,5,5,42,60,58,4,0,60,58,4,5,5,3,42,5,59,61,0,5,59,61,3,5,5,42,62,60,4,0,62,60,4,5,5,3,42,5,61,63,0,5,61,63,3,5,5,42,64,62,4,0,64,62,4,5,5,3,42,5,63,65,0,5,63,65,3,5,5,42,66,64,4,0,66,64,4,8,5,3,42,5,65,67,0,5,65,67,3,5,10,42,68,66,4,0,68,66,4,8,8,3,42,5,67,69,0,5,67,69,3,10,5,42,70,68,4,0,70,68,4,11,8,3,42,5,69,71,0,5,69,71,3,5,5,42,72,70,4,0,72,70,4,5,11,3,42,5,71,73,0,5,71,73,3,5,8,42,74,72,4,0,74,72,4,5,5,3,42,5,73,75,0,5,73,75,3,8,5,43,76,74,4,5,0,76,74,4,5,5,5,3,3,42,5,75,76,0,5,75,76,3,5,5,43,11,77,78,9,0,11,77,78,9,6,12,13,6],
    "materials":[{
        "DbgColor":15658734,
        "colorSpecular":[0.5,0.5,0.5],
        "colorEmissive":[0,0,0],
        "opacity":1,
        "depthTest":true,
        "wireframe":false,
        "shading":"phong",
        "transparent":false,
        "doubleSided":false,
        "visible":true,
        "colorDiffuse":[0.64,0.64,0.64],
        "DbgIndex":0,
        "vertexColors":false,
        "specularCoef":50,
        "blending":"NormalBlending",
        "depthWrite":true,
        "DbgName":"__1.005"
    }]
}