{
    "uvs":[[0.831268,0.600815,0.678513,0.803761,0.32357,0.804146,0.169319,0.601044,0.940033,0.387955,0.060161,0.38829,0.500717,0.999939,0.901779,0.302185,0.917847,0.241547,0.999191,0.170181,0.900467,0.30571,0.001271,0.170502,0.084824,0.241837,0.89888,0.309128,0.10169,0.302475,0.897034,0.312454,0.103092,0.306,0.895111,0.315674,0.104668,0.309418,0.892929,0.318787,0.106417,0.312744,0.890564,0.321854,0.108425,0.315948,0.888031,0.324768,0.110609,0.319077,0.885239,0.327621,0.112967,0.322128,0.882355,0.330338,0.115498,0.325043,0.879303,0.332993,0.118202,0.327911,0.876068,0.335495,0.12108,0.330612,0.872665,0.337952,0.124134,0.333267,0.869095,0.340256,0.127445,0.33577,0.865341,0.342499,0.130844,0.338226,0.861511,0.344589,0.134331,0.340515,0.138077,0.342758,0.857498,0.346588,0.141911,0.344864,0.853317,0.34848,0.145916,0.346848,0.849045,0.350266,0.150097,0.34874,0.844604,0.351959,0.154449,0.350525,0.839981,0.353485,0.158894,0.352203,0.835281,0.354965,0.163418,0.353745,0.83049,0.356308,0.168121,0.355225,0.825531,0.357529,0.172909,0.356552,0.82048,0.358597,0.177868,0.357773,0.815262,0.359619,0.182915,0.358841,0.810043,0.360443,0.188137,0.359863,0.804642,0.361206,0.193447,0.360672,0.799072,0.361832,0.198841,0.361435,0.793503,0.362335,0.204323,0.362045,0.787842,0.362701,0.209892,0.362564,0.782013,0.362961,0.215633,0.362915,0.776108,0.363068,0.221375,0.363174,0.227291,0.363266,0.001582,0.000229,0.999741,3.1e-05]],
    "colors":[],
    "metadata":{
        "uvs":1,
        "normals":15,
        "faces":72,
        "colors":0,
        "version":3,
        "generator":"io_three",
        "type":"Geometry",
        "vertices":79,
        "materials":1
    },
    "normals":[0.671163,0.631947,-0.387494,0.458266,0.848506,-0.264565,0.458754,0.84814,-0.26484,0.798181,0.387982,-0.460829,0.260933,0.95349,-0.150639,0.833186,0.272683,-0.481033,0.858608,0.130436,-0.495712,0.833155,0.272683,-0.481063,0.833186,0.272713,-0.481033,0.833186,0.272683,-0.481063,0.833186,0.272652,-0.481033,0.833186,0.272683,-0.481002,0.833155,0.272744,-0.481033,0.833186,0.272744,-0.481033,0.866024,0,-0.499985],
    "vertices":[43.5658,69.6478,-52.9451,32.4689,85.5956,-33.7247,45.4409,85.5956,-11.2565,67.6347,69.6478,-11.2565,51.6382,47.5877,-66.927,83.7795,47.5877,-11.2565,19.2538,92.7626,-11.2565,55.5598,37.3544,-65.9358,56.7568,30.1228,-67.9622,55.8889,21.6137,-74.2894,55.5043,37.7748,-65.7937,92.2809,21.6137,-11.2565,87.1512,30.1228,-15.3177,55.4613,38.1829,-65.6368,84.766,37.3543,-15.3493,55.4308,38.579,-65.4652,84.6119,37.7748,-15.3778,55.4064,38.9628,-65.2897,84.4546,38.1829,-15.419,55.3947,39.3344,-65.0994,84.2938,38.579,-15.4729,55.3907,39.7,-64.8991,84.1265,38.9628,-15.545,55.3976,40.0472,-64.6903,83.9559,39.3344,-15.63,55.4155,40.3884,-64.4658,83.7804,39.7,-15.7267,55.4411,40.7113,-64.2385,83.603,40.0472,-15.8371,55.4745,41.0281,-64.001,83.4208,40.3883,-15.9593,55.5188,41.3266,-63.7551,83.2366,40.7113,-16.0951,55.5709,41.619,-63.4991,83.0477,41.028,-16.2429,55.6338,41.8932,-63.2346,82.8537,41.3266,-16.4096,55.7047,42.1613,-62.9599,82.658,41.619,-16.5828,55.7831,42.411,-62.6824,82.4636,41.8932,-16.764,82.2612,42.1613,-16.9627,55.8709,42.6486,-62.3956,82.0601,42.411,-17.1694,55.9681,42.8741,-62.0996,81.8556,42.6486,-17.3889,56.0714,43.0873,-61.7997,81.6478,42.8741,-17.621,56.1841,43.2884,-61.4906,81.4366,43.0872,-17.8659,56.3076,43.471,-61.1731,81.2252,43.2884,-18.1181,56.4358,43.6477,-60.8508,81.0152,43.471,-18.3783,56.5717,43.8061,-60.5258,80.8002,43.6477,-18.6504,56.7169,43.9524,-60.1914,80.5866,43.8061,-18.9306,56.8697,44.0803,-59.8541,80.3696,43.9524,-19.2236,57.0304,44.2022,-59.5066,80.154,44.0803,-19.5246,57.1971,44.2997,-59.1627,79.9334,44.2022,-19.8375,57.3717,44.391,-58.8085,79.7157,44.2996,-20.1594,57.557,44.4641,-58.446,79.4963,44.391,-20.4876,57.7454,44.5251,-58.0852,79.2782,44.4641,-20.8239,57.9415,44.5677,-57.7215,79.0599,44.5251,-21.1674,58.1468,44.5982,-57.3485,78.8398,44.5677,-21.5246,58.3599,44.6103,-56.9726,78.6226,44.5982,-21.8834,78.4036,44.6103,-22.2559,92.2809,1.10394,-11.2566,55.8889,1.10394,-74.2894],
    "faces":[43,0,1,2,3,0,0,1,2,3,0,1,2,0,43,4,0,3,5,0,4,0,3,5,3,0,0,3,42,1,6,2,0,1,6,2,1,4,2,42,7,8,9,0,7,8,9,5,5,6,43,10,7,9,4,0,10,7,9,4,5,5,6,3,43,11,9,8,12,0,11,9,8,12,6,6,5,5,42,13,10,4,0,13,10,4,7,5,3,43,5,11,12,14,0,5,11,12,14,3,6,5,5,42,15,13,4,0,15,13,4,8,7,3,42,5,14,16,0,5,14,16,3,5,8,42,17,15,4,0,17,15,4,5,8,3,42,5,16,18,0,5,16,18,3,8,5,42,19,17,4,0,19,17,4,8,5,3,42,5,18,20,0,5,18,20,3,5,5,42,21,19,4,0,21,19,4,5,8,3,42,5,20,22,0,5,20,22,3,5,5,42,23,21,4,0,23,21,4,5,5,3,42,5,22,24,0,5,22,24,3,5,5,42,25,23,4,0,25,23,4,5,5,3,42,5,24,26,0,5,24,26,3,5,5,42,27,25,4,0,27,25,4,5,5,3,42,5,26,28,0,5,26,28,3,5,5,42,29,27,4,0,29,27,4,5,5,3,42,5,28,30,0,5,28,30,3,5,5,42,31,29,4,0,31,29,4,5,5,3,42,5,30,32,0,5,30,32,3,5,8,42,33,31,4,0,33,31,4,8,5,3,42,5,32,34,0,5,32,34,3,8,8,42,35,33,4,0,35,33,4,5,8,3,42,5,34,36,0,5,34,36,3,8,5,42,37,35,4,0,37,35,4,5,5,3,42,5,36,38,0,5,36,38,3,5,5,42,39,37,4,0,39,37,4,5,5,3,42,5,38,40,0,5,38,40,3,5,8,42,5,40,41,0,5,40,41,3,8,5,42,42,39,4,0,42,39,4,5,5,3,42,5,41,43,0,5,41,43,3,5,5,42,44,42,4,0,44,42,4,5,5,3,42,5,43,45,0,5,43,45,3,5,5,42,46,44,4,0,46,44,4,8,5,3,42,5,45,47,0,5,45,47,3,5,8,42,48,46,4,0,48,46,4,5,8,3,42,5,47,49,0,5,47,49,3,8,5,42,50,48,4,0,50,48,4,8,5,3,42,5,49,51,0,5,49,51,3,5,5,42,52,50,4,0,52,50,4,5,8,3,42,5,51,53,0,5,51,53,3,5,8,42,54,52,4,0,54,52,4,5,5,3,42,5,53,55,0,5,53,55,3,8,8,42,56,54,4,0,56,54,4,8,5,3,42,5,55,57,0,5,55,57,3,8,5,42,58,56,4,0,58,56,4,5,8,3,42,5,57,59,0,5,57,59,3,5,5,42,60,58,4,0,60,58,4,9,5,3,42,5,59,61,0,5,59,61,3,5,5,42,62,60,4,0,62,60,4,10,9,3,42,5,61,63,0,5,61,63,3,5,10,42,64,62,4,0,64,62,4,8,10,3,42,5,63,65,0,5,63,65,3,10,8,42,66,64,4,0,66,64,4,11,8,3,42,5,65,67,0,5,65,67,3,8,8,42,68,66,4,0,68,66,4,12,11,3,42,5,67,69,0,5,67,69,3,8,5,42,70,68,4,0,70,68,4,10,12,3,42,5,69,71,0,5,69,71,3,5,13,42,72,70,4,0,72,70,4,8,10,3,42,5,71,73,0,5,71,73,3,13,10,42,74,72,4,0,74,72,4,5,8,3,42,5,73,75,0,5,73,75,3,10,8,43,76,74,4,5,0,76,74,4,5,5,5,3,3,42,5,75,76,0,5,75,76,3,8,5,43,11,77,78,9,0,11,77,78,9,6,14,14,6],
    "materials":[{
        "DbgColor":15658734,
        "colorSpecular":[0.5,0.5,0.5],
        "colorEmissive":[0,0,0],
        "opacity":1,
        "depthTest":true,
        "wireframe":false,
        "shading":"phong",
        "transparent":false,
        "doubleSided":false,
        "visible":true,
        "colorDiffuse":[0.64,0.64,0.64],
        "DbgIndex":0,
        "vertexColors":false,
        "specularCoef":50,
        "blending":"NormalBlending",
        "depthWrite":true,
        "DbgName":"__1.005"
    }]
}