{
    "uvs":[[0.831268,0.600815,0.678513,0.803761,0.32357,0.804146,0.169319,0.601044,0.940033,0.387955,0.060161,0.38829,0.500717,0.999939,0.901779,0.302185,0.917847,0.241547,0.999191,0.170181,0.900467,0.30571,0.001271,0.170502,0.084824,0.241837,0.89888,0.309128,0.10169,0.302475,0.897034,0.312454,0.103092,0.306,0.895111,0.315674,0.104668,0.309418,0.892929,0.318787,0.106417,0.312744,0.890564,0.321854,0.108425,0.315948,0.888031,0.324768,0.110609,0.319077,0.885239,0.327621,0.112967,0.322128,0.882355,0.330338,0.115498,0.325043,0.879303,0.332993,0.118202,0.327911,0.876068,0.335495,0.12108,0.330612,0.872665,0.337952,0.124134,0.333267,0.869095,0.340256,0.127445,0.33577,0.865341,0.342499,0.130844,0.338226,0.861511,0.344589,0.134331,0.340515,0.138077,0.342758,0.857498,0.346588,0.141911,0.344864,0.853317,0.34848,0.145916,0.346848,0.849045,0.350266,0.150097,0.34874,0.844604,0.351959,0.154449,0.350525,0.839981,0.353485,0.158894,0.352203,0.835281,0.354965,0.163418,0.353745,0.83049,0.356308,0.168121,0.355225,0.825531,0.357529,0.172909,0.356552,0.82048,0.358597,0.177868,0.357773,0.815262,0.359619,0.182915,0.358841,0.810043,0.360443,0.188137,0.359863,0.804642,0.361206,0.193447,0.360672,0.799072,0.361832,0.198841,0.361435,0.793503,0.362335,0.204323,0.362045,0.787842,0.362701,0.209892,0.362564,0.782013,0.362961,0.215633,0.362915,0.776108,0.363068,0.221375,0.363174,0.227291,0.363266,0.001582,0.000229,0.999741,3.1e-05]],
    "colors":[],
    "metadata":{
        "uvs":1,
        "normals":17,
        "faces":72,
        "colors":0,
        "version":3,
        "generator":"io_three",
        "type":"Geometry",
        "vertices":79,
        "materials":1
    },
    "normals":[0.672475,0.631947,0.385205,0.459151,0.848506,0.263009,0.459639,0.84814,0.263283,0.799738,0.387982,0.458113,0.261452,0.95349,0.149754,0.834803,0.272683,0.478195,0.860286,0.130436,0.492782,0.834834,0.272713,0.478164,0.834803,0.272683,0.478225,0.834834,0.272683,0.478195,0.834834,0.272652,0.478195,0.834803,0.272713,0.478195,0.834803,0.272652,0.478195,0.834803,0.272744,0.478195,0.834803,0.272652,0.478225,0.834834,0.272683,0.478164,0.867702,0,0.497024],
    "vertices":[67.6726,69.6478,11.0266,45.4789,85.5956,11.102,32.5833,85.5956,33.6142,43.7455,69.6478,52.7967,83.8173,47.5877,10.9717,51.8654,47.5877,66.7511,19.4128,92.7626,10.9801,84.933,37.3543,14.8597,87.2865,30.1228,14.8751,92.3186,21.6137,10.9428,84.7823,37.7748,14.8832,56.1411,21.6137,74.0989,57.0713,30.1228,67.6227,84.625,38.1829,14.9249,55.899,37.3543,65.5453,84.4613,38.579,14.9849,55.8461,37.7748,65.3978,84.2974,38.9628,15.0521,55.8026,38.1829,65.241,84.127,39.3344,15.1376,55.7683,38.579,65.075,83.9519,39.7,15.235,55.7465,38.9628,64.8941,83.7749,40.0472,15.3459,55.7341,39.3344,64.7039,83.5899,40.3883,15.4743,55.7295,39.6999,64.5035,83.4062,40.7113,15.6107,55.7357,40.0472,64.2947,83.2178,41.028,15.7591,55.7497,40.3883,64.0757,83.0275,41.3266,15.921,55.7744,40.7113,63.8483,82.8324,41.619,16.0948,55.8071,41.028,63.6107,82.6355,41.8932,16.2823,55.8537,41.3266,63.3591,82.4337,42.1613,16.4816,55.9049,41.619,63.1029,82.2333,42.411,16.689,55.9638,41.8932,62.8437,56.0337,42.1613,62.5688,82.0296,42.6486,16.9091,56.1112,42.411,62.2911,81.8226,42.874,17.142,56.1981,42.6486,62.004,81.6154,43.0872,17.3821,56.2942,42.874,61.7076,81.4049,43.2884,17.635,56.3997,43.0872,61.4019,81.1926,43.471,17.9015,56.5113,43.2884,61.0923,80.9785,43.6477,18.1743,56.6306,43.471,60.7799,80.7659,43.8061,18.4552,56.7577,43.6477,60.4573,80.5499,43.9524,18.7489,56.8924,43.8061,60.1317,80.3352,44.0803,19.0507,57.0365,43.9524,59.7969,80.1157,44.2022,19.3643,57.1882,44.0803,59.459,79.9023,44.2996,19.6814,57.3477,44.2022,59.111,79.684,44.391,20.0104,57.5164,44.2996,58.761,79.4639,44.4641,20.3529,57.6898,44.391,58.4063,79.2468,44.5251,20.6972,57.8707,44.4641,58.0486,79.031,44.5677,21.0496,58.0579,44.5251,57.6872,78.8119,44.5982,21.4147,58.2558,44.5677,57.3173,78.5941,44.6103,21.7879,58.4568,44.5982,56.9491,58.6686,44.6103,56.5725,56.1411,1.10393,74.0989,92.3186,1.10393,10.9428],
    "faces":[43,0,1,2,3,0,0,1,2,3,0,1,2,0,43,4,0,3,5,0,4,0,3,5,3,0,0,3,42,1,6,2,0,1,6,2,1,4,2,42,7,8,9,0,7,8,9,5,5,6,43,10,7,9,4,0,10,7,9,4,5,5,6,3,43,11,9,8,12,0,11,9,8,12,6,6,5,5,42,13,10,4,0,13,10,4,7,5,3,43,5,11,12,14,0,5,11,12,14,3,6,5,5,42,15,13,4,0,15,13,4,8,7,3,42,5,14,16,0,5,14,16,3,5,9,42,17,15,4,0,17,15,4,10,8,3,42,5,16,18,0,5,16,18,3,9,5,42,19,17,4,0,19,17,4,11,10,3,42,5,18,20,0,5,18,20,3,5,8,42,21,19,4,0,21,19,4,5,11,3,42,5,20,22,0,5,20,22,3,8,9,42,23,21,4,0,23,21,4,9,5,3,42,5,22,24,0,5,22,24,3,9,5,42,25,23,4,0,25,23,4,11,9,3,42,5,24,26,0,5,24,26,3,5,5,42,27,25,4,0,27,25,4,5,11,3,42,5,26,28,0,5,26,28,3,5,9,42,29,27,4,0,29,27,4,9,5,3,42,5,28,30,0,5,28,30,3,9,5,42,31,29,4,0,31,29,4,5,9,3,42,5,30,32,0,5,30,32,3,5,5,42,33,31,4,0,33,31,4,11,5,3,42,5,32,34,0,5,32,34,3,5,5,42,35,33,4,0,35,33,4,11,11,3,42,5,34,36,0,5,34,36,3,5,9,42,37,35,4,0,37,35,4,5,11,3,42,5,36,38,0,5,36,38,3,9,5,42,39,37,4,0,39,37,4,5,5,3,42,5,38,40,0,5,38,40,3,5,5,42,5,40,41,0,5,40,41,3,5,5,42,42,39,4,0,42,39,4,5,5,3,42,5,41,43,0,5,41,43,3,5,5,42,44,42,4,0,44,42,4,5,5,3,42,5,43,45,0,5,43,45,3,5,5,42,46,44,4,0,46,44,4,11,5,3,42,5,45,47,0,5,45,47,3,5,11,42,48,46,4,0,48,46,4,11,11,3,42,5,47,49,0,5,47,49,3,11,5,42,50,48,4,0,50,48,4,5,11,3,42,5,49,51,0,5,49,51,3,5,9,42,52,50,4,0,52,50,4,5,5,3,42,5,51,53,0,5,51,53,3,9,5,42,54,52,4,0,54,52,4,11,5,3,42,5,53,55,0,5,53,55,3,5,11,42,56,54,4,0,56,54,4,5,11,3,42,5,55,57,0,5,55,57,3,11,11,42,58,56,4,0,58,56,4,11,5,3,42,5,57,59,0,5,57,59,3,11,5,42,60,58,4,0,60,58,4,12,11,3,42,5,59,61,0,5,59,61,3,5,11,42,62,60,4,0,62,60,4,11,12,3,42,5,61,63,0,5,61,63,3,11,5,42,64,62,4,0,64,62,4,9,11,3,42,5,63,65,0,5,63,65,3,5,9,42,66,64,4,0,66,64,4,13,9,3,42,5,65,67,0,5,65,67,3,9,5,42,68,66,4,0,68,66,4,11,13,3,42,5,67,69,0,5,67,69,3,5,9,42,70,68,4,0,70,68,4,11,11,3,42,5,69,71,0,5,69,71,3,9,14,42,72,70,4,0,72,70,4,7,11,3,42,5,71,73,0,5,71,73,3,14,13,42,74,72,4,0,74,72,4,5,7,3,42,5,73,75,0,5,73,75,3,13,15,43,76,74,4,5,0,76,74,4,5,5,5,3,3,42,5,75,76,0,5,75,76,3,15,5,43,11,77,78,9,0,11,77,78,9,6,16,16,6],
    "materials":[{
        "DbgColor":15658734,
        "colorSpecular":[0.5,0.5,0.5],
        "colorEmissive":[0,0,0],
        "opacity":1,
        "depthTest":true,
        "wireframe":false,
        "shading":"phong",
        "transparent":false,
        "doubleSided":false,
        "visible":true,
        "colorDiffuse":[0.64,0.64,0.64],
        "DbgIndex":0,
        "vertexColors":false,
        "specularCoef":50,
        "blending":"NormalBlending",
        "depthWrite":true,
        "DbgName":"__1.005"
    }]
}