{
    "uvs":[[0.8311,0.601196,0.677689,0.804085,0.321899,0.803925,0.168831,0.600853,0.940521,0.388626,0.060161,0.389008,0.500229,1.00026,0.982651,0.17009,0.982651,0.169846,0.999924,0.170105,0.000461,0.170837,0.018193,0.170822,0.018198,0.171066,0.034142,0.23378,0.054001,0.301224,0.500076,0.378326,0.782806,0.378052,0.964859,0.232422,0.058107,0.311234,0.94545,0.300125,0.064363,0.321564,0.943283,0.306091,0.07106,0.329865,0.940369,0.312225,0.079374,0.338013,0.935257,0.320541,0.089418,0.345856,0.928619,0.328888,0.09815,0.35144,0.92038,0.337067,0.107962,0.356689,0.9104,0.344955,0.118898,0.361526,0.901703,0.350571,0.891937,0.35585,0.131004,0.365921,0.881042,0.360748,0.144329,0.369766,0.868973,0.365158,0.158916,0.373001,0.855682,0.369049,0.174816,0.37558,0.84111,0.37233,0.19207,0.377426,0.825241,0.374939,0.21727,0.378601,0.807999,0.376816,0.018149,0.000168,0.000448,0.000137,0.999588,0.00029,0.982834,0]],
    "colors":[],
    "metadata":{
        "uvs":1,
        "normals":14,
        "faces":42,
        "colors":0,
        "version":3,
        "generator":"io_three",
        "type":"Geometry",
        "vertices":51,
        "materials":1
    },
    "normals":[0,0.631916,0.774987,0,0.848506,0.52916,0,0.84814,0.52971,0,0.387982,0.921659,0,0.95349,0.301309,0,0.272683,0.962096,0,0.137638,0.990478,0,0.130436,0.991424,0,0.137547,0.990478,0,0.272591,0.962096,0,0.272683,0.962066,0,0.272713,0.962066,3.1e-05,0.272683,0.962096,0,0,1],
    "vertices":[24.0689,69.6478,64.2016,12.972,85.5956,44.9812,-12.972,85.5956,44.9812,-24.0689,69.6478,64.2016,32.1414,47.5877,78.1834,-32.1413,47.5877,78.1835,0.121537,92.7626,22.3025,35.2766,21.6432,85.5374,35.2766,21.6137,85.5458,36.392,21.6137,85.5458,-36.3919,21.6137,85.5458,-35.1012,21.6137,85.5458,-35.1012,21.6432,85.5374,-33.8393,29.0819,83.4289,-32.4755,37.1604,81.1391,0.090895,46.4451,78.5073,20.797,46.4452,78.5073,34.0211,29.0819,83.4289,-32.1883,38.359,80.7993,32.6509,37.1604,81.1391,-31.7444,39.5975,80.4483,32.4965,37.8726,80.9372,-31.2655,40.592,80.1664,32.288,38.6047,80.7297,-30.6679,41.5688,79.8895,31.9198,39.5975,80.4483,-29.9431,42.5088,79.6231,31.441,40.592,80.1664,-29.3113,43.1781,79.4333,30.8433,41.5688,79.8895,-28.5998,43.8078,79.2549,30.1185,42.5088,79.623,-27.8053,44.3898,79.0899,29.4867,43.1781,79.4333,28.7752,43.8078,79.2548,-26.9244,44.916,78.9408,27.9807,44.3898,79.0899,-25.9534,45.3782,78.8097,27.0998,44.916,78.9407,-24.889,45.7685,78.6991,26.1288,45.3782,78.8097,-23.7277,46.0786,78.6112,25.0644,45.7685,78.6991,-22.466,46.3005,78.5483,23.9031,46.0786,78.6112,-20.6216,46.4451,78.5073,22.6414,46.3005,78.5483,-35.1012,1.10391,85.5458,-36.3919,1.10391,85.5458,36.392,1.10391,85.5458,35.2766,1.10391,85.5458],
    "faces":[43,0,1,2,3,0,0,1,2,3,0,1,2,0,43,4,0,3,5,0,4,0,3,5,3,0,0,3,42,1,6,2,0,1,6,2,1,4,2,42,7,8,9,0,7,8,9,5,6,7,42,10,11,12,0,10,11,12,7,8,9,42,5,13,14,0,5,13,14,3,5,5,43,4,5,15,16,0,4,5,15,16,3,3,5,5,43,13,5,10,12,0,13,5,10,12,5,3,7,9,43,17,7,9,4,0,17,7,9,4,5,5,7,3,42,5,14,18,0,5,14,18,3,5,10,42,19,17,4,0,19,17,4,5,5,3,42,5,18,20,0,5,18,20,3,10,5,42,21,19,4,0,21,19,4,11,5,3,42,5,20,22,0,5,20,22,3,5,5,42,23,21,4,0,23,21,4,12,11,3,42,5,22,24,0,5,22,24,3,5,5,42,25,23,4,0,25,23,4,5,12,3,42,5,24,26,0,5,24,26,3,5,5,42,27,25,4,0,27,25,4,5,5,3,42,5,26,28,0,5,26,28,3,5,5,42,29,27,4,0,29,27,4,5,5,3,42,5,28,30,0,5,28,30,3,5,5,42,31,29,4,0,31,29,4,5,5,3,42,5,30,32,0,5,30,32,3,5,5,42,33,31,4,0,33,31,4,5,5,3,42,34,33,4,0,34,33,4,5,5,3,42,5,32,35,0,5,32,35,3,5,5,42,36,34,4,0,36,34,4,5,5,3,42,5,35,37,0,5,35,37,3,5,5,42,38,36,4,0,38,36,4,5,5,3,42,5,37,39,0,5,37,39,3,5,5,42,40,38,4,0,40,38,4,5,5,3,42,5,39,41,0,5,39,41,3,5,11,42,42,40,4,0,42,40,4,11,5,3,42,5,41,43,0,5,41,43,3,11,5,42,44,42,4,0,44,42,4,11,11,3,42,5,43,45,0,5,43,45,3,5,5,42,46,44,4,0,46,44,4,5,11,3,42,5,45,15,0,5,45,15,3,5,5,42,16,46,4,0,16,46,4,5,5,3,43,47,11,10,48,0,47,11,10,48,13,8,7,13,43,49,9,8,50,0,49,9,8,50,13,7,6,13],
    "materials":[{
        "DbgColor":15658734,
        "colorSpecular":[0.5,0.5,0.5],
        "colorEmissive":[0,0,0],
        "opacity":1,
        "depthTest":true,
        "wireframe":false,
        "shading":"phong",
        "transparent":false,
        "doubleSided":false,
        "visible":true,
        "colorDiffuse":[0.64,0.64,0.64],
        "DbgIndex":0,
        "vertexColors":false,
        "specularCoef":50,
        "blending":"NormalBlending",
        "depthWrite":true,
        "DbgName":"__1.005"
    }]
}