{
    "metadata":{
        "materials":1,
        "vertices":109,
        "uvs":1,
        "colors":0,
        "faces":72,
        "normals":71,
        "version":3,
        "generator":"io_three",
        "type":"Geometry"
    },
    "normals":[0,-1,-1.19741e-07,0.996195,1.03771e-08,-0.0871519,7.12274e-09,-1,-1.16047e-07,9.11542e-10,-1,-1.14571e-07,0.965928,3.09695e-08,-0.258809,-0.42262,-1.07977e-07,0.906307,-2.37952e-09,-1,-1.23613e-07,0.906308,5.05679e-08,-0.422618,1.23736e-09,-1,-1.18189e-07,6.97005e-10,-1,-1.18285e-07,-6.15309e-09,-1,-1.19492e-07,-0.0871565,-1.20828e-07,0.996195,2.05837e-09,-1,-1.16662e-07,0.707103,8.41253e-08,-0.707111,6.15303e-09,-1,-1.19492e-07,-6.76053e-09,-1,-1.24062e-07,0.0871556,-1.20827e-07,0.996195,-1.23736e-09,-1,-1.18189e-07,7.12274e-09,-1,-1.16047e-07,0.42262,1.07977e-07,-0.906307,0.258819,-1.16112e-07,0.965926,1.2374e-09,-1,-1.18189e-07,0.258819,1.16112e-07,-0.965926,-7.12273e-09,-1,-1.16047e-07,-6.15307e-09,-1,-1.19492e-07,6.76054e-09,-1,-1.24062e-07,0.573576,-9.76229e-08,0.819152,6.15313e-09,-1,-1.19492e-07,-0.0871565,1.20828e-07,-0.996195,-2.05836e-09,-1,-1.16662e-07,-1.2374e-09,-1,-1.18189e-07,-6.97005e-10,-1,-1.18285e-07,0.819151,-6.8225e-08,0.573578,-7.12274e-09,-1,-1.16047e-07,-0.42262,1.07977e-07,-0.906307,2.37952e-09,-1,-1.23613e-07,6.76054e-09,-1,-1.24062e-07,0.906308,-5.0568e-08,0.422619,-9.11541e-10,-1,-1.14571e-07,-2.05837e-09,-1,-1.16662e-07,-0.707103,8.41253e-08,-0.707111,0,-1,-1.19741e-07,-6.97006e-10,-1,-1.18285e-07,-0.819151,6.8225e-08,-0.573578,0.819151,6.8225e-08,-0.573578,2.37954e-09,-1,-1.23613e-07,-0.906312,5.05682e-08,-0.42261,0.573576,9.76229e-08,-0.819152,-9.11541e-10,-1,-1.14571e-07,0.0871556,1.20827e-07,-0.996195,-0.258819,1.16112e-07,-0.965926,-0.996194,1.03771e-08,-0.0871623,-0.573576,9.76229e-08,-0.819152,-0,-1,-1.19741e-07,-0.965926,3.09694e-08,-0.258819,-0.996194,-1.03771e-08,0.0871623,9.11542e-10,-1,-1.14571e-07,-0.965926,-3.09694e-08,0.258819,-0.819151,-6.8225e-08,0.573578,-2.37954e-09,-1,-1.23613e-07,-0.906312,-5.05682e-08,0.42261,-0.573576,-9.76229e-08,0.819152,6.97006e-10,-1,-1.18285e-07,-0.258819,-1.16112e-07,0.965926,0.42262,-1.07977e-07,0.906307,2.05837e-09,-1,-1.16662e-07,-0.707103,-8.41253e-08,0.707111,0.707103,-8.41253e-08,0.707111,-6.76054e-09,-1,-1.24062e-07,0.965928,-3.09695e-08,0.258809,0.996195,-1.03771e-08,0.0871519],
    "vertices":[4.13618,7.24284e-08,-0.729322,4.19998,-1.49012e-08,1.18544e-08,-1.52588e-05,-1.49012e-08,1.18544e-08,4.13618,7.24284e-08,-0.729322,4.13618,110.085,-0.729309,4.19998,110.085,1.3135e-05,4.19998,-1.49012e-08,1.18544e-08,-1.43649,-4.83135e-07,3.94671,-2.10001,-4.51956e-07,3.63731,3.9467,1.53276e-07,-1.43648,3.9467,1.53276e-07,-1.43648,3.9467,110.085,-1.43647,-1.43649,-4.83135e-07,3.94671,-1.43649,110.085,3.94672,-2.10001,110.085,3.63732,-2.10001,-4.51956e-07,3.63731,3.6373,2.36032e-07,-2.1,3.6373,2.36032e-07,-2.1,3.6373,110.085,-2.09999,-0.729332,-5.04655e-07,4.13619,3.21738,3.06675e-07,-2.69971,-1.52588e-05,-5.16767e-07,4.2,-1.52588e-05,-5.16767e-07,4.2,-1.52588e-05,110.085,4.20001,-0.729332,110.085,4.13621,-0.729332,-5.04655e-07,4.13619,2.69969,3.66003e-07,-3.21739,2.69969,3.66003e-07,-3.21739,2.69969,110.085,-3.21737,3.21738,110.085,-2.69969,3.21738,3.06675e-07,-2.69971,0.729309,-5.04655e-07,4.13619,2.09998,4.22154e-07,-3.63731,0.729309,-5.04655e-07,4.13619,0.729309,110.085,4.13621,1.43647,-4.83135e-07,3.94671,1.43647,4.53333e-07,-3.94671,1.43647,4.53333e-07,-3.94671,1.43647,110.085,-3.9467,2.09998,110.085,-3.63729,2.09998,4.22154e-07,-3.63731,1.43647,-4.83135e-07,3.94671,1.43647,110.085,3.94672,0.729309,4.74852e-07,-4.13619,0.729309,4.74852e-07,-4.13619,0.729309,110.085,-4.13618,2.09998,-4.51956e-07,3.63731,-1.52588e-05,4.86964e-07,-4.2,2.69969,-3.95805e-07,3.21739,2.69969,-3.95805e-07,3.21739,2.69969,110.085,3.2174,2.09998,110.085,3.63732,2.09998,-4.51956e-07,3.63731,-0.729332,4.74852e-07,-4.13619,-0.729332,4.74852e-07,-4.13619,-0.729332,110.085,-4.13618,-1.52588e-05,110.085,-4.19999,-1.52588e-05,4.86964e-07,-4.2,3.21738,-3.36477e-07,2.69971,-1.43649,4.53333e-07,-3.94671,3.6373,-2.65834e-07,2.1,3.6373,-2.65834e-07,2.1,3.6373,110.085,2.10001,3.21738,110.085,2.69972,3.21738,-3.36477e-07,2.69971,-2.10001,4.22154e-07,-3.63731,-2.10001,4.22154e-07,-3.63731,-2.10001,110.085,-3.63729,-1.43649,110.085,-3.9467,-1.43649,4.53333e-07,-3.94671,3.9467,-1.83078e-07,1.43648,-2.69971,3.66003e-07,-3.21739,3.9467,-1.83078e-07,1.43648,3.9467,110.085,1.4365,4.13618,-1.02231e-07,0.729322,-3.2174,3.06675e-07,-2.69971,-3.2174,3.06675e-07,-2.69971,-3.2174,110.085,-2.69969,-2.69971,110.085,-3.21737,-2.69971,3.66003e-07,-3.21739,-3.63732,2.36032e-07,-2.1,-3.63732,2.36032e-07,-2.1,-3.63732,110.085,-2.09999,-3.94672,1.53276e-07,-1.43648,-3.94672,1.53276e-07,-1.43648,-3.94672,110.085,-1.43647,-4.1362,7.24284e-08,-0.729322,-4.20001,-1.49012e-08,1.18544e-08,-4.20001,-1.49012e-08,1.18544e-08,-4.20001,110.085,1.3135e-05,-4.1362,110.085,-0.729309,-4.1362,7.24284e-08,-0.729322,-4.1362,-1.02231e-07,0.729322,-4.1362,-1.02231e-07,0.729322,-4.1362,110.085,0.729335,-3.94672,-1.83078e-07,1.43648,-3.94672,-1.83078e-07,1.43648,-3.94672,110.085,1.4365,-3.63732,110.085,2.10001,-3.63732,-2.65834e-07,2.1,-3.2174,-3.36477e-07,2.69971,-3.2174,110.085,2.69972,-3.63732,-2.65834e-07,2.1,-2.69971,110.085,3.2174,-2.69971,-3.95805e-07,3.21739,-3.2174,-3.36477e-07,2.69971,-2.69971,-3.95805e-07,3.21739,4.13618,-1.02231e-07,0.729322,4.13618,110.085,0.729335],
    "faces":[42,0,1,2,0,0,1,2,0,0,0,43,3,4,5,6,0,3,4,5,6,1,1,1,1,42,7,8,2,0,7,8,2,2,2,2,42,9,0,2,0,9,0,2,3,3,3,43,10,11,4,3,0,10,11,4,3,4,4,4,4,43,12,13,14,15,0,12,13,14,15,5,5,5,5,42,16,9,2,0,16,9,2,6,6,6,43,17,18,11,10,0,17,18,11,10,7,7,7,7,42,19,7,2,0,19,7,2,8,8,8,42,20,16,2,0,20,16,2,9,9,9,42,21,19,2,0,21,19,2,10,10,10,43,22,23,24,25,0,22,23,24,25,11,11,11,11,42,26,20,2,0,26,20,2,12,12,12,43,27,28,29,30,0,27,28,29,30,13,13,13,13,42,31,21,2,0,31,21,2,14,14,14,42,32,26,2,0,32,26,2,15,15,15,43,33,34,23,22,0,33,34,23,22,16,16,16,16,42,35,31,2,0,35,31,2,17,17,17,42,36,32,2,0,36,32,2,18,18,18,43,37,38,39,40,0,37,38,39,40,19,19,19,19,43,41,42,34,33,0,41,42,34,33,20,20,20,20,42,43,36,2,0,43,36,2,21,21,21,43,44,45,38,37,0,44,45,38,37,22,22,22,22,42,46,35,2,0,46,35,2,23,23,23,42,47,43,2,0,47,43,2,24,24,24,42,48,46,2,0,48,46,2,25,25,25,43,49,50,51,52,0,49,50,51,52,26,26,26,26,42,53,47,2,0,53,47,2,27,27,27,43,54,55,56,57,0,54,55,56,57,28,28,28,28,42,58,48,2,0,58,48,2,29,29,29,42,59,53,2,0,59,53,2,30,30,30,42,60,58,2,0,60,58,2,31,31,31,43,61,62,63,64,0,61,62,63,64,32,32,32,32,42,65,59,2,0,65,59,2,33,33,33,43,66,67,68,69,0,66,67,68,69,34,34,34,34,42,70,60,2,0,70,60,2,35,35,35,42,71,65,2,0,71,65,2,36,36,36,43,72,73,62,61,0,72,73,62,61,37,37,37,37,42,74,70,2,0,74,70,2,38,38,38,42,75,71,2,0,75,71,2,39,39,39,43,76,77,78,79,0,76,77,78,79,40,40,40,40,42,1,74,2,0,1,74,2,41,41,41,42,80,75,2,0,80,75,2,42,42,42,43,81,82,77,76,0,81,82,77,76,43,43,43,43,43,18,17,30,29,0,18,17,30,29,44,44,44,44,42,83,80,2,0,83,80,2,45,45,45,43,84,85,82,81,0,84,85,82,81,46,46,46,46,43,28,27,40,39,0,28,27,40,39,47,47,47,47,42,86,83,2,0,86,83,2,48,48,48,43,45,44,57,56,0,45,44,57,56,49,49,49,49,43,55,54,69,68,0,55,54,69,68,50,50,50,50,42,87,86,2,0,87,86,2,0,0,0,43,88,89,90,91,0,21,88,89,90,51,51,51,51,43,67,66,79,78,0,67,66,79,78,52,52,52,52,42,92,87,2,0,91,87,2,53,53,53,43,85,84,91,90,0,85,84,90,89,54,54,54,54,43,89,88,93,94,0,88,21,92,93,55,55,55,55,42,95,92,2,0,94,91,2,56,56,56,43,96,97,94,93,0,95,96,93,92,57,57,57,57,43,98,99,100,101,0,97,98,99,100,58,58,58,58,42,102,95,2,0,101,94,2,59,59,59,43,99,98,97,96,0,98,97,96,95,60,60,60,60,43,103,104,15,14,0,102,103,15,14,61,61,61,61,42,105,102,2,0,104,101,2,62,62,62,43,13,12,25,24,0,13,12,25,24,63,63,63,63,43,42,41,52,51,0,42,41,52,51,64,64,64,64,42,106,105,2,0,105,104,2,65,65,65,43,104,103,101,100,0,103,102,100,99,66,66,66,66,43,50,49,64,63,0,50,49,64,63,67,67,67,67,42,8,106,2,0,8,105,2,68,68,68,43,73,72,107,108,0,73,72,106,107,69,69,69,69,43,108,107,6,5,0,107,106,108,109,70,70,70,70],
    "materials":[{
        "specularCoef":50,