{
    "normals":[0,-1,0,0.984802,0,-0.17362,1,0,0,0,-0.999969,0,0.939665,0,-0.34199,-0.342021,0,0.939665,-0.499985,0,0.866024,0.866024,0,-0.499985,0,0,1,-0.17362,0,0.984802,0.642781,0,-0.766045,0.766015,0,-0.642781,0.17362,0,0.984802,0.34199,0,-0.939665,0.499985,0,-0.866024,0.342021,0,0.939665,0.17362,0,-0.984802,0.642781,0,0.766045,0.499985,0,0.866024,-0.17362,0,-0.984802,0,0,-1,0.866024,0,0.499985,0.766015,0,0.642781,-0.499985,0,-0.866024,-0.34199,0,-0.939665,0.939665,0,0.34199,-0.766015,0,-0.642781,-0.642781,0,-0.766045,-0.866024,0,-0.499985,-0.939665,0,-0.34199,-1,0,0,-0.984802,0,-0.17365,-0.984802,0,0.17365,-0.939665,0,0.34199,-0.866024,0,0.499985,-0.766015,0,0.642781,-0.642781,0,0.766045,0.984802,0,0.17362],
    "vertices":[4.13618,0,-0.729322,4.19998,-0,0,-1.5e-05,-0,0,4.13618,0,-0.729322,4.13618,110.085,-0.729309,4.19998,110.085,1.3e-05,4.19998,-0,0,-1.43649,-0,3.94671,-2.10001,-0,3.63731,3.9467,0,-1.43649,3.9467,0,-1.43649,3.9467,110.085,-1.43647,-1.43649,-0,3.94671,-1.43649,110.085,3.94672,-2.10001,110.085,3.63732,-2.10001,-0,3.63731,3.6373,0,-2.1,3.6373,0,-2.1,3.6373,110.085,-2.09999,-0.729332,-1e-06,4.13619,3.21738,0,-2.69971,-1.5e-05,-1e-06,4.2,-1.5e-05,-1e-06,4.2,-1.5e-05,110.085,4.20001,-0.729332,110.085,4.13621,-0.729332,-1e-06,4.13619,2.69969,0,-3.21739,2.69969,0,-3.21739,2.69969,110.085,-3.21737,3.21738,110.085,-2.6997,3.21738,0,-2.69971,0.729309,-1e-06,4.13619,2.09998,0,-3.63731,0.729309,-1e-06,4.13619,0.729309,110.085,4.13621,1.43647,-0,3.94671,1.43647,0,-3.94671,1.43647,0,-3.94671,1.43647,110.085,-3.9467,2.09998,110.085,-3.63729,2.09998,0,-3.63731,1.43647,-0,3.94671,1.43647,110.085,3.94672,0.729309,0,-4.13619,0.729309,0,-4.13619,0.729309,110.085,-4.13618,2.09998,-0,3.63731,-1.5e-05,0,-4.2,2.69969,-0,3.21739,2.69969,-0,3.21739,2.69969,110.085,3.2174,2.09998,110.085,3.63732,2.09998,-0,3.63731,-0.729332,0,-4.13619,-0.729332,0,-4.13619,-0.729332,110.085,-4.13618,-1.5e-05,110.085,-4.19999,-1.5e-05,0,-4.2,3.21738,-0,2.69971,-1.43649,0,-3.94671,3.6373,-0,2.1,3.6373,-0,2.1,3.6373,110.085,2.10001,3.21738,110.085,2.69972,3.21738,-0,2.69971,-2.10001,0,-3.63731,-2.10001,0,-3.63731,-2.10001,110.085,-3.63729,-1.43649,110.085,-3.9467,-1.43649,0,-3.94671,3.9467,-0,1.43649,-2.69971,0,-3.21739,3.9467,-0,1.43649,3.9467,110.085,1.4365,4.13618,-0,0.729322,-3.2174,0,-2.69971,-3.2174,0,-2.69971,-3.2174,110.085,-2.6997,-2.69971,110.085,-3.21737,-2.69971,0,-3.21739,-3.63732,0,-2.1,-3.63732,0,-2.1,-3.63732,110.085,-2.09999,-3.94672,0,-1.43649,-3.94672,0,-1.43649,-3.94672,110.085,-1.43647,-4.1362,0,-0.729322,-4.20001,-0,0,-4.20001,-0,0,-4.20001,110.085,1.3e-05,-4.1362,110.085,-0.729309,-4.1362,0,-0.729322,-4.1362,-0,0.729322,-4.1362,-0,0.729322,-4.1362,110.085,0.729335,-3.94672,-0,1.43649,-3.94672,-0,1.43649,-3.94672,110.085,1.4365,-3.63732,110.085,2.10001,-3.63732,-0,2.1,-3.2174,-0,2.69971,-3.2174,110.085,2.69972,-3.63732,-0,2.1,-2.69971,110.085,3.2174,-2.69971,-0,3.21739,-3.2174,-0,2.69971,-2.69971,-0,3.21739,4.13618,-0,0.729322,4.13618,110.085,0.729335],
    "faces":[42,0,1,2,0,0,1,2,0,0,0,43,3,4,5,6,0,3,4,5,6,1,1,2,2,42,7,8,2,0,7,8,2,3,0,0,42,9,0,2,0,9,0,2,0,0,0,43,10,11,4,3,0,10,11,4,3,4,4,1,1,43,12,13,14,15,0,12,13,14,15,5,5,6,6,42,16,9,2,0,16,9,2,0,0,0,43,17,18,11,10,0,17,18,11,10,7,7,4,4,42,19,7,2,0,19,7,2,0,3,0,42,20,16,2,0,20,16,2,0,0,0,42,21,19,2,0,21,19,2,0,0,0,43,22,23,24,25,0,22,23,24,25,8,8,9,9,42,26,20,2,0,26,20,2,0,0,0,43,27,28,29,30,0,27,28,29,30,10,10,11,11,42,31,21,2,0,31,21,2,0,0,0,42,32,26,2,0,32,26,2,0,0,0,43,33,34,23,22,0,33,34,23,22,12,12,8,8,42,35,31,2,0,35,31,2,3,0,0,42,36,32,2,0,36,32,2,3,0,0,43,37,38,39,40,0,37,38,39,40,13,13,14,14,43,41,42,34,33,0,41,42,34,33,15,15,12,12,42,43,36,2,0,43,36,2,0,3,0,43,44,45,38,37,0,44,45,38,37,16,16,13,13,42,46,35,2,0,46,35,2,0,3,0,42,47,43,2,0,47,43,2,0,0,0,42,48,46,2,0,48,46,2,0,0,0,43,49,50,51,52,0,49,50,51,52,17,17,18,18,42,53,47,2,0,53,47,2,0,0,0,43,54,55,56,57,0,54,55,56,57,19,19,20,20,42,58,48,2,0,58,48,2,0,0,0,42,59,53,2,0,59,53,2,3,0,0,42,60,58,2,0,60,58,2,0,0,0,43,61,62,63,64,0,61,62,63,64,21,21,22,22,42,65,59,2,0,65,59,2,0,3,0,43,66,67,68,69,0,66,67,68,69,23,23,24,24,42,70,60,2,0,70,60,2,0,0,0,42,71,65,2,0,71,65,2,0,0,0,43,72,73,62,61,0,72,73,62,61,25,25,21,21,42,74,70,2,0,74,70,2,0,0,0,42,75,71,2,0,75,71,2,0,0,0,43,76,77,78,79,0,76,77,78,79,26,26,27,27,42,1,74,2,0,1,74,2,0,0,0,42,80,75,2,0,80,75,2,3,0,0,43,81,82,77,76,0,81,82,77,76,28,28,26,26,43,18,17,30,29,0,18,17,30,29,7,7,11,11,42,83,80,2,0,83,80,2,3,3,0,43,84,85,82,81,0,84,85,82,81,29,29,28,28,43,28,27,40,39,0,28,27,40,39,10,10,14,14,42,86,83,2,0,86,83,2,0,3,0,43,45,44,57,56,0,45,44,57,56,16,16,20,20,43,55,54,69,68,0,55,54,69,68,19,19,24,24,42,87,86,2,0,87,86,2,0,0,0,43,88,89,90,91,0,88,89,90,91,30,30,31,31,43,67,66,79,78,0,67,66,79,78,23,23,27,27,42,92,87,2,0,92,87,2,0,0,0,43,85,84,91,90,0,85,84,91,90,29,29,31,31,43,89,88,93,94,0,93,94,95,96,30,30,32,32,42,95,92,2,0,97,92,2,3,0,0,43,96,97,94,93,0,98,99,96,95,33,33,32,32,43,98,99,100,101,0,100,101,102,103,34,34,35,35,42,102,95,2,0,104,97,2,3,3,0,43,99,98,97,96,0,101,100,99,98,34,34,33,33,43,103,104,15,14,0,105,106,15,14,36,36,6,6,42,105,102,2,0,107,104,2,0,3,0,43,13,12,25,24,0,13,12,25,24,5,5,9,9,43,42,41,52,51,0,42,41,52,51,15,15,18,18,42,106,105,2,0,108,107,2,0,0,0,43,104,103,101,100,0,106,105,103,102,36,36,35,35,43,50,49,64,63,0,50,49,64,63,17,17,22,22,42,8,106,2,0,8,108,2,0,0,0,43,73,72,107,108,0,73,72,109,110,25,25,37,37,43,108,107,6,5,0,110,109,111,112,37,37,2,2],
    "metadata":{
        "normals":38,
        "vertices":109,
        "generator":"io_three",
        "faces":72,
        "type":"Geometry",
        "version":3,
        "materials":1,
        "colors":0,
        "uvs":1
    },
    "uvs":[[0.007596,0.586824,0,0.5,0.5,0.5,-1.13037,0.61958,2.13037,0.619579,2.13037,0.63481,-1.13037,0.634811,0.67101,0.030154,0.75,0.066987,0.030154,0.67101,-1.13037,0.604349,2.13037,0.604347,1.8928,0.45522,-0.915335,0.45522,-0.915335,0.435569,1.8928,0.435569,0.066987,0.75,-1.13037,0.589116,2.13037,0.589116,0.586824,0.007596,0.116978,0.821394,0.5,0,1.8928,0.494522,-0.915335,0.494522,-0.915335,0.474871,1.8928,0.474871,0.178606,0.883022,-1.13037,0.558654,2.13037,0.558654,2.13037,0.573885,-1.13037,0.573885,0.413176,0.007596,0.25,0.933013,1.8928,0.514173,-0.915335,0.514173,0.32899,0.030154,0.32899,0.969846,-1.13037,0.528191,2.13037,0.52819,2.13037,0.543421,-1.13037,0.543422,1.8928,0.533824,-0.915335,0.533824,0.413176,0.992404,-1.13037,0.51296,2.13037,0.512959,0.25,0.066987,0.5,1,0.178606,0.116978,1.8928,0.573126,-0.915335,0.573126,-0.915335,0.553475,1.8928,0.553475,0.586824,0.992404,-1.13037,0.482497,2.13037,0.482496,2.13037,0.497727,-1.13037,0.497728,0.116978,0.178606,0.67101,0.969846,0.066987,0.25,1.8928,0.612429,-0.915335,0.612428,-0.915335,0.592777,1.8928,0.592777,0.75,0.933013,-1.13037,0.452034,2.13037,0.452033,2.13037,0.467265,-1.13037,0.467266,0.030154,0.32899,0.821394,0.883022,1.8928,0.63208,-0.915335,0.632079,0.007596,0.413176,0.883022,0.821394,-1.13037,0.421572,2.13037,0.421571,2.13037,0.436802,-1.13037,0.436803,0.933013,0.75,-1.13037,0.406341,2.13037,0.406339,0.969846,0.67101,-1.13037,0.391109,2.13037,0.391108,0.992404,0.586824,1,0.5,-1.13037,0.360647,2.13037,0.360646,2.13037,0.375877,-1.13037,0.375878,0.992404,0.413176,-0.915335,0.317663,1.8928,0.317663,1.8928,0.337314,-0.915335,0.337314,0.969846,0.32899,1.8928,0.356965,-0.915335,0.356965,-0.915335,0.376616,1.8928,0.376616,1.8928,0.396267,-0.915335,0.396267,0.933013,0.25,-0.915335,0.415918,1.8928,0.415918,0.883022,0.178606,0.821394,0.116978,1.8928,0.651731,-0.915335,0.65173,1.8928,0.671382,-0.915335,0.671381]],
    "colors":[],
    "materials":[{
        "DbgIndex":0,
        "opacity":1,
        "specularCoef":50,
        "transparent":false,
        "blending":"NormalBlending",
        "visible":true,
        "mapDiffuse":null,
        "mapDiffuseRepeat":[1,1],
        "mapDiffuseAnisotropy":1,
        "mapDiffuseWrap":["repeat","repeat"],
        "vertexColors":false,
        "wireframe":false,