{
    "metadata":{
        "materials":1,
        "vertices":72,
        "uvs":1,
        "colors":0,
        "faces":36,
        "normals":36,
        "version":3,
        "generator":"io_three",
        "type":"Geometry"
    },
    "normals":[0.707103,7.95065e-08,-0.707111,-0.258819,-1.02299e-07,0.965926,-0.573576,9.11679e-08,-0.819152,0.42262,1.01239e-07,-0.906307,0.258819,1.01769e-07,-0.965926,-0.0871565,9.89869e-08,-0.996195,-0.42262,1.01239e-07,-0.906307,-0.707103,7.95065e-08,-0.707111,-0.819151,6.46656e-08,-0.573578,0.42262,-1.01239e-07,0.906307,0.819151,6.46656e-08,-0.573578,-0.906312,5.03546e-08,-0.42261,-0.965926,3.12727e-08,-0.258819,-0.996194,1.04684e-08,-0.0871623,-0.965926,-3.12727e-08,0.258819,0.707103,-7.95065e-08,0.707111,0.573576,9.11679e-08,-0.819152,-0.906312,-4.98246e-08,0.42261,-0.996194,-1.04684e-08,0.0871623,-0.707103,-7.95065e-08,0.707111,-0.42262,-1.01239e-07,0.906307,-0.0871565,-9.89869e-08,0.996195,0.965928,-3.12728e-08,0.258809,0.0871556,-9.89859e-08,0.996195,0.258819,-1.02299e-07,0.965926,0.0871556,9.89859e-08,-0.996195,-0.819151,-6.46656e-08,0.573578,0.996195,-1.03359e-08,0.0871519,0.573576,-9.11679e-08,0.819152,0.819151,-6.46656e-08,0.573578,0.996195,1.03359e-08,-0.0871519,-0.258819,1.01769e-07,-0.965926,0.906308,-4.98244e-08,0.422619,0.965928,3.12728e-08,-0.258809,0.906308,4.98243e-08,-0.422618,-0.573576,-9.11679e-08,0.819152],
    "vertices":[2.69969,110.019,-3.21737,2.69969,129.219,-3.21737,3.21738,129.219,-2.69969,3.21738,110.019,-2.69969,-0.729332,110.019,4.13621,-0.729332,129.219,4.13621,-1.43649,129.219,3.94672,-1.43649,110.019,3.94672,-2.69971,110.019,-3.21737,-2.69971,129.219,-3.21737,-2.10001,129.219,-3.63729,-2.10001,110.019,-3.63729,1.43647,110.019,-3.9467,1.43647,129.219,-3.94669,2.09998,129.219,-3.63729,2.09998,110.019,-3.63729,0.729309,110.019,-4.13618,0.729309,129.219,-4.13618,-0.729332,110.019,-4.13618,-0.729332,129.219,-4.13618,-1.52588e-05,129.219,-4.19998,-1.52588e-05,110.019,-4.19999,-1.43649,129.219,-3.94669,-1.43649,110.019,-3.9467,-3.2174,110.019,-2.69969,-3.2174,129.219,-2.69969,-3.63732,110.019,-2.09999,-3.63732,129.219,-2.09998,2.09998,110.019,3.63732,2.09998,129.219,3.63732,1.43647,129.219,3.94672,1.43647,110.019,3.94672,3.6373,129.219,-2.09998,3.6373,110.019,-2.09999,-3.94672,110.019,-1.43647,-3.94672,129.219,-1.43647,-4.1362,110.019,-0.729309,-4.1362,129.219,-0.729307,-4.20001,110.019,1.31272e-05,-4.20001,129.219,1.5416e-05,-3.94672,110.019,1.4365,-3.94672,129.219,1.4365,-4.1362,129.219,0.729338,-4.1362,110.019,0.729335,3.21738,110.019,2.69972,3.21738,129.219,2.69972,2.69969,129.219,3.2174,2.69969,110.019,3.2174,-3.63732,110.019,2.10001,-3.63732,129.219,2.10002,-2.69971,110.019,3.2174,-2.69971,129.219,3.2174,-3.2174,129.219,2.69972,-3.2174,110.019,2.69972,-2.10001,129.219,3.63732,-2.10001,110.019,3.63732,-1.52588e-05,110.019,4.20001,-1.52588e-05,129.219,4.20002,4.13618,110.019,0.729335,4.13618,129.219,0.729338,3.9467,129.219,1.4365,3.9467,110.019,1.4365,0.729309,110.019,4.13621,0.729309,129.219,4.13621,4.19998,110.019,1.31272e-05,4.19998,129.219,1.5416e-05,3.6373,110.019,2.10001,3.6373,129.219,2.10002,4.13618,110.019,-0.729309,4.13618,129.219,-0.729307,3.9467,110.019,-1.43647,3.9467,129.219,-1.43647],
    "faces":[43,0,1,2,3,0,0,1,2,3,0,0,0,0,43,4,5,6,7,0,4,5,6,7,1,1,1,1,43,8,9,10,11,0,8,9,10,11,2,2,2,2,43,12,13,14,15,0,12,13,14,15,3,3,3,3,43,16,17,13,12,0,16,17,13,12,4,4,4,4,43,18,19,20,21,0,18,19,20,21,5,5,5,5,43,11,10,22,23,0,11,10,22,23,6,6,6,6,43,24,25,9,8,0,24,25,9,8,7,7,7,7,43,26,27,25,24,0,26,27,25,24,8,8,8,8,43,28,29,30,31,0,28,29,30,31,9,9,9,9,43,3,2,32,33,0,3,2,32,33,10,10,10,10,43,34,35,27,26,0,34,35,27,26,11,11,11,11,43,36,37,35,34,0,36,37,35,34,12,12,12,12,43,38,39,37,36,0,38,39,37,36,13,13,13,13,43,40,41,42,43,0,40,41,42,43,14,14,14,14,43,44,45,46,47,0,44,45,46,47,15,15,15,15,43,1,0,15,14,0,1,0,15,14,16,16,16,16,43,48,49,41,40,0,48,49,41,40,17,17,17,17,43,43,42,39,38,0,43,42,39,38,18,18,18,18,43,50,51,52,53,0,50,51,52,53,19,19,19,19,43,7,6,54,55,0,7,6,54,55,20,20,20,20,43,56,57,5,4,0,56,57,5,4,21,21,21,21,43,58,59,60,61,0,58,59,60,61,22,22,22,22,43,62,63,57,56,0,62,63,57,56,23,23,23,23,43,31,30,63,62,0,31,30,63,62,24,24,24,24,43,21,20,17,16,0,21,20,17,16,25,25,25,25,43,53,52,49,48,0,53,52,49,48,26,26,26,26,43,64,65,59,58,0,64,65,59,58,27,27,27,27,43,47,46,29,28,0,47,46,29,28,28,28,28,28,43,66,67,45,44,0,66,67,45,44,29,29,29,29,43,68,69,65,64,0,68,69,70,71,30,30,30,30,43,23,22,19,18,0,23,22,19,18,31,31,31,31,43,61,60,67,66,0,61,60,67,66,32,32,32,32,43,70,71,69,68,0,72,73,69,68,33,33,33,33,43,33,32,71,70,0,33,32,73,72,34,34,34,34,43,55,54,51,50,0,55,54,51,50,35,35,35,35],
    "materials":[{
        "specularCoef":50,
        "DbgColor":15658734,
        "opacity":1,
        "depthTest":true,
        "shading":"phong",
        "blending":"NormalBlending",
        "visible":true,
        "vertexColors":false,
        "DbgIndex":0,
        "colorEmissive":[0,0,0],
        "doubleSided":false,
        "depthWrite":true,
        "transparent":false,
        "DbgName":"Mat.002",
        "wireframe":false,
        "colorSpecular":[0.5,0.5,0.5]
    }],
    "uvs":[[0.138889,0.834215,0.138889,1,0.111111,1,0.111111,0.834215,0.722222,0.834215,0.722222,1,0.694444,1,0.694444,0.834215,0.361111,0.834215,0.361111,1,0.333333,1,0.333333,0.834215,0.194444,0.834215,0.194444,1,0.166667,1,0.166667,0.834215,0.222222,0.834215,0.222222,1,0.277778,0.834215,0.277778,1,0.25,1,0.25,0.834215,0.305556,1,0.305556,0.834215,0.388889,0.834215,0.388889,1,0.416667,0.834215,0.416667,1,0.833333,0.834215,0.833333,1,0.805556,1,0.805556,0.834215,0.083333,1,0.083333,0.834215,0.444444,0.834215,0.444444,1,0.472222,0.834215,0.472222,1,0.5,0.834215,0.5,1,0.555556,0.834215,0.555556,1,0.527778,1,0.527778,0.834215,0.888889,0.834215,0.888889,1,0.861111,1,0.861111,0.834215,0.583333,0.834215,0.583333,1,0.638889,0.834215,0.638889,1,0.611111,1,0.611111,0.834215,0.666667,1,0.666667,0.834215,0.75,0.834215,0.75,1,0.972222,0.834215,0.972222,1,0.944444,1,0.944444,0.834215,0.777778,0.834215,0.777778,1,1,0.834215,1,1,0.916667,0.834215,0.916667,1,0.027778,0.834215,0.027778,1,0,1,0,0.834215,0.055556,0.834215,0.055556,1]],
    "colors":[]
}