{
    "vertices":[0.445285,8.22629,0.120326,23.1891,61.3551,0.120332,23.7681,62.6309,0.120333,24.1812,63.8525,0.120333,24.3306,64.5404,0.120333,24.4105,65.1938,0.120333,24.4268,65.9118,0.120333,24.3798,66.5274,0.120333,24.2675,67.1752,0.120333,24.0789,67.8513,0.120333,23.8808,68.3745,0.120333,23.629,68.9096,0.120333,23.3708,69.3949,0.120333,22.9615,70.0046,0.120333,22.4544,70.6231,0.120334,21.8607,71.2274,0.120334,21.1918,71.7952,0.120334,20.4592,72.3036,0.120334,19.8081,72.6656,0.120334,19.1271,72.9576,0.120334,18.8478,73.0518,0.120334,18.4229,73.1664,0.120334,17.4101,73.3458,0.120334,16.4531,73.4176,0.120334,15.5527,73.395,0.120334,14.7098,73.2907,0.120334,13.9255,73.1179,0.120334,13.0287,72.8253,0.120334,12.2267,72.4712,0.120334,11.392,72.0009,0.120334,10.598,71.445,0.120334,10.0028,70.9477,0.120334,8.3204,69.3128,0.120333,6.3742,67.0864,0.120333,4.81052,64.9456,0.120333,3.32638,62.4582,0.120333,2.16682,60.0483,0.120332,1.15722,57.3604,0.120332,0.374411,54.4817,0.120332,-0.076302,51.9639,0.120331,-0.192062,50.8946,0.120331,-0.231359,50.0705,0.120331,-0.231359,8.39468,0.120326],
    "colors":[],
    "normals":[-0,-0,1,0,-0,1,-0,-0,1,-0,-0,1,-0,-0,1,0,-0,1,0,-0,1,0,-0,1,-0,-0,1,-0,-0,1,-0,-0,1,-0,-0,1,-0,-0,1,-0,-0,1,0,-0,1,-0,-0,1,0,-0,1,0,-0,1,0,-0,1,0,-0,1,-0,-0,1,-0,-0,1,-0,-0,1,0,-0,1,-0,-0,1,-0,-0,1,0,-0,1,0,-0,1,-0,-0,1,-0,-0,1,-0,-0,1,-0,-0,1,-0,-0,1,-0,-0,1,0,-0,1,-0,-0,1,-0,-0,1,0,-0,1,0,-0,1,-0,-0,1,0,-0,1],
    "uvs":[[-0.591302,0.312182,0.814522,0.312072,0.848594,0.311337,0.879866,0.31379,0.896681,0.317032,0.912057,0.321501,0.92827,0.328008,0.941586,0.33495,0.955,0.343663,0.968314,0.354352,0.978117,0.36379,0.987674,0.374542,0.996055,0.38496,1.00577,0.39995,1.01475,0.417211,1.02258,0.436273,1.02888,0.456664,1.03323,0.477915,1.0351,0.495941,1.03511,0.513964,1.03454,0.521112,1.03304,0.531711,1.02736,0.556077,1.01981,0.578166,1.01068,0.598085,1.00028,0.615937,0.988909,0.631824,0.973781,0.649076,0.958187,0.663624,0.93968,0.677791,0.91965,0.690224,0.902831,0.698777,0.850165,0.720751,0.78175,0.742965,0.718907,0.757443,0.649076,0.766825,0.584085,0.769691,0.514311,0.766542,0.442442,0.756496,0.38182,0.742476,0.356799,0.734829,0.337993,0.727821,-0.594012,0.328925]],
    "metadata":{
        "normals":41,
        "uvs":1,
        "faces":41,
        "colors":0,
        "type":"Geometry",
        "materials":1,
        "vertices":43,
        "version":3,
        "generator":"io_three"
    },
    "faces":[42,42,0,1,0,42,0,1,0,0,0,42,1,2,3,0,1,2,3,1,1,1,42,3,4,5,0,3,4,5,2,2,2,42,5,6,7,0,5,6,7,3,3,3,42,7,8,9,0,7,8,9,4,4,4,42,9,10,11,0,9,10,11,5,5,5,42,11,12,13,0,11,12,13,6,6,6,42,13,14,15,0,13,14,15,7,7,7,42,15,16,17,0,15,16,17,8,8,8,42,17,18,19,0,17,18,19,9,9,9,42,19,20,21,0,19,20,21,10,10,10,42,21,22,23,0,21,22,23,11,11,11,42,23,24,25,0,23,24,25,12,12,12,42,25,26,27,0,25,26,27,13,13,13,42,27,28,29,0,27,28,29,14,14,14,42,29,30,31,0,29,30,31,15,15,15,42,31,32,33,0,31,32,33,16,16,16,42,33,34,35,0,33,34,35,17,17,17,42,35,36,37,0,35,36,37,18,18,18,42,37,38,39,0,37,38,39,19,19,19,42,39,40,41,0,39,40,41,20,20,20,42,41,42,1,0,41,42,1,21,21,21,42,1,3,5,0,1,3,5,22,22,22,42,5,7,9,0,5,7,9,23,23,23,42,9,11,13,0,9,11,13,24,24,24,42,13,15,17,0,13,15,17,25,25,25,42,17,19,21,0,17,19,21,26,26,26,42,21,23,25,0,21,23,25,27,27,27,42,25,27,29,0,25,27,29,28,28,28,42,29,31,33,0,29,31,33,29,29,29,42,33,35,37,0,33,35,37,30,30,30,42,37,39,41,0,37,39,41,31,31,31,42,41,1,5,0,41,1,5,32,32,32,42,5,9,13,0,5,9,13,33,33,33,42,13,17,21,0,13,17,21,34,34,34,42,21,25,29,0,21,25,29,35,35,35,42,29,33,37,0,29,33,37,36,36,36,42,37,41,5,0,37,41,5,37,37,37,42,5,13,21,0,5,13,21,38,38,38,42,21,29,37,0,21,29,37,39,39,39,42,5,21,37,0,5,21,37,40,40,40],
    "materials":[{
        "depthWrite":true,
        "blending":"NormalBlending",
        "specularCoef":50,
        "doubleSided":false,
        "wireframe":false,
        "opacity":1,
        "mapDiffuseAnisotropy":1,
        "colorEmissive":[0,0,0],
        "mapDiffuseWrap":["repeat","repeat"],
        "depthTest":true,
        "transparent":false,
        "mapDiffuseRepeat":[1,1],
        "mapDiffuse":null,
        "visible":true,
        "DbgIndex":0,
        "shading":"phong",
        "colorDiffuse":[0.64,0.64,0.64],
        "vertexColors":false,
        "DbgName":"Mat_1.003",
        "colorSpecular":[0.5,0.5,0.5],
        "DbgColor":15658734
    }]
}