{
    "vertices":[-0.231359,8.39468,-0.279674,0.445285,8.22629,-0.279674,0.445285,8.22629,0.120326,-0.231359,8.39468,0.120326,23.1891,61.3551,-0.279668,23.1891,61.3551,0.120332,23.7681,62.6309,-0.279667,23.7681,62.6309,0.120333,24.1812,63.8525,-0.279667,24.1812,63.8525,0.120333,24.3306,64.5404,-0.279667,24.3306,64.5404,0.120333,24.4105,65.1938,-0.279667,24.4105,65.1938,0.120333,24.4268,65.9118,-0.279667,24.4268,65.9118,0.120333,24.3798,66.5274,-0.279667,24.3798,66.5274,0.120333,24.2675,67.1752,-0.279667,24.2675,67.1752,0.120333,24.0789,67.8513,-0.279667,24.0789,67.8513,0.120333,23.8808,68.3745,-0.279667,23.8808,68.3745,0.120333,23.629,68.9096,-0.279667,23.629,68.9096,0.120333,23.3708,69.3949,-0.279667,23.3708,69.3949,0.120333,22.9615,70.0046,-0.279667,22.9615,70.0046,0.120333,22.4544,70.6231,-0.279666,22.4544,70.6231,0.120334,21.8607,71.2274,-0.279666,21.8607,71.2274,0.120334,21.1918,71.7952,-0.279666,21.1918,71.7952,0.120334,20.4592,72.3036,-0.279666,20.4592,72.3036,0.120334,19.8081,72.6656,-0.279666,19.8081,72.6656,0.120334,19.1271,72.9576,-0.279666,19.1271,72.9576,0.120334,18.8478,73.0518,-0.279666,18.8478,73.0518,0.120334,18.4229,73.1664,-0.279666,18.4229,73.1664,0.120334,17.4101,73.3458,-0.279666,17.4101,73.3458,0.120334,16.4531,73.4176,-0.279666,16.4531,73.4176,0.120334,15.5527,73.395,-0.279666,15.5527,73.395,0.120334,14.7098,73.2907,-0.279666,14.7098,73.2907,0.120334,13.9255,73.1179,-0.279666,13.9255,73.1179,0.120334,13.0287,72.8253,-0.279666,13.0287,72.8253,0.120334,12.2267,72.4712,-0.279666,12.2267,72.4712,0.120334,11.392,72.0009,-0.279666,11.392,72.0009,0.120334,10.598,71.445,-0.279666,10.598,71.445,0.120334,10.0028,70.9477,-0.279666,10.0028,70.9477,0.120334,8.3204,69.3128,-0.279667,8.3204,69.3128,0.120333,6.3742,67.0864,-0.279667,6.3742,67.0864,0.120333,4.81052,64.9456,-0.279667,4.81052,64.9456,0.120333,3.32638,62.4582,-0.279667,3.32638,62.4582,0.120333,2.16682,60.0483,-0.279668,2.16682,60.0483,0.120332,1.15722,57.3604,-0.279668,1.15722,57.3604,0.120332,0.374411,54.4817,-0.279668,0.374411,54.4817,0.120332,-0.076302,51.9639,-0.279669,-0.076302,51.9639,0.120331,-0.192062,50.8946,-0.279669,-0.192062,50.8946,0.120331,-0.231359,50.0705,-0.279669,-0.231359,50.0705,0.120331],
    "colors":[],
    "normals":[-0.241492,-0.970403,0,0.919306,-0.393544,0,0.910633,-0.413215,0,0.947296,-0.320359,0,0.977202,-0.212313,0,0.992616,-0.121296,0,0.99974,-0.02279,0,0.997096,0.076155,0,0.9853,0.170832,0,0.963222,0.268708,0,0.935201,0.354118,0,0.904817,0.425801,0,0.88285,0.469655,0,0.830301,0.557316,0,0.773224,0.634132,0,0.713391,0.700766,0,0.647112,0.762395,0,0.570096,0.821578,0,0.485944,0.87399,0,0.394094,0.91907,0,0.319778,0.947492,0,0.260398,0.965501,0,0.174407,0.984674,0,0.07486,0.997194,0,-0.0252,0.999682,0,-0.122749,0.992438,0,-0.215156,0.97658,0,-0.310231,0.950661,0,-0.403882,0.914811,0,-0.490844,0.871248,0,-0.57354,0.819178,0,-0.641115,0.767445,0,-0.696936,0.717134,0,-0.752884,0.658153,0,-0.807536,0.589818,0,-0.858752,0.512391,0,-0.90111,0.43359,0,-0.936141,0.351625,0,-0.964959,0.262402,0,-0.984353,0.176206,0,-0.994191,0.107626,0,-0.998865,0.047632,0,-1,0,-0],
    "uvs":[[0,0,0.004715,0,0.004715,1,0,1,0.395502,0,0.395502,1,0.404975,0,0.404975,1,0.413695,0,0.413695,1,0.418455,0,0.418455,1,0.422906,0,0.422906,1,0.427763,0,0.427763,1,0.431937,0,0.431937,1,0.436383,0,0.436383,1,0.441129,0,0.441129,1,0.444912,0,0.444912,1,0.448911,0,0.448911,1,0.452628,0,0.452628,1,0.457594,0,0.457594,1,0.463002,0,0.463002,1,0.468731,0,0.468731,1,0.474663,0,0.474663,1,0.480693,0,0.480693,1,0.485731,0,0.485731,1,0.490741,0,0.490741,1,0.492734,0,0.492734,1,0.49571,0,0.49571,1,0.502664,0,0.502664,1,0.509154,0,0.509154,1,0.515245,0,0.515245,1,0.520987,0,0.520987,1,0.526418,0,0.526418,1,0.532797,0,0.532797,1,0.538725,0,0.538725,1,0.545204,0,0.545204,1,0.551757,0,0.551757,1,0.557002,0,0.557002,1,0.572865,0,0.572865,1,0.59286,0,0.59286,1,0.610787,0,0.610787,1,0.630373,0,0.630373,1,0.648456,0,0.648456,1,0.667872,0,0.667872,1,0.688044,0,0.688044,1,0.70534,0,0.70534,1,0.712613,0,0.712613,1,0.718192,0,0.718192,1,1,0,1,1]],
    "metadata":{
        "normals":43,
        "uvs":1,
        "faces":43,
        "colors":0,
        "type":"Geometry",
        "materials":1,
        "vertices":86,
        "version":3,
        "generator":"io_three"
    },
    "faces":[43,0,1,2,3,0,0,1,2,3,0,0,0,0,43,1,4,5,2,0,1,4,5,2,1,1,1,1,43,4,6,7,5,0,4,6,7,5,2,2,2,2,43,6,8,9,7,0,6,8,9,7,3,3,3,3,43,8,10,11,9,0,8,10,11,9,4,4,4,4,43,10,12,13,11,0,10,12,13,11,5,5,5,5,43,12,14,15,13,0,12,14,15,13,6,6,6,6,43,14,16,17,15,0,14,16,17,15,7,7,7,7,43,16,18,19,17,0,16,18,19,17,8,8,8,8,43,18,20,21,19,0,18,20,21,19,9,9,9,9,43,20,22,23,21,0,20,22,23,21,10,10,10,10,43,22,24,25,23,0,22,24,25,23,11,11,11,11,43,24,26,27,25,0,24,26,27,25,12,12,12,12,43,26,28,29,27,0,26,28,29,27,13,13,13,13,43,28,30,31,29,0,28,30,31,29,14,14,14,14,43,30,32,33,31,0,30,32,33,31,15,15,15,15,43,32,34,35,33,0,32,34,35,33,16,16,16,16,43,34,36,37,35,0,34,36,37,35,17,17,17,17,43,36,38,39,37,0,36,38,39,37,18,18,18,18,43,38,40,41,39,0,38,40,41,39,19,19,19,19,43,40,42,43,41,0,40,42,43,41,20,20,20,20,43,42,44,45,43,0,42,44,45,43,21,21,21,21,43,44,46,47,45,0,44,46,47,45,22,22,22,22,43,46,48,49,47,0,46,48,49,47,23,23,23,23,43,48,50,51,49,0,48,50,51,49,24,24,24,24,43,50,52,53,51,0,50,52,53,51,25,25,25,25,43,52,54,55,53,0,52,54,55,53,26,26,26,26,43,54,56,57,55,0,54,56,57,55,27,27,27,27,43,56,58,59,57,0,56,58,59,57,28,28,28,28,43,58,60,61,59,0,58,60,61,59,29,29,29,29,43,60,62,63,61,0,60,62,63,61,30,30,30,30,43,62,64,65,63,0,62,64,65,63,31,31,31,31,43,64,66,67,65,0,64,66,67,65,32,32,32,32,43,66,68,69,67,0,66,68,69,67,33,33,33,33,43,68,70,71,69,0,68,70,71,69,34,34,34,34,43,70,72,73,71,0,70,72,73,71,35,35,35,35,43,72,74,75,73,0,72,74,75,73,36,36,36,36,43,74,76,77,75,0,74,76,77,75,37,37,37,37,43,76,78,79,77,0,76,78,79,77,38,38,38,38,43,78,80,81,79,0,78,80,81,79,39,39,39,39,43,80,82,83,81,0,80,82,83,81,40,40,40,40,43,82,84,85,83,0,82,84,85,83,41,41,41,41,43,84,0,3,85,0,84,86,87,85,42,42,42,42],
    "materials":[{
        "depthWrite":true,
        "blending":"NormalBlending",
        "specularCoef":50,
        "doubleSided":false,
        "wireframe":false,
        "opacity":1,
        "mapDiffuseAnisotropy":1,
        "colorEmissive":[0,0,0],
        "mapDiffuseWrap":["repeat","repeat"],
        "depthTest":true,
        "transparent":false,
        "mapDiffuseRepeat":[1,1],
        "mapDiffuse":null,
        "visible":true,
        "DbgIndex":0,
        "shading":"phong",
        "colorDiffuse":[0.64,0.64,0.64],
        "vertexColors":false,
        "DbgName":"Mat_1.003",
        "colorSpecular":[0.5,0.5,0.5],
        "DbgColor":15658734
    }]
}