{
    "colors":[],
    "vertices":[4.1362,0,-0.729322,4.20001,0,0,1.1e-05,0,0,4.1362,0,-0.729322,4.1362,69.6992,-0.729314,4.20001,69.6992,8e-06,4.20001,0,0,-1.43647,-0,3.94671,-2.09999,-0,3.63731,3.94672,0,-1.43649,3.94672,0,-1.43649,3.94672,69.6992,-1.43648,-1.43647,-0,3.94671,-1.43647,69.6992,3.94672,-2.09999,69.6992,3.63732,-2.09999,-0,3.63731,3.63732,0,-2.1,3.63732,0,-2.1,3.63732,69.6992,-2.09999,-0.729309,-0,4.13619,3.2174,0,-2.69971,1.1e-05,-1e-06,4.2,1.1e-05,-1e-06,4.2,1.1e-05,69.6992,4.20001,-0.729309,69.6992,4.1362,-0.729309,-0,4.13619,2.69972,0,-3.21739,2.69972,0,-3.21739,2.69972,69.6992,-3.21738,3.2174,69.6992,-2.6997,3.2174,0,-2.69971,0.729332,-0,4.13619,2.10001,0,-3.63731,0.729332,-0,4.13619,0.729332,69.6992,4.1362,1.43649,-0,3.94671,1.43649,0,-3.94671,1.43649,0,-3.94671,1.43649,69.6992,-3.9467,2.10001,69.6992,-3.6373,2.10001,0,-3.63731,1.43649,-0,3.94671,1.43649,69.6992,3.94672,0.729332,0,-4.13619,0.729332,0,-4.13619,0.729332,69.6992,-4.13618,2.10001,-0,3.63731,1.1e-05,1e-06,-4.2,2.69972,-0,3.21739,2.69972,-0,3.21739,2.69972,69.6992,3.21739,2.10001,69.6992,3.63732,2.10001,-0,3.63731,-0.729309,0,-4.13619,-0.729309,0,-4.13619,-0.729309,69.6992,-4.13618,1.1e-05,69.6992,-4.19999,1.1e-05,1e-06,-4.2,3.2174,-0,2.69971,-1.43647,0,-3.94671,3.63732,-0,2.1,3.63732,-0,2.1,3.63732,69.6992,2.10001,3.2174,69.6992,2.69972,3.2174,-0,2.69971,-2.09999,0,-3.63731,-2.09999,0,-3.63731,-2.09999,69.6992,-3.6373,-1.43647,69.6992,-3.9467,-1.43647,0,-3.94671,3.94672,-0,1.43649,-2.6997,0,-3.21739,3.94672,-0,1.43649,3.94672,69.6992,1.43649,4.1362,-0,0.729322,-3.21738,0,-2.69971,-3.21738,0,-2.69971,-3.21738,69.6992,-2.6997,-2.6997,69.6992,-3.21738,-2.6997,0,-3.21739,-3.6373,0,-2.1,-3.6373,0,-2.1,-3.6373,69.6992,-2.09999,-3.9467,0,-1.43649,-3.9467,0,-1.43649,-3.9467,69.6992,-1.43648,-4.13618,0,-0.729322,-4.19999,0,0,-4.19999,0,0,-4.19999,69.6992,8e-06,-4.13618,69.6992,-0.729314,-4.13618,0,-0.729322,-4.13618,-0,0.729322,-4.13618,-0,0.729322,-4.13618,69.6992,0.729331,-3.9467,-0,1.43649,-3.9467,-0,1.43649,-3.9467,69.6992,1.43649,-3.6373,69.6992,2.10001,-3.6373,-0,2.1,-3.21738,-0,2.69971,-3.21738,69.6992,2.69972,-3.6373,-0,2.1,-2.6997,69.6992,3.21739,-2.6997,-0,3.21739,-3.21738,-0,2.69971,-2.6997,-0,3.21739,4.1362,-0,0.729322,4.1362,69.6992,0.729331],
    "uvs":[[0.007596,0.586824,0,0.5,0.5,0.5,0.027778,0,0.027778,0.834215,0,0.834215,0,0,0.67101,0.030154,0.75,0.066987,0.030154,0.67101,-0.877499,0.652952,1.91944,0.652952,1.91944,0.660555,-0.877499,0.660555,2.19362,0.4162,-1.21095,0.4162,-1.21095,0.383789,2.19362,0.383789,0.066987,0.75,-0.877499,0.640536,1.91944,0.640536,0.586824,0.007596,0.116978,0.821394,0.5,0,2.19362,0.486367,-1.21095,0.486367,-1.21095,0.450742,2.19362,0.450742,0.178606,0.883022,-0.877499,0.602911,1.91944,0.602911,1.91944,0.623685,-0.877499,0.623685,0.413176,0.007596,0.25,0.933013,2.19362,0.521992,-1.21095,0.521992,0.32899,0.030154,0.32899,0.969846,-0.877499,0.55222,1.91944,0.55222,1.91944,0.578846,-0.877499,0.578846,2.19362,0.556535,-1.21095,0.556535,0.413176,0.992404,-0.877499,0.523842,1.91944,0.523842,0.25,0.066987,0.5,1,0.178606,0.116978,2.19362,0.618239,-1.21095,0.618239,-1.21095,0.588945,2.19362,0.588945,0.586824,0.992404,-0.877499,0.465309,1.91944,0.465309,1.91944,0.494576,-0.877499,0.494576,0.116978,0.178606,0.67101,0.969846,0.066987,0.25,2.19362,0.664037,-1.21095,0.664037,-1.21095,0.643526,2.19362,0.643526,0.75,0.933013,-0.877499,0.410306,1.91944,0.410306,1.91944,0.436931,-0.877499,0.436931,0.030154,0.32899,0.821394,0.883022,2.19362,0.679151,-1.21095,0.679151,0.007596,0.413176,0.883022,0.821394,-0.877499,0.365466,1.91944,0.365466,1.91944,0.38624,-0.877499,0.38624,0.933013,0.75,-0.877499,0.348615,1.91944,0.348615,0.969846,0.67101,-0.877499,0.336199,1.91944,0.336199,0.992404,0.586824,1,0.5,0.5,0.834215,0.472222,0.834215,0.472222,0,0.992404,0.413176,0.444444,0.834215,0.444444,0,0.527778,0,0.527778,0.834215,0.969846,0.32899,0.555556,0,0.555556,0.834215,-1.21095,0.308697,2.19362,0.308697,2.19362,0.329208,-1.21095,0.329208,0.933013,0.25,-1.21095,0.293583,2.19362,0.293583,-1.21095,0.354496,2.19362,0.354496,0.883022,0.178606,0.821394,0.116978,2.19362,0.688406,-1.21095,0.688406,0.972222,0.834215,0.972222,0,1,0,1,0.834215]],
    "faces":[42,0,1,2,0,0,1,2,0,0,0,43,3,4,5,6,0,3,4,5,6,1,1,2,2,42,7,8,2,0,7,8,2,0,0,0,42,9,0,2,0,9,0,2,0,0,0,43,10,11,4,3,0,10,11,12,13,3,3,1,1,43,12,13,14,15,0,14,15,16,17,4,4,5,5,42,16,9,2,0,18,9,2,0,0,0,43,17,18,11,10,0,19,20,11,10,6,6,3,3,42,19,7,2,0,21,7,2,0,0,0,42,20,16,2,0,22,18,2,0,0,0,42,21,19,2,0,23,21,2,0,0,0,43,22,23,24,25,0,24,25,26,27,7,7,8,8,42,26,20,2,0,28,22,2,0,0,0,43,27,28,29,30,0,29,30,31,32,9,9,10,10,42,31,21,2,0,33,23,2,0,0,0,42,32,26,2,0,34,28,2,0,0,0,43,33,34,23,22,0,35,36,25,24,11,11,7,7,42,35,31,2,0,37,33,2,0,0,0,42,36,32,2,0,38,34,2,0,0,0,43,37,38,39,40,0,39,40,41,42,12,12,13,13,43,41,42,34,33,0,43,44,36,35,14,14,11,11,42,43,36,2,0,45,38,2,0,0,0,43,44,45,38,37,0,46,47,40,39,15,15,12,12,42,46,35,2,0,48,37,2,0,0,0,42,47,43,2,0,49,45,2,0,0,0,42,48,46,2,0,50,48,2,0,0,0,43,49,50,51,52,0,51,52,53,54,16,16,17,17,42,53,47,2,0,55,49,2,0,0,0,43,54,55,56,57,0,56,57,58,59,18,18,19,19,42,58,48,2,0,60,50,2,0,0,0,42,59,53,2,0,61,55,2,0,0,0,42,60,58,2,0,62,60,2,0,0,0,43,61,62,63,64,0,63,64,65,66,20,20,21,21,42,65,59,2,0,67,61,2,0,0,0,43,66,67,68,69,0,68,69,70,71,22,22,23,23,42,70,60,2,0,72,62,2,0,0,0,42,71,65,2,0,73,67,2,0,0,0,43,72,73,62,61,0,74,75,64,63,24,24,20,20,42,74,70,2,0,76,72,2,25,0,0,42,75,71,2,0,77,73,2,0,0,0,43,76,77,78,79,0,78,79,80,81,26,26,27,27,42,1,74,2,0,1,76,2,0,25,0,42,80,75,2,0,82,77,2,0,0,0,43,81,82,77,76,0,83,84,79,78,28,28,26,26,43,18,17,30,29,0,20,19,32,31,6,6,10,10,42,83,80,2,0,85,82,2,0,0,0,43,84,85,82,81,0,86,87,84,83,29,29,28,28,43,28,27,40,39,0,30,29,42,41,9,9,13,13,42,86,83,2,0,88,85,2,0,0,0,43,45,44,57,56,0,47,46,59,58,15,15,19,19,43,55,54,69,68,0,57,56,71,70,18,18,23,23,42,87,86,2,0,89,88,2,0,0,0,43,88,89,90,91,0,23,90,91,92,30,30,31,31,43,67,66,79,78,0,69,68,81,80,22,22,27,27,42,92,87,2,0,93,89,2,25,0,0,43,85,84,91,90,0,94,95,92,91,29,29,31,31,43,89,88,93,94,0,90,23,96,97,30,30,32,32,42,95,92,2,0,98,93,2,0,25,0,43,96,97,94,93,0,99,100,97,96,33,33,32,32,43,98,99,100,101,0,101,102,103,104,34,34,35,35,42,102,95,2,0,105,98,2,0,0,0,43,99,98,97,96,0,102,101,106,107,34,34,33,33,43,103,104,15,14,0,108,109,17,16,36,36,5,5,42,105,102,2,0,110,105,2,0,0,0,43,13,12,25,24,0,15,14,27,26,4,4,8,8,43,42,41,52,51,0,44,43,54,53,14,14,17,17,42,106,105,2,0,111,110,2,0,0,0,43,104,103,101,100,0,109,108,104,103,36,36,35,35,43,50,49,64,63,0,52,51,66,65,16,16,21,21,42,8,106,2,0,8,111,2,0,0,0,43,73,72,107,108,0,75,74,112,113,24,24,37,37,43,108,107,6,5,0,114,115,116,117,37,37,2,2],
    "metadata":{
        "type":"Geometry",
        "version":3,
        "generator":"io_three",
        "materials":1,
        "faces":72,
        "colors":0,
        "vertices":109,
        "uvs":1,
        "normals":38
    },
    "materials":[{
        "DbgIndex":0,
        "mapDiffuseRepeat":[1,1],
        "transparent":false,
        "depthWrite":true,
        "blending":"NormalBlending",
        "DbgColor":15658734,
        "mapDiffuseWrap":["repeat","repeat"],
        "colorSpecular":[0.5,0.5,0.5],
        "visible":true,
        "depthTest":true,
        "wireframe":false,
        "opacity":1,
        "mapDiffuseAnisotropy":1,
        "DbgName":"Mat_1",
        "mapDiffuse":null,
        "shading":"phong",
        "vertexColors":false,
        "doubleSided":false,
        "colorDiffuse":[0.64,0.64,0.64],
        "colorEmissive":[0,0,0],
        "specularCoef":50
    }],