{
    "metadata":{
        "materials":1,
        "vertices":109,
        "uvs":1,
        "colors":0,
        "faces":72,
        "normals":38,
        "version":3,
        "generator":"io_three",
        "type":"Geometry"
    },
    "normals":[0,-1,0,0.984802,0,-0.17362,1,0,0,0.939665,0,-0.34199,-0.34199,0,0.939665,-0.499985,0,0.866024,0.866024,0,-0.499985,0,0,1,-0.17362,0,0.984802,0.642781,0,-0.766015,0.766015,0,-0.642781,0.17362,0,0.984802,0.34199,0,-0.939665,0.499985,0,-0.866024,0.34199,0,0.939665,0.17362,0,-0.984802,0.642781,0,0.766015,0.499985,0,0.866024,-0.17362,0,-0.984802,0,0,-1,0.866024,0,0.499985,0.766015,0,0.642781,-0.499985,0,-0.866024,-0.34199,0,-0.939665,0.939665,0,0.34199,0,-0.999969,0,-0.766015,0,-0.642781,-0.642781,0,-0.766015,-0.866024,0,-0.499985,-0.939665,0,-0.34199,-1,0,0,-0.984802,0,-0.17362,-0.984802,0,0.17362,-0.939665,0,0.34199,-0.866024,0,0.499985,-0.766015,0,0.642781,-0.642781,0,0.766015,0.984802,0,0.17362],
    "vertices":[4.1362,8.73296e-08,-0.729322,4.20001,1.30944e-15,2.99566e-08,1.14441e-05,1.30944e-15,2.99566e-08,4.1362,8.73296e-08,-0.729322,4.1362,69.6992,-0.729314,4.20001,69.6992,8.33875e-06,4.20001,1.30944e-15,2.99566e-08,-1.43647,-4.68234e-07,3.94671,-2.09999,-4.37055e-07,3.63731,3.94672,1.75628e-07,-1.43648,3.94672,1.75628e-07,-1.43648,3.94672,69.6992,-1.43648,-1.43647,-4.68234e-07,3.94671,-1.43647,69.6992,3.94672,-2.09999,69.6992,3.63731,-2.09999,-4.37055e-07,3.63731,3.63732,2.50933e-07,-2.1,3.63732,2.50933e-07,-2.1,3.63732,69.6992,-2.09999,-0.729309,-4.89754e-07,4.13619,3.2174,3.29027e-07,-2.69971,1.14441e-05,-5.01866e-07,4.2,1.14441e-05,-5.01866e-07,4.2,1.14441e-05,69.6992,4.20001,-0.729309,69.6992,4.1362,-0.729309,-4.89754e-07,4.13619,2.69972,3.80904e-07,-3.21739,2.69972,3.80904e-07,-3.21739,2.69972,69.6992,-3.21738,3.2174,69.6992,-2.6997,3.2174,3.29027e-07,-2.69971,0.729332,-4.89754e-07,4.13619,2.10001,4.37055e-07,-3.63731,0.729332,-4.89754e-07,4.13619,0.729332,69.6992,4.1362,1.43649,-4.68234e-07,3.94671,1.43649,4.68234e-07,-3.94671,1.43649,4.68234e-07,-3.94671,1.43649,69.6992,-3.9467,2.10001,69.6992,-3.6373,2.10001,4.37055e-07,-3.63731,1.43649,-4.68234e-07,3.94671,1.43649,69.6992,3.94672,0.729332,4.89754e-07,-4.13619,0.729332,4.89754e-07,-4.13619,0.729332,69.6992,-4.13618,2.10001,-4.37055e-07,3.63731,1.14441e-05,5.01866e-07,-4.2,2.69972,-3.80904e-07,3.21739,2.69972,-3.80904e-07,3.21739,2.69972,69.6992,3.21739,2.10001,69.6992,3.63731,2.10001,-4.37055e-07,3.63731,-0.729309,4.89754e-07,-4.13619,-0.729309,4.89754e-07,-4.13619,-0.729309,69.6992,-4.13618,1.14441e-05,69.6992,-4.19999,1.14441e-05,5.01866e-07,-4.2,3.2174,-3.29027e-07,2.69971,-1.43647,4.68234e-07,-3.94671,3.63732,-2.50933e-07,2.1,3.63732,-2.50933e-07,2.1,3.63732,69.6992,2.10001,3.2174,69.6992,2.69972,3.2174,-3.29027e-07,2.69971,-2.09999,4.37055e-07,-3.63731,-2.09999,4.37055e-07,-3.63731,-2.09999,69.6992,-3.6373,-1.43647,69.6992,-3.9467,-1.43647,4.68234e-07,-3.94671,3.94672,-1.75628e-07,1.43648,-2.6997,3.80904e-07,-3.21739,3.94672,-1.75628e-07,1.43648,3.94672,69.6992,1.43649,4.1362,-8.73296e-08,0.729322,-3.21738,3.29027e-07,-2.69971,-3.21738,3.29027e-07,-2.69971,-3.21738,69.6992,-2.6997,-2.6997,69.6992,-3.21738,-2.6997,3.80904e-07,-3.21739,-3.6373,2.50933e-07,-2.1,-3.6373,2.50933e-07,-2.1,-3.6373,69.6992,-2.09999,-3.9467,1.75628e-07,-1.43648,-3.9467,1.75628e-07,-1.43648,-3.9467,69.6992,-1.43648,-4.13618,8.73296e-08,-0.729322,-4.19999,1.30944e-15,2.99566e-08,-4.19999,1.30944e-15,2.99566e-08,-4.19999,69.6992,8.33875e-06,-4.13618,69.6992,-0.729314,-4.13618,8.73296e-08,-0.729322,-4.13618,-8.73296e-08,0.729322,-4.13618,-8.73296e-08,0.729322,-4.13618,69.6992,0.729331,-3.9467,-1.75628e-07,1.43648,-3.9467,-1.75628e-07,1.43648,-3.9467,69.6992,1.43649,-3.6373,69.6992,2.10001,-3.6373,-2.50933e-07,2.1,-3.21738,-3.29027e-07,2.69971,-3.21738,69.6992,2.69972,-3.6373,-2.50933e-07,2.1,-2.6997,69.6992,3.21739,-2.6997,-3.80904e-07,3.21739,-3.21738,-3.29027e-07,2.69971,-2.6997,-3.80904e-07,3.21739,4.1362,-8.73296e-08,0.729322,4.1362,69.6992,0.729331],
    "faces":[42,0,1,2,0,0,1,2,0,0,0,43,3,4,5,6,0,3,4,5,6,1,1,2,2,42,7,8,2,0,7,8,2,0,0,0,42,9,0,2,0,9,0,2,0,0,0,43,10,11,4,3,0,10,11,4,3,3,3,1,1,43,12,13,14,15,0,12,13,14,15,4,4,5,5,42,16,9,2,0,16,9,2,0,0,0,43,17,18,11,10,0,17,18,11,10,6,6,3,3,42,19,7,2,0,19,7,2,0,0,0,42,20,16,2,0,20,16,2,0,0,0,42,21,19,2,0,21,19,2,0,0,0,43,22,23,24,25,0,22,23,24,25,7,7,8,8,42,26,20,2,0,26,20,2,0,0,0,43,27,28,29,30,0,27,28,29,30,9,9,10,10,42,31,21,2,0,31,21,2,0,0,0,42,32,26,2,0,32,26,2,0,0,0,43,33,34,23,22,0,33,34,23,22,11,11,7,7,42,35,31,2,0,35,31,2,0,0,0,42,36,32,2,0,36,32,2,0,0,0,43,37,38,39,40,0,37,38,39,40,12,12,13,13,43,41,42,34,33,0,41,42,34,33,14,14,11,11,42,43,36,2,0,43,36,2,0,0,0,43,44,45,38,37,0,44,45,38,37,15,15,12,12,42,46,35,2,0,46,35,2,0,0,0,42,47,43,2,0,47,43,2,0,0,0,42,48,46,2,0,48,46,2,0,0,0,43,49,50,51,52,0,49,50,51,52,16,16,17,17,42,53,47,2,0,53,47,2,0,0,0,43,54,55,56,57,0,54,55,56,57,18,18,19,19,42,58,48,2,0,58,48,2,0,0,0,42,59,53,2,0,59,53,2,0,0,0,42,60,58,2,0,60,58,2,0,0,0,43,61,62,63,64,0,61,62,63,64,20,20,21,21,42,65,59,2,0,65,59,2,0,0,0,43,66,67,68,69,0,66,67,68,69,22,22,23,23,42,70,60,2,0,70,60,2,0,0,0,42,71,65,2,0,71,65,2,0,0,0,43,72,73,62,61,0,72,73,62,61,24,24,20,20,42,74,70,2,0,74,70,2,25,0,0,42,75,71,2,0,75,71,2,0,0,0,43,76,77,78,79,0,76,77,78,79,26,26,27,27,42,1,74,2,0,1,74,2,0,25,0,42,80,75,2,0,80,75,2,0,0,0,43,81,82,77,76,0,81,82,77,76,28,28,26,26,43,18,17,30,29,0,18,17,30,29,6,6,10,10,42,83,80,2,0,83,80,2,0,0,0,43,84,85,82,81,0,84,85,82,81,29,29,28,28,43,28,27,40,39,0,28,27,40,39,9,9,13,13,42,86,83,2,0,86,83,2,0,0,0,43,45,44,57,56,0,45,44,57,56,15,15,19,19,43,55,54,69,68,0,55,54,69,68,18,18,23,23,42,87,86,2,0,87,86,2,0,0,0,43,88,89,90,91,0,21,88,89,90,30,30,31,31,43,67,66,79,78,0,67,66,79,78,22,22,27,27,42,92,87,2,0,91,87,2,25,0,0,43,85,84,91,90,0,85,84,90,89,29,29,31,31,43,89,88,93,94,0,88,21,92,93,30,30,32,32,42,95,92,2,0,94,91,2,0,25,0,43,96,97,94,93,0,95,96,93,92,33,33,32,32,43,98,99,100,101,0,97,98,99,100,34,34,35,35,42,102,95,2,0,101,94,2,0,0,0,43,99,98,97,96,0,98,97,96,95,34,34,33,33,43,103,104,15,14,0,102,103,15,14,36,36,5,5,42,105,102,2,0,104,101,2,0,0,0,43,13,12,25,24,0,13,12,25,24,4,4,8,8,43,42,41,52,51,0,42,41,52,51,14,14,17,17,42,106,105,2,0,105,104,2,0,0,0,43,104,103,101,100,0,103,102,100,99,36,36,35,35,43,50,49,64,63,0,50,49,64,63,16,16,21,21,42,8,106,2,0,8,105,2,0,0,0,43,73,72,107,108,0,73,72,106,107,24,24,37,37,43,108,107,6,5,0,107,106,108,109,37,37,2,2],
    "materials":[{
        "specularCoef":50,
        "DbgColor":15658734,
        "opacity":1,
        "depthTest":true,
        "shading":"phong",
        "blending":"NormalBlending",
        "visible":true,
        "vertexColors":false,
        "DbgIndex":0,
        "colorEmissive":[0,0,0],
        "doubleSided":false,
        "depthWrite":true,
        "transparent":false,
        "DbgName":"Mat_1",
        "wireframe":false,
        "colorSpecular":[0.5,0.5,0.5]
    }],