{
    "materials":[{
        "vertexColors":false,
        "visible":true,
        "depthWrite":true,
        "specularCoef":50,
        "transparent":false,
        "DbgName":"Mat_1.002",
        "colorEmissive":[0,0,0],
        "shading":"phong",
        "mapDiffuseWrap":["repeat","repeat"],
        "DbgIndex":0,
        "doubleSided":false,
        "mapDiffuseRepeat":[1,1],
        "colorSpecular":[0.5,0.5,0.5],
        "wireframe":false,
        "mapDiffuseAnisotropy":1,
        "mapDiffuse":null,
        "colorDiffuse":[0.64,0.64,0.64],
        "DbgColor":15658734,
        "blending":"NormalBlending",
        "opacity":1,
        "depthTest":true
    }],
    "faces":[42,34,0,1,0,34,0,1,0,0,0,42,1,2,3,0,1,2,3,1,1,1,42,3,4,5,0,3,4,5,2,2,2,42,5,6,7,0,5,6,7,3,3,3,42,7,8,9,0,7,8,9,4,4,4,42,9,10,11,0,9,10,11,5,5,5,42,11,12,13,0,11,12,13,6,6,6,42,13,14,15,0,13,14,15,7,7,7,42,15,16,17,0,15,16,17,8,8,8,42,17,18,19,0,17,18,19,9,9,9,42,19,20,21,0,19,20,21,10,10,10,42,21,22,23,0,21,22,23,11,11,11,42,23,24,25,0,23,24,25,12,12,12,42,25,26,27,0,25,26,27,13,13,13,42,27,28,29,0,27,28,29,14,14,14,42,29,30,31,0,29,30,31,15,15,15,42,31,32,33,0,31,32,33,16,16,16,42,33,34,1,0,33,34,1,17,17,17,42,1,3,5,0,1,3,5,18,18,18,42,5,7,9,0,5,7,9,19,19,19,42,9,11,13,0,9,11,13,20,20,20,42,13,15,17,0,13,15,17,21,21,21,42,17,19,21,0,17,19,21,22,22,22,42,21,23,25,0,21,23,25,23,23,23,42,25,27,29,0,25,27,29,24,24,24,42,29,31,33,0,29,31,33,25,25,25,42,33,1,5,0,33,1,5,26,26,26,42,5,9,13,0,5,9,13,27,27,27,42,13,17,21,0,13,17,21,28,28,28,42,21,25,29,0,21,25,29,29,29,29,42,29,33,5,0,29,33,5,30,30,30,42,5,13,21,0,5,13,21,31,31,31,42,5,21,29,0,5,21,29,32,32,32],
    "colors":[],
    "normals":[0,-0,1,0,-0,1,-0,-0,1,0,-0,1,-0,-0,1,0,-0,1,-0,-0,1,0,-0,1,-0,-0,1,0,-0,1,-0,-0,1,0,-0,1,-0,-0,1,-0,-0,1,0,-0,1,0,-0,1,0,-0,1,-0,-0,1,-0,-0,1,-0,-0,1,0,-0,1,0,-0,1,-0,-0,1,0,-0,1,-0,-0,1,0,-0,1,0,-0,1,0,-0,1,-0,-0,1,0,-0,1,0,-0,1,-0,-0,1,-0,-0,1],
    "uvs":[[-0.171019,0.60436,-0.168767,0.555728,-0.163513,0.518626,-0.156677,0.489701,-0.148638,0.466025,-0.140446,0.447957,-0.130619,0.430818,-0.122978,0.4197,-0.112603,0.407018,-0.102218,0.396584,-0.092047,0.388177,-0.082307,0.381582,-0.07322,0.376578,-0.06312,0.372227,-0.054818,0.369595,-0.047837,0.368104,-0.04475,0.367731,1.16979,0.367731,1.16524,0.413278,1.15704,0.458308,1.14909,0.485516,1.14021,0.507644,1.1314,0.524683,1.12086,0.540898,1.10845,0.556071,1.09779,0.566637,1.0859,0.576403,1.06986,0.587339,1.05373,0.596538,1.02993,0.607411,1.00739,0.615221,0.980795,0.621748,0.956053,0.625345,0.944185,0.626068,-0.170368,0.626068]],
    "vertices":[1.16535,8.35949,0.201755,4.17916,8.49911,0.201755,6.47845,8.82465,0.201755,8.27097,9.24834,0.201755,9.73822,9.74646,0.201755,10.8579,10.2541,0.201755,11.9201,10.8631,0.201755,12.6091,11.3367,0.201755,13.395,11.9797,0.201755,14.0417,12.6232,0.201755,14.5626,13.2536,0.201755,14.9714,13.8572,0.201755,15.2815,14.4202,0.201755,15.5511,15.0462,0.201755,15.7142,15.5607,0.201755,15.8066,15.9933,0.201755,15.8297,16.1847,0.201755,15.8297,91.4523,0.201764,13.0071,91.1703,0.201764,10.2165,90.6619,0.201764,8.53035,90.1693,0.201764,7.15905,89.6193,0.201764,6.10307,89.0728,0.201764,5.09819,88.4201,0.201764,4.15787,87.6505,0.201764,3.50311,86.9901,0.201764,2.89792,86.2535,0.201764,2.22022,85.2595,0.201764,1.6501,84.2599,0.201764,0.976294,82.7849,0.201763,0.492245,81.3877,0.201763,0.087785,79.7397,0.201763,-0.135165,78.2064,0.201763,-0.179958,77.471,0.201763,-0.179958,8.3999,0.201755],
    "metadata":{
        "colors":0,
        "generator":"io_three",
        "vertices":35,
        "materials":1,
        "faces":33,
        "version":3,
        "uvs":1,
        "normals":33,
        "type":"Geometry"
    }
}