{
    "materials":[{
        "vertexColors":false,
        "visible":true,
        "depthWrite":true,
        "specularCoef":50,
        "transparent":false,
        "DbgName":"Mat_1.002",
        "colorEmissive":[0,0,0],
        "shading":"phong",
        "mapDiffuseWrap":["repeat","repeat"],
        "DbgIndex":0,
        "doubleSided":false,
        "mapDiffuseRepeat":[1,1],
        "colorSpecular":[0.5,0.5,0.5],
        "wireframe":false,
        "mapDiffuseAnisotropy":1,
        "mapDiffuse":null,
        "colorDiffuse":[0.64,0.64,0.64],
        "DbgColor":15658734,
        "blending":"NormalBlending",
        "opacity":1,
        "depthTest":true
    }],
    "faces":[43,0,1,2,3,0,0,1,2,3,0,0,0,0,43,1,0,4,5,0,1,0,4,5,1,1,1,1,43,6,7,5,4,0,6,7,5,4,2,2,2,2,43,8,9,7,6,0,8,9,7,6,3,3,3,3,43,10,11,9,8,0,10,11,9,8,4,4,4,4,43,12,13,11,10,0,12,13,11,10,5,5,5,5,43,14,15,13,12,0,14,15,13,12,6,6,6,6,43,16,17,15,14,0,16,17,15,14,7,7,7,7,43,18,19,17,16,0,18,19,17,16,8,8,8,8,43,20,21,19,18,0,20,21,19,18,9,9,9,9,43,22,23,21,20,0,22,23,21,20,10,10,10,10,43,24,25,23,22,0,24,25,23,22,11,11,11,11,43,26,27,25,24,0,26,27,25,24,12,12,12,12,43,28,29,27,26,0,28,29,27,26,13,13,13,13,43,30,31,29,28,0,30,31,29,28,14,14,14,14,43,32,33,31,30,0,32,33,31,30,15,15,15,15,43,34,35,33,32,0,34,35,33,32,16,16,16,16,43,36,37,35,34,0,36,37,35,34,17,17,17,17,43,38,39,37,36,0,38,39,37,36,18,18,18,18,43,40,41,39,38,0,40,41,39,38,19,19,19,19,43,42,43,41,40,0,42,43,41,40,20,20,20,20,43,44,45,43,42,0,44,45,43,42,21,21,21,21,43,46,47,45,44,0,46,47,45,44,22,22,22,22,43,48,49,47,46,0,48,49,47,46,23,23,23,23,43,50,51,49,48,0,50,51,49,48,24,24,24,24,43,52,53,51,50,0,52,53,51,50,25,25,25,25,43,54,55,53,52,0,54,55,53,52,26,26,26,26,43,56,57,55,54,0,56,57,55,54,27,27,27,27,43,58,59,57,56,0,58,59,57,56,28,28,28,28,43,60,61,59,58,0,60,61,59,58,29,29,29,29,43,62,63,61,60,0,62,63,61,60,30,30,30,30,43,64,65,63,62,0,64,65,63,62,31,31,31,31,43,66,67,65,64,0,66,67,65,64,32,32,32,32,43,68,69,67,66,0,68,69,67,66,33,33,33,33,43,3,2,69,68,0,70,71,69,68,34,34,34,34],
    "colors":[],
    "normals":[-1,0,0,-0.99815,0.060797,0,-0.989594,0.14389,0,-0.971178,0.238354,0,-0.944901,0.327355,0,-0.909583,0.415522,0,-0.868661,0.495407,0,-0.82623,0.563332,0,-0.772689,0.634785,0,-0.710106,0.704095,0,-0.63336,0.773857,0,-0.544699,0.838632,0,-0.459611,0.88812,0,-0.372284,0.928119,0,-0.280397,0.959884,0,-0.17924,0.983805,0,-0.099429,0.995045,0,1,0,0,0.992778,-0.119969,0,0.977936,-0.208903,0,0.953244,-0.302202,0,0.91844,-0.395559,0,0.875925,-0.482447,0,0.827994,-0.560737,0,0.770865,-0.636998,0,0.705394,-0.708815,0,0.633201,-0.773987,0,0.566471,-0.824082,0,0.497374,-0.867536,0,0.412935,-0.910761,0,0.321477,-0.946917,0,0.230022,-0.973185,0,0.140185,-0.990125,0,0.04628,-0.998929,0,-0.030028,-0.999549,0],
    "uvs":[[0.368361,1,0.368361,0,0,0,0,1,0.37229,1,0.37229,0,0.380554,1,0.380554,0,0.389603,1,0.389603,0,0.397489,1,0.397489,0,0.406137,1,0.406137,0,0.412275,1,0.412275,0,0.418691,1,0.418691,0,0.423775,1,0.423775,0,0.428734,1,0.428734,0,0.435215,1,0.435215,0,0.441605,1,0.441605,0,0.447946,1,0.447946,0,0.455826,1,0.455826,0,0.465194,1,0.465194,0,0.480321,1,0.480321,0,0.495449,1,0.495449,0,0.896858,1,0.896858,0,0.897886,1,0.897886,0,0.900245,1,0.900245,0,0.903123,1,0.903123,0,0.906758,1,0.906758,0,0.910186,1,0.910186,0,0.914074,1,0.914074,0,0.918435,1,0.918435,0,0.9233,1,0.9233,0,0.928716,1,0.928716,0,0.933174,1,0.933174,0,0.939704,1,0.939704,0,0.946261,1,0.946261,0,0.954524,1,0.954524,0,0.964347,1,0.964347,0,0.976732,1,0.976732,0,0.992822,1,0.992822,0,1,1,1,0]],
    "vertices":[-0.179958,77.471,0.201763,-0.179958,77.471,-0.198237,-0.179958,8.3999,-0.198245,-0.179958,8.3999,0.201755,-0.135165,78.2064,0.201763,-0.135165,78.2064,-0.198237,0.087785,79.7397,0.201763,0.087785,79.7397,-0.198237,0.492245,81.3877,0.201763,0.492245,81.3877,-0.198237,0.976294,82.7849,0.201763,0.976294,82.7849,-0.198237,1.6501,84.2599,0.201764,1.6501,84.2599,-0.198236,2.22022,85.2595,0.201764,2.22022,85.2595,-0.198236,2.89792,86.2535,0.201764,2.89792,86.2535,-0.198236,3.50311,86.9901,0.201764,3.50311,86.9901,-0.198236,4.15787,87.6505,0.201764,4.15787,87.6505,-0.198236,5.09819,88.4201,0.201764,5.09819,88.4201,-0.198236,6.10307,89.0728,0.201764,6.10307,89.0728,-0.198236,7.15905,89.6193,0.201764,7.15905,89.6193,-0.198236,8.53035,90.1693,0.201764,8.53035,90.1693,-0.198236,10.2165,90.6619,0.201764,10.2165,90.6619,-0.198236,13.0071,91.1703,0.201764,13.0071,91.1703,-0.198236,15.8297,91.4523,0.201764,15.8297,91.4523,-0.198236,15.8297,16.1847,0.201755,15.8297,16.1847,-0.198244,15.8066,15.9933,0.201755,15.8066,15.9933,-0.198245,15.7142,15.5607,0.201755,15.7142,15.5607,-0.198245,15.5511,15.0462,0.201755,15.5511,15.0462,-0.198245,15.2815,14.4202,0.201755,15.2815,14.4202,-0.198245,14.9714,13.8572,0.201755,14.9714,13.8572,-0.198245,14.5626,13.2536,0.201755,14.5626,13.2536,-0.198245,14.0417,12.6232,0.201755,14.0417,12.6232,-0.198245,13.395,11.9797,0.201755,13.395,11.9797,-0.198245,12.6091,11.3367,0.201755,12.6091,11.3367,-0.198245,11.9201,10.8631,0.201755,11.9201,10.8631,-0.198245,10.8579,10.2541,0.201755,10.8579,10.2541,-0.198245,9.73822,9.74646,0.201755,9.73822,9.74646,-0.198245,8.27097,9.24834,0.201755,8.27097,9.24834,-0.198245,6.47845,8.82465,0.201755,6.47845,8.82465,-0.198245,4.17916,8.49911,0.201755,4.17916,8.49911,-0.198245,1.16535,8.35949,0.201755,1.16535,8.35949,-0.198245],
    "metadata":{
        "colors":0,
        "generator":"io_three",
        "vertices":70,
        "materials":1,
        "faces":35,
        "version":3,
        "uvs":1,
        "normals":35,
        "type":"Geometry"
    }
}