{
    "materials":[{
        "vertexColors":false,
        "visible":true,
        "depthWrite":true,
        "specularCoef":50,
        "transparent":false,
        "DbgName":"Mat_2.002",
        "colorEmissive":[0,0,0],
        "shading":"phong",
        "mapDiffuseWrap":["repeat","repeat"],
        "DbgIndex":0,
        "doubleSided":false,
        "mapDiffuseRepeat":[1,1],
        "colorSpecular":[0.5,0.5,0.5],
        "wireframe":false,
        "mapDiffuseAnisotropy":1,
        "mapDiffuse":null,
        "colorDiffuse":[0.64,0.64,0.64],
        "DbgColor":15658734,
        "blending":"NormalBlending",
        "opacity":1,
        "depthTest":true
    }],
    "faces":[43,0,1,2,3,0,0,1,2,3,0,0,0,0,43,1,0,4,5,0,6,7,4,5,1,1,1,1,43,6,7,5,4,0,8,9,10,11,2,2,2,2,43,3,2,7,6,0,7,6,5,4,3,3,3,3,43,1,5,7,2,0,12,13,14,15,4,4,4,4,43,4,0,3,6,0,16,17,18,19,5,5,5,5],
    "colors":[],
    "normals":[0,-0,1,1,0,-0,0,0,-1,-1,0,0,-0,1,0,0,-1,0],
    "uvs":[[-0.102517,0.352312,1.12595,0.352312,1.12595,0.696283,-0.102517,0.696283,0.027496,0.18281,0.027496,0.915945,0.021631,0.915945,0.021631,0.18281,-0.102517,0.352312,1.12595,0.352312,1.12595,0.696283,-0.102517,0.696283,0.005564,0.289999,0.015699,0.289999,0.015699,0.644719,0.005564,0.644719,0.015699,0.289999,0.005564,0.289999,0.005564,0.644719,0.015699,0.644719]],
    "vertices":[14.6693,30.0298,0.200004,14.6693,80.0298,0.20001,0.669298,80.0298,0.20001,0.669298,30.0298,0.200004,14.6693,30.0298,-0.199996,14.6693,80.0298,-0.19999,0.669298,30.0298,-0.199996,0.669298,80.0298,-0.19999],
    "metadata":{
        "colors":0,
        "generator":"io_three",
        "vertices":8,
        "materials":1,
        "faces":6,
        "version":3,
        "uvs":1,
        "normals":6,
        "type":"Geometry"
    }
}