{
    "uvs":[[0.359068,0.799067,0.634715,0.799478,0.755583,0.626497,0.238898,0.62615,0.830479,0.466588,0.164896,0.46929,0.496367,0.958885]],
    "colors":[],
    "metadata":{
        "uvs":1,
        "normals":3,
        "faces":3,
        "colors":0,
        "version":3,
        "generator":"io_three",
        "type":"Geometry",
        "vertices":7,
        "materials":1
    },
    "normals":[-0.638711,-0.769447,0,-0.878602,-0.477554,0,-0.37288,-0.927879,0],
    "vertices":[27.1202,61.6041,9.62961,27.1202,61.6041,-9.62955,38.802,51.9071,-18.1169,38.802,51.9071,18.1169,45.6001,39.4,-23.056,45.6001,39.4,23.056,13.8301,66.9449,-0.026225],
    "faces":[43,0,1,2,3,0,0,1,2,3,0,0,0,0,43,2,4,5,3,0,2,4,5,3,1,1,1,1,42,0,6,1,0,0,6,1,2,2,2],
    "materials":[{
        "DbgColor":15658734,
        "colorSpecular":[0.5,0.5,0.5],
        "colorEmissive":[0,0,0],
        "opacity":1,
        "depthTest":true,
        "wireframe":false,
        "shading":"phong",
        "transparent":false,
        "doubleSided":false,
        "visible":true,
        "colorDiffuse":[0.64,0.64,0.64],
        "DbgIndex":0,
        "vertexColors":false,
        "specularCoef":50,
        "blending":"NormalBlending",
        "depthWrite":true,
        "DbgName":"_"
    }]
}