{
    "uvs":[[0.359068,0.799067,0.634715,0.799478,0.755583,0.626497,0.238898,0.62615,0.830479,0.466588,0.164896,0.46929,0.496367,0.958885]],
    "colors":[],
    "metadata":{
        "uvs":1,
        "normals":3,
        "faces":3,
        "colors":0,
        "version":3,
        "generator":"io_three",
        "type":"Geometry",
        "vertices":7,
        "materials":1
    },
    "normals":[-0.197373,-0.769447,-0.60745,-0.271503,-0.477554,-0.835601,-0.115227,-0.927879,-0.354631],
    "vertices":[-0.777677,61.6041,28.7686,17.5389,61.6041,22.8172,29.2207,51.9071,31.3045,-5.23972,51.9071,42.5014,36.0188,39.4,36.2436,-7.83636,39.4,50.493,4.29869,66.9449,13.1451],
    "faces":[43,0,1,2,3,0,0,1,2,3,0,0,0,0,43,2,4,5,3,0,2,4,5,3,1,1,1,1,42,0,6,1,0,0,6,1,2,2,2],
    "materials":[{
        "DbgColor":15658734,
        "colorSpecular":[0.5,0.5,0.5],
        "colorEmissive":[0,0,0],
        "opacity":1,
        "depthTest":true,
        "wireframe":false,
        "shading":"phong",
        "transparent":false,
        "doubleSided":false,
        "visible":true,
        "colorDiffuse":[0.64,0.64,0.64],
        "DbgIndex":0,
        "vertexColors":false,
        "specularCoef":50,
        "blending":"NormalBlending",
        "depthWrite":true,
        "DbgName":"_"
    }]
}