{
    "metadata":{
        "normals":5,
        "type":"Geometry",
        "materials":1,
        "generator":"io_three",
        "vertices":7,
        "faces":3,
        "uvs":1,
        "colors":0,
        "version":3
    },
    "normals":[0.172918,0.828761,0.532182,0.249092,0.591754,0.766625,0.172857,0.828852,0.53206,0.271493,0.477554,0.835597,0.115207,0.927854,0.354625],
    "uvs":[[0.359068,0.799067,0.238898,0.62615,0.755583,0.626497,0.634715,0.799478,0.164896,0.46929,0.830479,0.466588,0.496367,0.958885]],
    "materials":[{
        "colorSpecular":[0.5,0.5,0.5],
        "colorEmissive":[0,0,0],
        "blending":"NormalBlending",
        "visible":true,
        "DbgIndex":0,
        "depthTest":true,
        "DbgColor":15658734,
        "depthWrite":true,
        "doubleSided":false,
        "opacity":1,
        "shading":"phong",
        "wireframe":false,
        "specularCoef":50,
        "transparent":false,
        "DbgName":"_",
        "vertexColors":false
    }],
    "vertices":[-0.777677,61.6041,28.7686,17.5389,61.6041,22.8172,29.2207,51.9071,31.3045,-5.23973,51.9071,42.5014,36.0188,39.4,36.2436,-7.83636,39.4,50.493,4.29869,66.9449,13.1451],
    "faces":[43,0,3,2,1,0,0,1,2,3,0,1,1,2,43,2,3,5,4,0,2,1,4,5,1,1,3,3,42,0,1,6,0,0,3,6,0,2,4],
    "colors":[]
}