{
    "metadata":{
        "normals":5,
        "type":"Geometry",
        "materials":1,
        "generator":"io_three",
        "vertices":7,
        "faces":3,
        "uvs":1,
        "colors":0,
        "version":3
    },
    "normals":[0.559587,0.828761,0,0.806085,0.591754,0,0.559435,0.828852,0,0.878597,0.477554,0,0.372875,0.927854,0],
    "uvs":[[0.359068,0.799067,0.238898,0.62615,0.755583,0.626497,0.634715,0.799478,0.164896,0.46929,0.830479,0.466588,0.496367,0.958885]],
    "materials":[{
        "colorSpecular":[0.5,0.5,0.5],
        "colorEmissive":[0,0,0],
        "blending":"NormalBlending",
        "visible":true,
        "DbgIndex":0,
        "depthTest":true,
        "DbgColor":15658734,
        "depthWrite":true,
        "doubleSided":false,
        "opacity":1,
        "shading":"phong",
        "wireframe":false,
        "specularCoef":50,
        "transparent":false,
        "DbgName":"_",
        "vertexColors":false
    }],
    "vertices":[27.1202,61.6041,9.62961,27.1202,61.6041,-9.62955,38.802,51.9071,-18.1169,38.802,51.9071,18.1169,45.6001,39.4,-23.056,45.6001,39.4,23.056,13.8301,66.9449,-0.0262248],
    "faces":[43,0,3,2,1,0,0,1,2,3,0,1,1,2,43,2,3,5,4,0,2,1,4,5,1,1,3,3,42,0,1,6,0,0,3,6,0,2,4],
    "colors":[]
}