{
    "metadata":{
        "normals":15,
        "type":"Geometry",
        "materials":1,
        "generator":"io_three",
        "vertices":18,
        "faces":8,
        "uvs":1,
        "colors":0,
        "version":3
    },
    "normals":[0.769402,0.309061,0.558977,0.48909,0.285989,0.824,0.489853,0.286081,0.823481,0.140049,0.221168,0.965117,0.141606,0.221534,0.964782,-0.23072,0.123692,0.965117,-0.228675,0.124302,0.965514,-0.42439,0.060976,0.903409,0.72805,0.060976,-0.682791,0.846583,0.123692,-0.517655,0.847591,0.124302,-0.515854,0.96115,0.221168,-0.165014,0.961333,0.221534,-0.163427,0.934812,0.285989,0.210517,0.934568,0.286081,0.211402],
    "uvs":[[0.280454,0.370555,0.224835,0.37072,0.225022,0.198115,0.281308,0.198442,0.169936,0.370013,0.171317,0.198141,0.118288,0.370094,0.11761,0.198339,0.061355,0.370674,0.061873,0.19797,0.504838,0.370733,0.448426,0.370341,0.44776,0.198388,0.503518,0.198601,0.39355,0.370393,0.392398,0.198824,0.447638,0.198472,0.337368,0.370257,0.338148,0.198594]],
    "materials":[{
        "colorSpecular":[0.5,0.5,0.5],
        "colorEmissive":[0,0,0],
        "blending":"NormalBlending",
        "visible":true,
        "DbgIndex":0,
        "depthTest":true,
        "DbgColor":15658734,
        "depthWrite":true,
        "doubleSided":false,
        "opacity":1,
        "shading":"phong",
        "wireframe":false,
        "specularCoef":50,
        "transparent":false,
        "DbgName":"_",
        "vertexColors":false
    }],
    "vertices":[47.9702,40.6288,34.8524,45.6506,40.3483,37.0647,50.527,21.8013,40.6076,52.8939,21.9018,38.4297,42.8668,39.5831,38.2208,47.6141,21.5269,41.67,39.9598,38.4469,38.2498,44.5156,21.1195,41.5597,37.2707,37.0537,37.0805,41.5915,20.62,40.2198,46.783,37.0537,23.988,48.726,38.4469,26.1842,53.2817,21.1195,29.4942,51.1038,20.62,27.1273,49.5967,39.5831,28.9579,54.3441,21.5269,32.407,49.3574,40.3483,31.9627,54.2338,21.8013,35.5056],
    "faces":[43,0,1,2,3,0,0,1,2,3,0,1,2,0,43,1,4,5,2,0,1,4,5,2,1,3,4,2,43,4,6,7,5,0,4,6,7,5,3,5,6,4,43,6,8,9,7,0,6,8,9,7,5,7,7,6,43,10,11,12,13,0,10,11,12,13,8,9,10,8,43,11,14,15,12,0,11,14,15,16,9,11,12,10,43,14,16,17,15,0,14,17,18,15,11,13,14,12,43,16,0,3,17,0,17,0,3,18,13,0,0,14],
    "colors":[]
}