{
    "uvs":[[0.280454,0.370555,0.224835,0.37072,0.225022,0.198115,0.281308,0.198442,0.169936,0.370013,0.171317,0.198141,0.118288,0.370094,0.11761,0.198339,0.061355,0.370674,0.061873,0.19797,0.504838,0.370733,0.448426,0.370341,0.44776,0.198388,0.503518,0.198601,0.39355,0.370393,0.392398,0.198824,0.447638,0.198472,0.337368,0.370257,0.338148,0.198594]],
    "colors":[],
    "metadata":{
        "uvs":1,
        "normals":8,
        "faces":8,
        "colors":0,
        "version":3,
        "generator":"io_three",
        "type":"Geometry",
        "vertices":18,
        "materials":1
    },
    "normals":[-0.475775,0.303,0.825729,-0.775056,0.25635,0.577558,-0.95299,0.172665,0.24899,-0.990348,0.060989,-0.124462,0.874365,0.060988,0.48142,0.624633,0.172664,0.76159,0.287553,0.25635,0.922821,-0.100441,0.303,0.947683],
    "vertices":[-18.323,40.6288,56.3923,-21.1438,40.3483,54.8699,-23.0064,21.8013,60.6025,-20.2037,21.9018,62.1805,-23.1036,39.5831,52.5796,-24.9169,21.5269,58.1605,-24.0294,38.4469,49.8239,-25.7696,21.1195,55.1795,-23.7484,37.0537,46.9051,-25.3988,20.62,51.9845,-8.35725,37.0537,51.906,-9.84552,38.4469,54.4325,-11.5857,21.1195,59.7881,-10.0076,20.62,56.9854,-12.2143,39.5831,56.1177,-14.0277,21.5269,61.6986,-15.146,40.3483,56.8187,-17.0087,21.8013,62.5513],
    "faces":[43,0,1,2,3,0,0,1,2,3,0,0,0,0,43,1,4,5,2,0,1,4,5,2,1,1,1,1,43,4,6,7,5,0,4,6,7,5,2,2,2,2,43,6,8,9,7,0,6,8,9,7,3,3,3,3,43,10,11,12,13,0,10,11,12,13,4,4,4,4,43,11,14,15,12,0,11,14,15,16,5,5,5,5,43,14,16,17,15,0,14,17,18,15,6,6,6,6,43,16,0,3,17,0,17,0,3,18,7,7,7,7],
    "materials":[{
        "DbgColor":15658734,
        "colorSpecular":[0.5,0.5,0.5],
        "colorEmissive":[0,0,0],
        "opacity":1,
        "depthTest":true,
        "wireframe":false,
        "shading":"phong",
        "transparent":false,
        "doubleSided":false,
        "visible":true,
        "colorDiffuse":[0.64,0.64,0.64],
        "DbgIndex":0,
        "vertexColors":false,
        "specularCoef":50,
        "blending":"NormalBlending",
        "depthWrite":true,
        "DbgName":"_"
    }]
}