{
    "metadata":{
        "normals":15,
        "type":"Geometry",
        "materials":1,
        "generator":"io_three",
        "vertices":18,
        "faces":8,
        "uvs":1,
        "colors":0,
        "version":3
    },
    "normals":[-0.293863,0.309061,0.904477,-0.632527,0.285989,0.719779,-0.631825,0.286081,0.720359,-0.874599,0.221168,0.43144,-0.873806,0.221534,0.432844,-0.989166,0.123692,0.0787988,-0.988922,0.124302,0.0808435,-0.990326,0.060976,-0.124454,0.874355,0.060976,0.481399,0.753929,0.123692,0.645161,0.752525,0.124302,0.646687,0.453963,0.221168,0.863094,0.452498,0.221534,0.863796,0.0886563,0.285989,0.9541,0.0877102,0.286081,0.954161],
    "uvs":[[0.280454,0.370555,0.224835,0.37072,0.225022,0.198115,0.281308,0.198442,0.169936,0.370013,0.171317,0.198141,0.118288,0.370094,0.11761,0.198339,0.061355,0.370674,0.061873,0.19797,0.504838,0.370733,0.448426,0.370341,0.44776,0.198388,0.503518,0.198601,0.39355,0.370393,0.392398,0.198824,0.447638,0.198472,0.337368,0.370257,0.338148,0.198594]],
    "materials":[{
        "colorSpecular":[0.5,0.5,0.5],
        "colorEmissive":[0,0,0],
        "blending":"NormalBlending",
        "visible":true,
        "DbgIndex":0,
        "depthTest":true,
        "DbgColor":15658734,
        "depthWrite":true,
        "doubleSided":false,
        "opacity":1,
        "shading":"phong",
        "wireframe":false,
        "specularCoef":50,
        "transparent":false,
        "DbgName":"_",
        "vertexColors":false
    }],
    "vertices":[-18.323,40.6288,56.3923,-21.1438,40.3483,54.8699,-23.0064,21.8013,60.6025,-20.2037,21.9018,62.1805,-23.1036,39.5831,52.5796,-24.9169,21.5269,58.1605,-24.0294,38.4469,49.8239,-25.7696,21.1195,55.1795,-23.7484,37.0537,46.9051,-25.3988,20.62,51.9845,-8.35725,37.0537,51.906,-9.84552,38.4469,54.4325,-11.5857,21.1195,59.7881,-10.0076,20.62,56.9854,-12.2143,39.5831,56.1177,-14.0277,21.5269,61.6986,-15.146,40.3483,56.8187,-17.0087,21.8013,62.5513],
    "faces":[43,0,1,2,3,0,0,1,2,3,0,1,2,0,43,1,4,5,2,0,1,4,5,2,1,3,4,2,43,4,6,7,5,0,4,6,7,5,3,5,6,4,43,6,8,9,7,0,6,8,9,7,5,7,7,6,43,10,11,12,13,0,10,11,12,13,8,9,10,8,43,11,14,15,12,0,11,14,15,16,9,11,12,10,43,14,16,17,15,0,14,17,18,15,11,13,14,12,43,16,0,3,17,0,17,0,3,18,13,0,0,14],
    "colors":[]
}