{
    "uvs":[[0.280454,0.370555,0.224835,0.37072,0.225022,0.198115,0.281308,0.198442,0.169936,0.370013,0.171317,0.198141,0.118288,0.370094,0.11761,0.198339,0.061355,0.370674,0.061873,0.19797,0.504838,0.370733,0.448426,0.370341,0.44776,0.198388,0.503518,0.198601,0.39355,0.370393,0.392398,0.198824,0.447638,0.198472,0.337368,0.370257,0.338148,0.198594]],
    "colors":[],
    "metadata":{
        "uvs":1,
        "normals":8,
        "faces":8,
        "colors":0,
        "version":3,
        "generator":"io_three",
        "type":"Geometry",
        "vertices":18,
        "materials":1
    },
    "normals":[-0.932338,0.303,-0.197324,-0.788795,0.25635,-0.558647,-0.531294,0.172665,-0.829405,-0.187664,0.060989,-0.980338,-0.187664,0.060988,0.980338,-0.531293,0.172664,0.829406,-0.788796,0.25635,0.558646,-0.932338,0.303,0.197325],
    "vertices":[-59.2944,40.6288,1.6e-05,-58.7182,40.3483,-3.15318,-64.7458,21.8013,-3.15319,-65.3804,21.9018,4e-06,-57.1456,39.5831,-5.72479,-63.0136,21.5269,-5.72481,-54.8108,38.4469,-7.4569,-60.442,21.1195,-7.45692,-51.948,37.0537,-8.09159,-57.2888,20.62,-8.0916,-51.948,37.0537,8.09162,-54.8108,38.4469,7.45693,-60.442,21.1195,7.45692,-57.2888,20.62,8.09161,-57.1456,39.5831,5.72482,-63.0136,21.5269,5.72481,-58.7182,40.3483,3.15321,-64.7457,21.8013,3.1532],
    "faces":[43,0,1,2,3,0,0,1,2,3,0,0,0,0,43,1,4,5,2,0,1,4,5,2,1,1,1,1,43,4,6,7,5,0,4,6,7,5,2,2,2,2,43,6,8,9,7,0,6,8,9,7,3,3,3,3,43,10,11,12,13,0,10,11,12,13,4,4,4,4,43,11,14,15,12,0,11,14,15,16,5,5,5,5,43,14,16,17,15,0,14,17,18,15,6,6,6,6,43,16,0,3,17,0,17,0,3,18,7,7,7,7],
    "materials":[{
        "DbgColor":15658734,
        "colorSpecular":[0.5,0.5,0.5],
        "colorEmissive":[0,0,0],
        "opacity":1,
        "depthTest":true,
        "wireframe":false,
        "shading":"phong",
        "transparent":false,
        "doubleSided":false,
        "visible":true,
        "colorDiffuse":[0.64,0.64,0.64],
        "DbgIndex":0,
        "vertexColors":false,
        "specularCoef":50,
        "blending":"NormalBlending",
        "depthWrite":true,
        "DbgName":"_"
    }]
}