{
    "uvs":[[0.280454,0.370555,0.224835,0.37072,0.225022,0.198115,0.281308,0.198442,0.169936,0.370013,0.171317,0.198141,0.118288,0.370094,0.11761,0.198339,0.061355,0.370674,0.061873,0.19797,0.504838,0.370733,0.448426,0.370341,0.44776,0.198388,0.503518,0.198601,0.39355,0.370393,0.392398,0.198824,0.447638,0.198472,0.337368,0.370257,0.338148,0.198594]],
    "colors":[],
    "metadata":{
        "uvs":1,
        "normals":8,
        "faces":8,
        "colors":0,
        "version":3,
        "generator":"io_three",
        "type":"Geometry",
        "vertices":18,
        "materials":1
    },
    "normals":[0.870262,0.303,-0.388375,0.966513,0.256351,-0.011688,0.917338,0.172666,0.358716,0.728051,0.060989,0.682804,-0.424405,0.060988,-0.903416,-0.057686,0.172665,-0.98329,0.309785,0.25635,-0.915597,0.638292,0.303,-0.707654],
    "vertices":[47.9702,40.6288,-34.8524,49.3574,40.3483,-31.9627,54.2338,21.8013,-35.5056,52.8939,21.9018,-38.4296,49.5967,39.5831,-28.9579,54.3441,21.5269,-32.407,48.7259,38.4469,-26.1842,53.2817,21.1195,-29.4942,46.783,37.0537,-23.9881,51.1038,20.62,-27.1273,37.2707,37.0537,-37.0805,39.9598,38.4469,-38.2498,44.5156,21.1195,-41.5597,41.5915,20.62,-40.2198,42.8668,39.5831,-38.2208,47.6141,21.5269,-41.6699,45.6506,40.3483,-37.0647,50.527,21.8013,-40.6076],
    "faces":[43,0,1,2,3,0,0,1,2,3,0,0,0,0,43,1,4,5,2,0,1,4,5,2,1,1,1,1,43,4,6,7,5,0,4,6,7,5,2,2,2,2,43,6,8,9,7,0,6,8,9,7,3,3,3,3,43,10,11,12,13,0,10,11,12,13,4,4,4,4,43,11,14,15,12,0,11,14,15,16,5,5,5,5,43,14,16,17,15,0,14,17,18,15,6,6,6,6,43,16,0,3,17,0,17,0,3,18,7,7,7,7],
    "materials":[{
        "DbgColor":15658734,
        "colorSpecular":[0.5,0.5,0.5],
        "colorEmissive":[0,0,0],
        "opacity":1,
        "depthTest":true,
        "wireframe":false,
        "shading":"phong",
        "transparent":false,
        "doubleSided":false,
        "visible":true,
        "colorDiffuse":[0.64,0.64,0.64],
        "DbgIndex":0,
        "vertexColors":false,
        "specularCoef":50,
        "blending":"NormalBlending",
        "depthWrite":true,
        "DbgName":"_"
    }]
}