{
    "metadata":{
        "normals":144,
        "type":"Geometry",
        "materials":1,
        "generator":"io_three",
        "vertices":144,
        "faces":142,
        "uvs":1,
        "colors":0,
        "version":3
    },
    "normals":[-0.160924,-0.853664,0.495315,-0.339,-0.853938,0.394787,-0.462813,-0.854488,0.235817,-0.518632,-0.853938,0.0422071,-0.495315,-0.853664,-0.160924,-0.394787,-0.853938,-0.339,-0.235817,-0.854488,-0.462813,-0.0422071,-0.853938,-0.518632,0.160924,-0.853664,-0.495315,0.339,-0.853938,-0.394787,0.462813,-0.854488,-0.235817,0.518632,-0.853938,-0.0422071,0.495315,-0.853664,0.160924,0.394787,-0.853938,0.339,0.235817,-0.854488,0.462813,0.0422071,-0.853938,0.518632,-0.305185,0.156438,0.939329,-0.645619,0.144566,0.749809,-0.649464,-0.0836818,0.75576,-0.307932,-0.0836207,0.947722,-0.884823,0.111454,0.452376,-0.887875,-0.0836818,0.452376,-0.993927,0.0622578,0.0903958,-0.993164,-0.0836818,0.0811792,-0.956816,0.00302133,-0.290628,-0.947722,-0.0836207,-0.307932,-0.774102,-0.0570696,-0.630451,-0.75576,-0.0836818,-0.649464,-0.473983,-0.108432,-0.873806,-0.452376,-0.0836818,-0.887875,-0.0968352,-0.14362,-0.984863,-0.0811792,-0.0836818,-0.993164,0.305185,-0.156438,-0.939329,0.307932,-0.0836207,-0.947722,0.657216,-0.14362,-0.73986,0.649464,-0.0836818,-0.75576,0.897092,-0.108432,-0.428297,0.887875,-0.0836818,-0.452376,0.996826,-0.0570696,-0.0550249,0.993164,-0.0836818,-0.0811792,0.944914,0.00302133,0.32725,0.947722,-0.0836207,0.307932,0.750969,0.0622578,0.657369,0.75576,-0.0836818,0.649464,0.449904,0.111454,0.886074,0.452376,-0.0836818,0.887875,0.081576,0.144566,0.986114,0.0811792,-0.0836818,0.993164,-0.27784,0.437574,0.855159,-0.620319,0.404309,0.672048,-0.865444,0.311655,0.392193,-0.983184,0.173711,0.0558489,-0.955687,0.00753807,-0.294198,-0.78225,-0.160863,-0.601794,-0.490432,-0.304209,-0.816645,-0.12009,-0.40202,-0.907682,0.27784,-0.437574,-0.855159,0.630696,-0.40202,-0.663747,0.876766,-0.304209,-0.372387,0.986572,-0.160863,-0.0270394,0.946104,0.00753807,0.32371,0.762566,0.173711,0.623096,0.469649,0.311655,0.825983,0.106815,0.404309,0.908322,-0.218482,0.707175,0.672414,-0.565813,0.65334,0.502976,-0.822993,0.50383,0.262246,-0.959075,0.282693,-0.0144047,-0.955992,0.0169073,-0.292825,-0.809229,-0.253853,-0.529801,-0.539293,-0.486862,-0.687063,-0.180425,-0.648061,-0.739891,0.218482,-0.707175,-0.672414,0.580859,-0.648061,-0.492538,0.840144,-0.486862,-0.238838,0.966094,-0.253853,0.047029,0.945555,0.0169073,0.324992,0.784387,0.282693,0.552049,0.511673,0.50383,0.695914,0.162084,0.65334,0.739494,-0.135197,0.899197,0.41612,-0.48851,0.830866,0.266366,-0.763848,0.640431,0.0794702,-0.926572,0.356945,-0.118412,-0.953246,0.0154729,-0.301798,-0.834681,-0.330638,-0.440352,-0.589587,-0.625141,-0.511399,-0.251137,-0.826167,-0.504288,0.135197,-0.899197,-0.41612,0.499619,-0.826167,-0.260353,0.777581,-0.625141,-0.0671712,0.934141,-0.330638,0.134342,0.948576,0.0154729,0.316141,0.819208,0.356945,0.448805,0.571245,0.640431,0.513291,0.238624,0.830866,0.50264,-0.0483413,0.987671,0.148839,-0.408307,0.912625,0.0193793,-0.701834,0.703665,-0.110782,-0.89172,0.393109,-0.224219,-0.951811,0.0192572,-0.30604,-0.867824,-0.360363,-0.342021,-0.652028,-0.684561,-0.325907,-0.332621,-0.906735,-0.259163,0.0483413,-0.987671,-0.148839,0.42143,-0.906735,-0.0141301,0.719077,-0.684561,0.119572,0.903134,-0.360363,0.233375,0.949919,0.0192572,0.311838,0.853206,0.393109,0.342723,0.632893,0.703665,0.322886,0.318918,0.912625,0.255684,0,0.999969,0,-0.366558,0.922727,-0.119083,-0.672475,0.707083,-0.218482,-0.87756,0.385418,-0.285134,-0.951048,0,-0.309,-0.87756,-0.385418,-0.285134,-0.672475,-0.707083,-0.218482,-0.366558,-0.922727,-0.119083,0,-1,0,0.366558,-0.922727,0.119083,0.672475,-0.707083,0.218482,0.87756,-0.385418,0.285134,0.951048,0,0.309,0.87756,0.385418,0.285134,0.672475,0.707083,0.218482,0.366558,0.922727,0.119083,-0.288766,-0.355937,0.88876,0.0761437,-0.356151,0.931303,0.424177,-0.356334,0.832484,0.70867,-0.356151,0.608997,0.88876,-0.355937,0.288766,0.931303,-0.356151,-0.0761437,0.832484,-0.356334,-0.424177,0.608997,-0.356151,-0.70867,0.288766,-0.355937,-0.88876,-0.0761437,-0.356151,-0.931303,-0.424177,-0.356334,-0.832484,-0.70867,-0.356151,-0.608997,-0.88876,-0.355937,-0.288766,-0.931303,-0.356151,0.0761437,-0.832484,-0.356334,0.424177,-0.608997,-0.356151,0.70867],