{
    "metadata":{
        "normals":144,
        "type":"Geometry",
        "materials":1,
        "generator":"io_three",
        "vertices":144,
        "faces":142,
        "uvs":1,
        "colors":0,
        "version":3
    },
    "normals":[-0.520798,-0.853664,0,-0.480209,-0.853938,-0.200415,-0.36729,-0.854488,-0.36729,-0.200415,-0.853938,-0.480209,0,-0.853664,-0.520798,0.200385,-0.853938,-0.480209,0.36729,-0.854488,-0.36729,0.480209,-0.853938,-0.200415,0.520798,-0.853664,0,0.480209,-0.853938,0.200415,0.36729,-0.854488,0.36729,0.200415,-0.853938,0.480209,0,-0.853664,0.520798,-0.200385,-0.853938,0.480209,-0.36729,-0.854488,0.36729,-0.480209,-0.853938,0.200415,-0.987671,0.156438,0,-0.912625,0.144566,-0.382305,-0.919462,-0.0836818,-0.384106,-0.99649,-0.0836207,0,-0.703665,0.111454,-0.701712,-0.704611,-0.0836818,-0.704611,-0.393109,0.0622578,-0.917356,-0.384106,-0.0836818,-0.919462,-0.0192267,0.00302133,-0.999786,0,-0.0836207,-0.99649,0.360363,-0.0570696,-0.931028,0.384106,-0.0836818,-0.919462,0.684561,-0.108432,-0.720817,0.704611,-0.0836818,-0.704611,0.906735,-0.14362,-0.396435,0.919462,-0.0836818,-0.384106,0.987671,-0.156438,0,0.99649,-0.0836207,0,0.906735,-0.14362,0.396435,0.919462,-0.0836818,0.384106,0.684561,-0.108432,0.720817,0.704611,-0.0836818,0.704611,0.360363,-0.0570696,0.931028,0.384106,-0.0836818,0.919462,-0.0192267,0.00302133,0.999786,0,-0.0836207,0.99649,-0.393109,0.0622578,0.917356,-0.384106,-0.0836818,0.919462,-0.703665,0.111454,0.701712,-0.704611,-0.0836818,0.704611,-0.912625,0.144566,0.382305,-0.919462,-0.0836818,0.384106,-0.899167,0.437574,0,-0.830866,0.404309,-0.382275,-0.640431,0.311655,-0.701895,-0.356945,0.173711,-0.917814,-0.0155034,0.00753807,-0.999847,0.330607,-0.160863,-0.929929,0.625111,-0.304209,-0.718772,0.826167,-0.40202,-0.394696,0.899167,-0.437574,0,0.826167,-0.40202,0.394696,0.625111,-0.304209,0.718772,0.330607,-0.160863,0.929929,-0.0155034,0.00753807,0.999847,-0.356945,0.173711,0.917814,-0.640431,0.311655,0.701895,-0.830866,0.404309,0.382275,-0.707022,0.707175,0,-0.653188,0.65334,-0.382672,-0.503739,0.50383,-0.701682,-0.282632,0.282693,-0.916593,-0.0168767,0.0169073,-0.999695,0.253792,-0.253853,-0.933348,0.48677,-0.486862,-0.725211,0.647908,-0.648061,-0.40022,0.707022,-0.707175,0,0.647908,-0.648061,0.40022,0.48677,-0.486862,0.725211,0.253792,-0.253853,0.933348,-0.0168767,0.0169073,0.999695,-0.282632,0.282693,0.916593,-0.503739,0.50383,0.701682,-0.653188,0.65334,0.382672,-0.437513,0.899197,0,-0.404279,0.830866,-0.382275,-0.311624,0.640431,-0.701895,-0.173681,0.356945,-0.917814,-0.00753807,0.0154729,-0.999847,0.160863,-0.330638,-0.929929,0.304178,-0.625141,-0.718772,0.40199,-0.826167,-0.394696,0.437513,-0.899197,0,0.40199,-0.826167,0.394696,0.304178,-0.625141,0.718772,0.160863,-0.330638,0.929929,-0.00753807,0.0154729,0.999847,-0.173681,0.356945,0.917814,-0.311624,0.640431,0.701895,-0.404279,0.830866,0.382275,-0.156499,0.987671,0,-0.144627,0.912625,-0.382305,-0.111484,0.703665,-0.701712,-0.0622883,0.393109,-0.917356,-0.00305185,0.0192572,-0.999786,0.0571001,-0.360363,-0.931028,0.108463,-0.68453,-0.720817,0.143681,-0.906735,-0.396435,0.156499,-0.987671,0,0.143681,-0.906735,0.396435,0.108463,-0.68453,0.720817,0.0571001,-0.360363,0.931028,-0.00305185,0.0192572,0.999786,-0.0622883,0.393109,0.917356,-0.111484,0.703665,0.701712,-0.144627,0.912625,0.382305,0,1,0,0,0.922727,-0.385418,0,0.707083,-0.707083,0,0.385418,-0.922727,0,0,-1,0,-0.385418,-0.922727,0,-0.707083,-0.707083,0,-0.922727,-0.385418,0,-1,0,0,-0.922727,0.385418,0,-0.707083,0.707083,0,-0.385418,0.922727,0,0,1,0,0.385418,0.922727,0,0.707083,0.707083,0,0.922727,0.385418,-0.934477,-0.355937,0,-0.862178,-0.356151,0.36021,-0.660665,-0.356334,0.660665,-0.36021,-0.356151,0.862178,0,-0.355937,0.934477,0.36021,-0.356151,0.862178,0.660665,-0.356334,0.660665,0.862178,-0.356151,0.36021,0.934477,-0.355937,0,0.862178,-0.356151,-0.36021,0.660665,-0.356334,-0.660665,0.36021,-0.356151,-0.862178,0,-0.355937,-0.934477,-0.36021,-0.356151,-0.862178,-0.660665,-0.356334,-0.660665,-0.862178,-0.356151,-0.36021],