{
    "metadata":{
        "normals":144,
        "type":"Geometry",
        "materials":1,
        "generator":"io_three",
        "vertices":144,
        "faces":142,
        "uvs":1,
        "colors":0,
        "version":3
    },
    "normals":[0.421339,-0.853664,0.306101,0.270699,-0.853938,0.44438,0.0812403,-0.854488,0.513047,-0.120121,-0.853938,0.506302,-0.306101,-0.853664,0.421339,-0.44438,-0.853938,0.270699,-0.513047,-0.854488,0.0812403,-0.506302,-0.853938,-0.120121,-0.421339,-0.853664,-0.306101,-0.270699,-0.853938,-0.44438,-0.0812403,-0.854488,-0.513047,0.120121,-0.853938,-0.506302,0.306101,-0.853664,-0.421339,0.44438,-0.853938,-0.270699,0.513047,-0.854488,-0.0812403,0.506302,-0.853938,0.120121,0.799036,0.156438,0.580523,0.513596,0.144566,0.845729,0.518082,-0.0836818,0.851222,0.806177,-0.0836207,0.585711,0.156804,0.111454,0.981292,0.155858,-0.0836818,0.984222,-0.221137,0.0622578,0.973235,-0.229682,-0.0836818,0.969634,-0.572069,0.00302133,0.820154,-0.585711,-0.0836207,0.806177,-0.838801,-0.0570696,0.541398,-0.851222,-0.0836818,0.518082,-0.977508,-0.108432,0.180761,-0.984222,-0.0836818,0.155858,-0.966582,-0.14362,-0.212226,-0.969634,-0.0836818,-0.229682,-0.799036,-0.156438,-0.580523,-0.806177,-0.0836207,-0.585711,-0.500534,-0.14362,-0.853694,-0.518082,-0.0836818,-0.851222,-0.130131,-0.108432,-0.985534,-0.155858,-0.0836818,-0.984222,0.255684,-0.0570696,-0.965056,0.229682,-0.0836818,-0.969634,0.603229,0.00302133,-0.79754,0.585711,-0.0836207,-0.806177,0.857265,0.0622578,-0.511063,0.851222,-0.0836818,-0.518082,0.981719,0.111454,-0.154088,0.984222,-0.0836818,-0.155858,0.963073,0.144566,0.227119,0.969634,-0.0836818,0.229682,0.727439,0.437574,0.52852,0.447462,0.404309,0.797662,0.105533,0.311655,0.944304,-0.250679,0.173711,0.95233,-0.575121,0.00753807,0.817988,-0.814081,-0.160863,0.558,-0.92822,-0.304209,0.214057,-0.900388,-0.40202,-0.166265,-0.727439,-0.437574,-0.52852,-0.436354,-0.40202,-0.804926,-0.083224,-0.304209,-0.948943,0.279122,-0.160863,-0.946654,0.600238,0.00753807,-0.799768,0.828272,0.173711,-0.532701,0.930692,0.311655,-0.191412,0.896878,0.404309,0.179083,0.571978,0.707175,0.415571,0.303507,0.65334,0.693533,-0.00488296,0.50383,0.863765,-0.310099,0.282693,0.907682,-0.573931,0.0169073,0.81872,-0.753929,-0.253853,0.605884,-0.820093,-0.486862,0.300577,-0.759423,-0.648061,-0.0570391,-0.571978,-0.707175,-0.415571,-0.288919,-0.648061,-0.704642,0.0324412,-0.486862,-0.87286,0.343272,-0.253853,-0.904263,0.601276,0.0169073,-0.798822,0.767418,0.282693,-0.575396,0.819971,0.50383,-0.271554,0.75338,0.65334,0.0743126,0.353954,0.899197,0.257149,0.102359,0.830866,0.546922,-0.160436,0.640431,0.75103,-0.398938,0.356945,0.84463,-0.581591,0.0154729,0.813318,-0.676748,-0.330638,0.657765,-0.668569,-0.625141,0.402692,-0.557237,-0.826167,0.0830103,-0.353954,-0.899197,-0.257149,-0.0932035,-0.826167,-0.55562,0.176366,-0.625141,-0.760277,0.416425,-0.330638,-0.846889,0.593799,0.0154729,-0.804437,0.679983,0.356945,-0.640431,0.664693,0.640431,-0.384686,0.551775,0.830866,-0.0716269,0.126621,0.987671,0.0919828,-0.1077,0.912625,0.394299,-0.322245,0.703665,0.633229,-0.488784,0.393109,0.778771,-0.585192,0.0192572,0.810633,-0.593463,-0.360363,0.719657,-0.51146,-0.684561,0.519395,-0.349254,-0.906735,0.236244,-0.126621,-0.987671,-0.0919828,0.116764,-0.906735,-0.405194,0.335917,-0.684561,-0.646931,0.501053,-0.360363,-0.786798,0.590136,0.0192572,-0.807062,0.589618,0.393109,-0.705527,0.50267,0.703665,-0.502152,0.341716,0.912625,-0.224281,0,1,0,-0.226539,0.922727,0.311808,-0.415601,0.707083,0.572039,-0.542344,0.385418,0.746483,-0.587756,0,0.809015,-0.542344,-0.385418,0.746483,-0.415601,-0.707083,0.572039,-0.226539,-0.922727,0.311808,0,-1,0,0.226539,-0.922727,-0.311808,0.415601,-0.707083,-0.572039,0.542344,-0.385418,-0.746483,0.587756,0,-0.809015,0.542344,0.385418,-0.746483,0.415601,0.707083,-0.572039,0.226539,0.922727,-0.311808,0.756005,-0.355937,0.549272,0.909238,-0.356151,0.215339,0.922819,-0.356334,-0.146153,0.798181,-0.356151,-0.485794,0.549272,-0.355937,-0.756005,0.215339,-0.356151,-0.909238,-0.146153,-0.356334,-0.922819,-0.485794,-0.356151,-0.798181,-0.756005,-0.355937,-0.549272,-0.909238,-0.356151,-0.215339,-0.922819,-0.356334,0.146153,-0.798181,-0.356151,0.485794,-0.549272,-0.355937,0.756005,-0.215339,-0.356151,0.909238,0.146153,-0.356334,0.922819,0.485794,-0.356151,0.798212],