{
    "uvs":[[0.107508,0.255249,0.153499,0.445133,0.842013,0.441962,0.884955,0.253924,0.359068,0.799067,0.634715,0.799478,0.755583,0.626497,0.238898,0.62615,0.107793,0.018476,0.88524,0.017151,0.496367,0.958885]],
    "colors":[],
    "metadata":{
        "uvs":1,
        "normals":5,
        "faces":5,
        "colors":0,
        "version":3,
        "generator":"io_three",
        "type":"Geometry",
        "vertices":11,
        "materials":1
    },
    "normals":[0.782425,-0.25428,0.568465,0.516728,-0.769447,0.375425,0.809017,-0,0.587785,0.301666,-0.92788,0.219173,0.710804,-0.477554,0.516429],
    "vertices":[-25.3087,21.0401,-51.7072,-23.6583,37.4738,-46.6278,-51.6565,37.4739,-8.09157,-56.9973,21.0401,-8.09157,-16.1997,61.6041,-23.6726,-27.5199,61.6041,-8.09159,-41.9594,51.9071,-8.09158,-20.6618,51.9071,-37.4054,-25.3087,-0.005305,-51.7071,-56.9973,-0.005283,-8.09156,-11.1233,66.9449,-8.04911],
    "faces":[43,0,1,2,3,0,0,1,2,3,0,0,0,0,43,4,5,6,7,0,4,5,6,7,1,1,1,1,43,8,0,3,9,0,8,0,3,9,2,2,2,2,42,4,10,5,0,4,10,5,3,3,3,43,1,7,6,2,0,1,7,6,2,4,4,4,4],
    "materials":[{
        "DbgColor":15658734,
        "colorSpecular":[0.5,0.5,0.5],
        "colorEmissive":[0,0,0],
        "opacity":1,
        "depthTest":true,
        "wireframe":false,
        "shading":"phong",
        "transparent":false,
        "doubleSided":false,
        "visible":true,
        "colorDiffuse":[0.64,0.64,0.64],
        "DbgIndex":0,
        "vertexColors":false,
        "specularCoef":50,
        "blending":"NormalBlending",
        "depthWrite":true,
        "DbgName":"__1.002"
    }]
}