{
    "uvs":[[0.107508,0.255249,0.153499,0.445133,0.842013,0.441962,0.884955,0.253924,0.359068,0.799067,0.634715,0.799478,0.755583,0.626497,0.238898,0.62615,0.107793,0.018476,0.88524,0.017151,0.496367,0.958885]],
    "colors":[],
    "metadata":{
        "uvs":1,
        "normals":5,
        "faces":5,
        "colors":0,
        "version":3,
        "generator":"io_three",
        "type":"Geometry",
        "vertices":11,
        "materials":1
    },
    "normals":[-0.29886,-0.25428,-0.919796,-0.197373,-0.769447,-0.60745,-0.309017,-0,-0.951056,-0.115227,-0.927879,-0.35463,-0.271503,-0.477554,-0.8356],
    "vertices":[-9.91754,21.0401,56.7081,-8.26715,37.4738,51.6287,37.0348,37.4739,36.9091,41.3556,21.0401,40.0484,-0.808586,61.6041,28.6735,17.508,61.6041,22.7221,29.1898,51.9071,31.2094,-5.27063,51.9071,42.4063,-9.91752,-0.005318,56.7081,41.3556,-0.005289,40.0484,4.26778,66.9449,13.05],
    "faces":[43,0,1,2,3,0,0,1,2,3,0,0,0,0,43,4,5,6,7,0,4,5,6,7,1,1,1,1,43,8,0,3,9,0,8,0,3,9,2,2,2,2,42,4,10,5,0,4,10,5,3,3,3,43,1,7,6,2,0,1,7,6,2,4,4,4,4],
    "materials":[{
        "DbgColor":15658734,
        "colorSpecular":[0.5,0.5,0.5],
        "colorEmissive":[0,0,0],
        "opacity":1,
        "depthTest":true,
        "wireframe":false,
        "shading":"phong",
        "transparent":false,
        "doubleSided":false,
        "visible":true,
        "colorDiffuse":[0.64,0.64,0.64],
        "DbgIndex":0,
        "vertexColors":false,
        "specularCoef":50,
        "blending":"NormalBlending",
        "depthWrite":true,
        "DbgName":"__1.002"
    }]
}