{
    "metadata":{
        "normals":7,
        "type":"Geometry",
        "materials":1,
        "generator":"io_three",
        "vertices":11,
        "faces":5,
        "uvs":1,
        "colors":0,
        "version":3
    },
    "normals":[0.306772,0.120273,0.944151,0.28956,0.349071,0.891201,0.172918,0.828761,0.532182,0.249092,0.591754,0.766625,0.172857,0.828852,0.53206,0.309,0,0.951048,0.115207,0.927854,0.354625],
    "uvs":[[0.107508,0.255249,0.884955,0.253924,0.842013,0.441962,0.153499,0.445133,0.359068,0.799067,0.238898,0.62615,0.755583,0.626497,0.634715,0.799478,0.107793,0.018476,0.88524,0.017151,0.496367,0.958885]],
    "materials":[{
        "colorSpecular":[0.5,0.5,0.5],
        "colorEmissive":[0,0,0],
        "blending":"NormalBlending",
        "visible":true,
        "DbgIndex":0,
        "depthTest":true,
        "DbgColor":15658734,
        "depthWrite":true,
        "doubleSided":false,
        "opacity":1,
        "shading":"phong",
        "wireframe":false,
        "specularCoef":50,
        "transparent":false,
        "DbgName":"__1.002",
        "vertexColors":false
    }],
    "vertices":[-9.91754,21.0401,56.7081,-8.26715,37.4738,51.6287,37.0348,37.4739,36.9091,41.3556,21.0401,40.0484,-0.808586,61.6041,28.6735,17.508,61.6041,22.7221,29.1898,51.9071,31.2094,-5.27063,51.9071,42.4063,-9.91752,-0.00531756,56.7081,41.3556,-0.00528917,40.0484,4.26778,66.9449,13.05],
    "faces":[43,0,3,2,1,0,0,1,2,3,0,0,1,1,43,4,7,6,5,0,4,5,6,7,2,3,3,4,43,3,0,8,9,0,1,0,8,9,0,0,5,5,42,4,5,10,0,4,7,10,2,4,6,43,1,2,6,7,0,3,2,6,5,1,1,3,3],
    "colors":[]
}