{
    "metadata":{
        "normals":7,
        "type":"Geometry",
        "materials":1,
        "generator":"io_three",
        "vertices":11,
        "faces":5,
        "uvs":1,
        "colors":0,
        "version":3
    },
    "normals":[-0.803125,0.120273,0.583514,-0.75811,0.349071,0.550798,-0.452712,0.828761,0.328898,-0.65215,0.591754,0.4738,-0.452589,0.828852,0.328806,-0.809015,0,0.587756,-0.301645,0.927854,0.219153],
    "uvs":[[0.107508,0.255249,0.884955,0.253924,0.842013,0.441962,0.153499,0.445133,0.359068,0.799067,0.238898,0.62615,0.755583,0.626497,0.634715,0.799478,0.107793,0.018476,0.88524,0.017151,0.496367,0.958885]],
    "materials":[{
        "colorSpecular":[0.5,0.5,0.5],
        "colorEmissive":[0,0,0],
        "blending":"NormalBlending",
        "visible":true,
        "DbgIndex":0,
        "depthTest":true,
        "DbgColor":15658734,
        "depthWrite":true,
        "doubleSided":false,
        "opacity":1,
        "shading":"phong",
        "wireframe":false,
        "specularCoef":50,
        "transparent":false,
        "DbgName":"__1.002",
        "vertexColors":false
    }],
    "vertices":[-56.9973,21.0401,8.0916,-51.6565,37.4738,8.09159,-23.6583,37.4739,46.6278,-25.3087,21.0401,51.7072,-27.52,61.6041,8.09158,-16.1997,61.6041,23.6726,-20.6618,51.9071,37.4054,-41.9595,51.9071,8.09158,-56.9973,-0.00531176,8.09161,-25.3087,-0.00529056,51.7072,-11.0925,66.9449,8.09157],
    "faces":[43,0,3,2,1,0,0,1,2,3,0,0,1,1,43,4,7,6,5,0,4,5,6,7,2,3,3,4,43,3,0,8,9,0,1,0,8,9,0,0,5,5,42,4,5,10,0,4,7,10,2,4,6,43,1,2,6,7,0,3,2,6,5,1,1,3,3],
    "colors":[]
}