{
    "materials":[{
        "DbgColor":15658734,
        "specularCoef":50,
        "blending":"NormalBlending",
        "shading":"phong",
        "transparent":false,
        "colorSpecular":[0.5,0.5,0.5],
        "wireframe":false,
        "doubleSided":false,
        "colorEmissive":[0,0,0],
        "depthWrite":true,
        "visible":true,
        "opacity":1,
        "DbgIndex":0,
        "colorDiffuse":[0.64,0.64,0.64],
        "DbgName":"Mat",
        "vertexColors":false,
        "depthTest":true
    }],
    "vertices":[-103.276,80.7069,13.5719,-80.613,103.37,13.5719,-81.5263,104.283,14.6125,-104.189,81.6202,14.6125,-105.169,82.6002,15.5323,-82.5062,105.263,15.5323,-83.5473,106.304,16.3234,-106.21,83.6413,16.3233,-84.6439,107.401,16.9778,-107.307,84.7379,16.9778,-109.644,87.0751,17.8449,-86.9812,109.738,17.8449,-87.7969,110.553,17.9945,-110.46,87.8908,17.9945,-89.049,111.806,18.08,-111.712,89.1429,18.08,-114.181,91.6122,17.7433,-91.5182,114.275,17.7433,-92.6949,115.451,17.3342,-115.358,92.7888,17.3342,-93.8253,116.582,16.7753,-116.488,93.9193,16.7753,-112.964,90.395,17.9945,-90.3011,113.058,17.9945,-108.453,85.8843,17.4876,-85.7904,108.547,17.4876,-95.9254,118.682,15.2396,-118.588,96.0193,15.2396,-117.567,94.998,16.0744,-94.9041,117.661,16.0745,-96.8838,119.64,14.2787,-119.547,96.9777,14.2787,-97.7736,120.53,13.1996,-120.436,97.8675,13.1996,-97.985,120.742,12.8914,-120.648,98.0789,12.8914,-102.78,80.2107,12.8914,-80.1168,102.873,12.8914],
    "colors":[],
    "normals":[0.468429,-0.468429,0.749046,0.417737,-0.417737,0.806787,0.363231,-0.363231,0.857967,0.305124,-0.305124,0.902097,0.243782,-0.243782,0.938688,0.118931,-0.118931,0.985748,0.062563,-0.062563,0.996063,0,0,1,-0.135594,0.135594,0.981414,-0.2013,0.2013,0.958617,-0.264565,0.264565,0.927366,-0.068178,0.068178,0.995331,0.179632,-0.179632,0.967162,-0.381817,0.381817,0.84167,-0.32487,0.32487,0.88818,-0.435072,0.435072,0.788263,-0.484451,0.484451,0.728416,-0.507553,0.507584,0.696188,0.492264,-0.492264,0.717826],
    "uvs":[[0.635,0.796293,0.635,0.703585,0.65,0.704791,0.65,0.79509,0.665,0.793867,0.665,0.706017,0.68,0.707248,0.68,0.792639,0.695,0.708473,0.695,0.791418,0.725,0.789034,0.725,0.710863,0.735,0.711634,0.735,0.788265,0.75,0.712759,0.75,0.787143,0.78,0.785112,0.78,0.714796,0.795,0.71569,0.795,0.78422,0.81,0.716507,0.81,0.783405,0.765,0.786084,0.765,0.713821,0.71,0.790213,0.71,0.709681,0.84,0.717927,0.84,0.781989,0.825,0.782662,0.825,0.717252,0.855,0.718535,0.855,0.781382,0.87,0.71908,0.87,0.780839,0.873888,0.719206,0.873888,0.780713,0.62615,0.796973,0.62615,0.702903]],
    "metadata":{
        "normals":19,
        "colors":0,
        "materials":1,
        "vertices":38,
        "type":"Geometry",
        "uvs":1,
        "generator":"io_three",
        "version":3,
        "faces":18
    },
    "faces":[43,0,1,2,3,0,0,1,2,3,0,0,1,1,43,4,5,6,7,0,4,5,6,7,2,2,3,3,43,7,6,8,9,0,7,6,8,9,3,3,4,4,43,10,11,12,13,0,10,11,12,13,5,5,6,6,43,13,12,14,15,0,13,12,14,15,6,6,7,7,43,16,17,18,19,0,16,17,18,19,8,8,9,9,43,19,18,20,21,0,19,18,20,21,9,9,10,10,43,3,2,5,4,0,3,2,5,4,1,1,2,2,43,22,23,17,16,0,22,23,17,16,11,11,8,8,43,11,10,24,25,0,11,10,24,25,5,5,12,12,43,23,22,15,14,0,23,22,15,14,11,11,7,7,43,26,27,28,29,0,26,27,28,29,13,13,14,14,43,30,31,27,26,0,30,31,27,26,15,15,13,13,43,32,33,31,30,0,32,33,31,30,16,16,15,15,43,34,35,33,32,0,34,35,33,32,17,17,16,16,43,25,24,9,8,0,25,24,9,8,12,12,4,4,43,29,28,21,20,0,29,28,21,20,14,14,10,10,43,1,0,36,37,0,1,0,36,37,0,0,18,18]
}