{
    "materials":[{
        "DbgColor":15658734,
        "specularCoef":50,
        "blending":"NormalBlending",
        "shading":"phong",
        "transparent":false,
        "colorSpecular":[0.5,0.5,0.5],
        "wireframe":false,
        "doubleSided":false,
        "colorEmissive":[0,0,0],
        "depthWrite":true,
        "visible":true,
        "opacity":1,
        "DbgIndex":0,
        "colorDiffuse":[0.64,0.64,0.64],
        "DbgName":"Mat_2",
        "vertexColors":false,
        "depthTest":true
    }],
    "vertices":[105.447,12.1074,-12.8958,105.447,72.136,-12.8958,106.144,72.136,-13.5719,106.144,12.1074,-13.5719,115.15,72.136,-17.8449,115.15,12.1074,-17.8449,113.466,12.1074,-17.4876,113.466,72.136,-17.4876,124.829,72.136,-16.7753,124.829,12.1074,-16.7753,123.23,12.1074,-17.3342,123.23,72.136,-17.3342,127.799,72.136,-15.2396,127.799,12.1074,-15.2396,126.355,12.1074,-16.0744,126.355,72.136,-16.0744,129.154,72.136,-14.2786,129.154,12.1074,-14.2786,130.413,72.136,-13.1996,130.413,12.1074,-13.1996,107.436,12.1074,-14.6125,107.435,72.136,-14.6125,108.821,72.136,-15.5323,108.822,12.1074,-15.5323,111.845,12.1074,-16.9778,111.845,72.136,-16.9777,119.845,12.1074,-17.9945,119.845,72.136,-17.9945,121.566,72.136,-17.7432,121.566,12.1074,-17.7432,110.294,72.136,-16.3233,110.294,12.1074,-16.3233,116.303,72.136,-17.9945,116.304,12.1074,-17.9945,118.074,72.136,-18.08,118.074,12.1074,-18.08,130.707,72.136,-12.8958,130.707,12.1074,-12.8958],
    "colors":[],
    "normals":[-0.696188,0,-0.717826,-0.662465,0,-0.749046,-0.168187,0,-0.985748,-0.254036,0,-0.967162,0.374126,0,-0.927366,0.284677,0,-0.958617,0.539964,0,-0.84167,0.459426,0,-0.88818,0.615314,0,-0.788263,0.68511,0,-0.728416,-0.590777,0,-0.806787,-0.513688,0,-0.857967,-0.344737,0,-0.938688,0.096438,0,-0.995331,0.191778,0,-0.981414,-0.431501,0,-0.902097,-0.088473,0,-0.996063,0,0,-0.999969,0.717826,0,-0.696188],
    "uvs":[[0.626208,0.970162,0.626208,0.821439,0.635,0.822102,0.635,0.970273,0.725,0.830244,0.725,0.971633,0.71,0.971388,0.71,0.828779,0.81,0.838203,0.81,0.972963,0.795,0.972752,0.795,0.83694,0.84,0.840498,0.84,0.973347,0.825,0.973162,0.825,0.83939,0.855,0.841523,0.855,0.973518,0.87,0.842464,0.87,0.973675,0.65,0.970476,0.65,0.823317,0.665,0.824603,0.665,0.970691,0.695,0.971149,0.695,0.827344,0.765,0.972294,0.765,0.8342,0.78,0.835605,0.78,0.972529,0.68,0.825949,0.68,0.970916,0.735,0.831234,0.735,0.971799,0.75,0.83273,0.75,0.972049,0.873831,0.842682,0.873831,0.973712]],
    "metadata":{
        "normals":19,
        "colors":0,
        "materials":1,
        "vertices":38,
        "type":"Geometry",
        "uvs":1,
        "generator":"io_three",
        "version":3,
        "faces":18
    },
    "faces":[43,0,1,2,3,0,0,1,2,3,0,0,1,1,43,4,5,6,7,0,4,5,6,7,2,2,3,3,43,8,9,10,11,0,8,9,10,11,4,4,5,5,43,12,13,14,15,0,12,13,14,15,6,6,7,7,43,16,17,13,12,0,16,17,13,12,8,8,6,6,43,18,19,17,16,0,18,19,17,16,9,9,8,8,43,20,21,22,23,0,20,21,22,23,10,10,11,11,43,24,25,7,6,0,24,25,7,6,12,12,3,3,43,26,27,28,29,0,26,27,28,29,13,13,14,14,43,9,8,15,14,0,9,8,15,14,4,4,7,7,43,3,2,21,20,0,3,2,21,20,1,1,10,10,43,23,22,30,31,0,23,22,30,31,11,11,15,15,43,31,30,25,24,0,31,30,25,24,15,15,12,12,43,5,4,32,33,0,5,4,32,33,2,2,16,16,43,33,32,34,35,0,33,32,34,35,16,16,17,17,43,35,34,27,26,0,35,34,27,26,17,17,13,13,43,29,28,11,10,0,29,28,11,10,14,14,5,5,43,19,18,36,37,0,19,18,36,37,9,9,18,18]
}