{
    "materials":[{
        "vertexColors":false,
        "visible":true,
        "depthWrite":true,
        "specularCoef":50,
        "transparent":false,
        "DbgName":"Mat_2.003",
        "colorEmissive":[0,0,0],
        "shading":"phong",
        "mapDiffuseWrap":["repeat","repeat"],
        "DbgIndex":0,
        "doubleSided":false,
        "mapDiffuseRepeat":[1,1],
        "colorSpecular":[0.5,0.5,0.5],
        "wireframe":false,
        "mapDiffuseAnisotropy":1,
        "mapDiffuse":null,
        "colorDiffuse":[0.64,0.64,0.64],
        "DbgColor":15658734,
        "blending":"NormalBlending",
        "opacity":1,
        "depthTest":true
    }],
    "faces":[43,0,1,2,3,0,0,1,2,3,0,0,0,0,43,1,0,4,5,0,6,7,4,5,1,1,1,1,43,6,7,5,4,0,0,1,2,3,2,2,2,2,43,3,2,7,6,0,7,6,5,4,3,3,3,3,43,1,5,7,2,0,8,9,10,11,4,4,4,4,43,4,0,3,6,0,12,13,14,15,5,5,5,5],
    "colors":[],
    "normals":[0,-0,1,1,0,-0,0,0,-1,-1,0,0,-0,1,0,0,-1,0],
    "uvs":[[-0.162124,0.364859,1.16468,0.364859,1.16468,0.630219,-0.162124,0.630219,0.036391,0.141156,0.036391,0.881796,0.040623,0.881796,0.040623,0.141156,0.030611,0.021098,0.020476,0.021098,0.020476,0.375818,0.030611,0.375818,0.020476,0.021098,0.03061,0.021098,0.03061,0.375818,0.020476,0.375818]],
    "vertices":[14.6693,30.0484,0.200004,14.6693,100.048,0.200012,0.669293,100.048,0.200012,0.669293,30.0484,0.200004,14.6693,30.0484,-0.199996,14.6693,100.048,-0.199988,0.669293,30.0484,-0.199996,0.669293,100.048,-0.199988],
    "metadata":{
        "colors":0,
        "generator":"io_three",
        "vertices":8,
        "materials":1,
        "faces":6,
        "version":3,
        "uvs":1,
        "normals":6,
        "type":"Geometry"
    }
}