{
    "colors":[],
    "uvs":[[0.211713,0.800779,0.026759,0.48043,0.211713,0.160081,0.778389,0.160081,0.963343,0.48043,0.778389,0.800779]],
    "vertices":[-25.6657,68.6761,11.8365,-42.4194,39.6578,11.8365,-25.6657,10.6396,11.8365,25.6657,10.6396,11.8365,42.4194,39.6578,11.8365,25.6657,68.6761,11.8365],
    "metadata":{
        "uvs":1,
        "materials":1,
        "version":3,
        "type":"Geometry",
        "generator":"io_three",
        "colors":0,
        "vertices":6,
        "faces":4,
        "normals":1
    },
    "materials":[{
        "doubleSided":false,
        "colorEmissive":[0,0,0],
        "colorSpecular":[0.5,0.5,0.5],
        "mapDiffuse":null,
        "visible":true,
        "wireframe":false,
        "opacity":1,
        "depthTest":true,
        "shading":"phong",
        "mapDiffuseRepeat":[1,1],
        "depthWrite":true,
        "mapDiffuseWrap":["repeat","repeat"],
        "transparent":false,
        "DbgColor":15658734,
        "DbgName":"_",
        "blending":"NormalBlending",
        "vertexColors":false,
        "colorDiffuse":[0.64,0.64,0.64],
        "specularCoef":50,
        "mapDiffuseAnisotropy":1,
        "DbgIndex":0
    }],
    "faces":[42,5,0,1,0,5,0,1,0,0,0,42,1,2,3,0,1,2,3,0,0,0,42,3,4,5,0,3,4,5,0,0,0,42,1,3,5,0,1,3,5,0,0,0],
    "normals":[0,0,1]
}