{
    "faces":[35,0,9,12,2,0,0,0,0,0,35,2,12,14,6,0,1,1,1,1,35,6,14,8,4,0,2,2,2,2,35,9,0,4,8,0,3,3,3,3,35,4,0,2,6,1,4,4,4,4,35,21,3,1,5,2,5,5,5,5,35,16,15,7,10,0,6,6,6,6,35,10,7,5,1,2,7,7,7,7,35,18,17,11,13,0,8,8,8,8,35,13,11,3,21,2,9,9,9,9,35,15,18,13,7,0,10,10,10,10,35,7,13,21,5,2,11,11,11,11,35,17,16,10,11,0,12,12,12,12,35,11,10,1,3,2,13,13,13,13,35,12,9,16,17,2,12,12,12,12,35,8,14,18,15,2,10,10,10,10,35,14,12,17,18,2,14,14,14,14,35,9,8,15,16,2,15,15,15,15,35,1,24,27,3,0,16,16,16,16,35,3,27,29,21,0,1,1,1,1,35,21,29,23,5,0,2,2,2,2,35,5,23,24,1,0,17,17,17,17,35,36,19,34,20,2,5,5,5,5,35,31,30,22,25,0,18,18,18,18,35,25,22,20,34,2,19,19,19,19,35,33,32,26,28,0,20,20,20,20,35,28,26,19,36,2,21,21,21,21,35,30,33,28,22,0,22,22,22,22,35,22,28,36,20,2,23,23,23,23,35,32,31,25,26,0,24,24,24,24,35,26,25,34,19,2,25,25,25,25,35,27,24,31,32,2,12,12,12,12,35,23,29,33,30,2,22,22,22,22,35,29,27,32,33,2,20,20,20,20,35,24,23,30,31,2,26,26,26,26,35,34,40,43,19,0,27,27,27,27,35,19,43,45,36,0,1,1,1,1,35,36,45,39,20,0,2,2,2,2,35,20,39,40,34,0,28,28,28,28,35,37,35,50,53,2,5,5,5,5,35,47,46,38,41,0,29,29,29,29,35,41,38,53,50,2,30,30,30,30,35,49,48,42,44,0,20,20,20,20,35,44,42,35,37,2,21,21,21,21,35,46,49,44,38,0,22,22,22,22,35,38,44,37,53,2,23,23,23,23,35,48,47,41,42,0,12,12,12,12,35,42,41,50,35,2,31,31,31,31,35,43,40,47,48,2,12,12,12,12,35,39,45,49,46,2,22,22,22,22,35,45,43,48,49,2,32,32,32,32,35,40,39,46,47,2,6,6,6,6,35,50,58,61,35,0,27,27,27,27,35,35,61,63,37,0,1,1,1,1,35,37,63,57,53,0,2,2,2,2,35,53,57,58,50,0,33,33,33,33,35,55,52,51,54,2,5,5,5,5,35,65,64,56,59,0,34,34,34,34,35,59,56,54,51,2,35,35,35,35,35,67,66,60,62,0,32,32,32,32,35,62,60,52,55,2,21,21,21,21,35,64,67,62,56,0,22,22,22,22,35,56,62,55,54,2,23,23,23,23,35,66,65,59,60,0,24,24,24,24,35,60,59,51,52,2,31,31,31,31,35,61,58,65,66,2,24,24,24,24,35,57,63,67,64,2,22,22,22,22,35,63,61,66,67,2,20,20,20,20,35,58,57,64,65,2,36,36,36,36],
    "colors":[],
    "normals":[-0.928477,-0.37139,1e-06,0,-0.099504,-0.995037,0.928477,-0.371391,0,-0,-0.099504,0.995037,0,-1,0,0,1,0,0,0,1,0,0.099504,0.995037,0,-0,-1,0,0.099504,-0.995037,1,0,0,0.928476,0.371392,0,-1,-0,0,-0.928476,0.371392,-1e-06,0,-0,-1,0,0,1,-0.928477,-0.37139,1e-06,-0,-0.099503,0.995037,0,0,1,0,0.099504,0.995037,0,-0,-1,0,0.099504,-0.995037,1,0,0,0.928477,0.371391,0,-1,-0,0,-0.928476,0.371392,-1e-06,0,0,1,-0.928477,-0.371391,0,0,-0.099504,0.995037,0,0,1,0,0.099504,0.995037,-0.928477,0.371391,0,0,-0,-1,0,-0.099504,0.995037,0,0,1,0,0.099504,0.995037,0,0,1],
    "metadata":{
        "generator":"io_three",
        "normals":37,
        "uvs":0,
        "faces":69,
        "materials":3,
        "version":3,
        "type":"Geometry",
        "colors":0,
        "vertices":68
    },
    "materials":[{
        "opacity":1,
        "specularCoef":50,
        "vertexColors":false,
        "DbgName":"Material.002",
        "visible":true,
        "DbgIndex":1,
        "doubleSided":false,
        "wireframe":false,
        "blending":"NormalBlending",
        "colorEmissive":[0,0,0],
        "colorSpecular":[0.5,0.5,0.5],
        "DbgColor":15597568,
        "colorDiffuse":[1,1,1],
        "depthTest":true,
        "transparent":false,
        "depthWrite":true,
        "shading":"phong"
    },{
        "opacity":1,
        "specularCoef":50,
        "vertexColors":false,
        "DbgName":"Material.003",
        "visible":true,
        "DbgIndex":2,
        "doubleSided":false,
        "wireframe":false,
        "blending":"NormalBlending",
        "colorEmissive":[0,0,0],
        "colorSpecular":[0.5,0.5,0.5],
        "DbgColor":60928,
        "colorDiffuse":[0.64,0.592662,0],
        "depthTest":true,
        "transparent":false,
        "depthWrite":true,
        "shading":"phong"
    },{
        "opacity":1,
        "specularCoef":50,
        "vertexColors":false,
        "DbgName":"Material.001",
        "visible":true,
        "DbgIndex":0,
        "doubleSided":false,
        "wireframe":false,
        "blending":"NormalBlending",
        "colorEmissive":[0,0,0],
        "colorSpecular":[0.5,0.5,0.5],
        "DbgColor":15658734,
        "colorDiffuse":[0.64,0,0.002354],
        "depthTest":true,
        "transparent":false,
        "depthWrite":true,
        "shading":"phong"
    }],
    "uvs":[],
    "vertices":[-8,0,2,-8,200,1.99999,-8,-0,-2,-8,200,-2.00001,8,0,2,8,200,1.99999,8,-0,-2,10,195,2.49999,10,5,2.5,-10,5.00001,2.5,-10,195,2.49999,-10,195,-2.50001,-10,5,-2.5,10,195,-2.50001,10,5,-2.5,10,100,2.5,-10,100,2.5,-10,100,-2.5,10,100,-2.5,-8,400,-2.00002,8,400,1.99998,8,200,-2.00001,10,395,2.49998,10,205,2.49999,-10,205,2.49999,-10,395,2.49998,-10,395,-2.50002,-10,205,-2.50001,10,395,-2.50002,10,205,-2.50001,10,300,2.49999,-10,300,2.49999,-10,300,-2.50001,10,300,-2.50001,-8,400,1.99998,-8,600,-2.00003,8,400,-2.00002,8,600,-2.00003,10,595,2.49997,10,405,2.49998,-10,405,2.49998,-10,595,2.49997,-10,595,-2.50003,-10,405,-2.50002,10,595,-2.50003,10,405,-2.50002,10,500,2.49998,-10,500,2.49998,-10,500,-2.50002,10,500,-2.50002,-8,600,1.99997,-8,800,1.99996,-8,800,-2.00004,8,600,1.99997,8,800,1.99996,8,800,-2.00004,10,795,2.49996,10,605,2.49997,-10,605,2.49997,-10,795,2.49996,-10,795,-2.50004,-10,605,-2.50003,10,795,-2.50004,10,605,-2.50003,10,700,2.49997,-10,700,2.49997,-10,700,-2.50003,10,700,-2.50003]
}