{
    "faces":[43,0,1,2,3,0,0,1,2,3,0,1,1,0,43,1,4,5,2,0,1,4,5,2,1,2,2,1,43,4,6,7,5,0,4,6,7,5,2,3,3,2,43,6,8,9,7,0,6,8,9,7,3,4,4,3,43,8,10,11,9,0,8,10,11,9,4,5,5,4,43,10,12,13,11,0,10,12,13,11,5,6,6,5,43,12,14,15,13,0,12,14,15,13,6,7,7,6,43,14,16,17,15,0,14,16,17,15,7,8,8,7,43,16,18,19,17,0,16,18,19,17,8,9,9,8,43,18,20,21,19,0,18,20,21,19,9,10,10,9,43,22,23,24,25,0,22,23,24,25,11,12,12,11,43,23,26,27,24,0,23,26,27,24,12,13,13,12,43,28,29,30,31,0,28,29,30,31,14,15,15,14,43,26,32,33,27,0,26,32,33,27,13,16,16,13,43,32,34,35,33,0,32,34,35,33,16,17,17,16,43,34,36,37,35,0,34,36,37,35,17,18,18,17,43,36,38,39,37,0,36,38,39,37,18,19,19,18,43,20,40,41,21,0,20,40,41,21,10,20,20,10,43,40,42,43,41,0,40,42,43,41,20,21,21,20,43,29,44,45,30,0,29,44,45,30,15,22,22,15,43,42,22,25,43,0,42,22,25,43,21,11,11,21,43,44,0,3,45,0,44,0,3,45,22,0,0,22],
    "normals":[-0.627613,-0.203894,-0.751335,-0.559008,-0.181616,-0.808985,-0.485275,-0.157659,-0.860012,-0.406751,-0.132145,-0.903897,-0.323923,-0.105228,-0.940184,-0.237373,-0.07712,-0.968322,-0.156255,-0.050752,-0.986389,-0.080325,-0.026093,-0.996399,0.004578,0.001465,-0.999969,0.096255,0.031251,-0.994842,0.186804,0.060671,-0.980499,0.440443,0.143101,-0.886258,0.516678,0.167852,-0.839534,0.587939,0.191015,-0.786004,-0.775842,-0.252052,-0.578356,-0.748009,-0.243019,-0.617542,0.65392,0.212439,-0.726096,0.714316,0.232063,-0.660176,0.768853,0.249794,-0.58858,0.792413,0.257454,-0.552965,0.274911,0.089297,-0.957305,0.359691,0.116855,-0.925687,-0.690695,-0.224403,-0.687399],
    "vertices":[76.9751,39.3168,-11.9229,77.9979,39.8379,-12.8363,86.4616,13.7878,-12.8363,85.3278,13.6082,-11.9229,79.0954,40.397,-13.6437,87.6781,13.9804,-13.6437,80.2613,40.9909,-14.338,88.9705,14.1851,-14.338,81.4893,41.6166,-14.9125,90.3317,14.4007,-14.9125,82.7732,42.2706,-15.36,91.7549,14.6261,-15.36,84.1068,42.95,-15.6736,93.2331,14.8602,-15.6737,85.0202,43.4154,-15.8049,94.2457,15.0206,-15.8049,86.4224,44.1297,-15.88,95.8,15.2667,-15.88,87.8246,44.844,-15.8049,97.3543,15.5129,-15.8049,89.1877,45.5385,-15.5844,98.8653,15.7522,-15.5844,92.9794,47.4701,-14.1196,94.1232,48.0528,-13.3867,104.336,16.6187,-13.3867,103.068,16.4179,-14.1196,95.1965,48.5996,-12.5433,105.526,16.8071,-12.5433,74.8327,38.2254,-9.26468,75.1789,38.4017,-9.80588,83.3367,13.2929,-9.80588,82.953,13.2321,-9.26469,96.1929,49.1072,-11.5961,106.63,16.982,-11.5961,97.1063,49.5725,-10.5521,107.643,17.1424,-10.5521,97.9303,49.9923,-9.41843,108.556,17.287,-9.41843,98.0224,50.0392,-9.26468,108.658,17.3032,-9.26469,90.5054,46.2097,-15.2254,100.326,15.9835,-15.2254,91.7714,46.8547,-14.7348,101.729,16.2058,-14.7348,76.0333,38.8371,-10.9104,84.2839,13.4429,-10.9104],
    "metadata":{
        "generator":"io_three",
        "materials":1,
        "normals":23,
        "uvs":1,
        "vertices":46,
        "faces":22,
        "type":"Geometry",
        "version":3,
        "colors":0
    },
    "materials":[{
        "doubleSided":false,
        "specularCoef":50,
        "depthTest":true,
        "wireframe":false,
        "DbgIndex":0,
        "DbgName":"Mat_2.004",
        "transparent":false,
        "opacity":1,
        "shading":"phong",
        "DbgColor":15658734,
        "colorDiffuse":[0.64,0.64,0.64],
        "depthWrite":true,
        "colorSpecular":[0.5,0.5,0.5],
        "colorEmissive":[0,0,0],
        "visible":true,
        "vertexColors":false,
        "blending":"NormalBlending"
    }],
    "uvs":[[0.635,0.850003,0.65,0.850003,0.65,0.950008,0.635,0.950008,0.665,0.850003,0.665,0.950008,0.68,0.850003,0.68,0.950008,0.695,0.850003,0.695,0.950008,0.71,0.850003,0.71,0.950008,0.725,0.850003,0.725,0.950008,0.735,0.850003,0.735,0.950008,0.75,0.850003,0.75,0.950008,0.765,0.850003,0.765,0.950008,0.78,0.850003,0.78,0.950008,0.825,0.850003,0.84,0.850003,0.84,0.950008,0.825,0.950008,0.855,0.850003,0.855,0.950008,0.598176,0.850003,0.605,0.850003,0.605,0.950008,0.598176,0.950008,0.87,0.850003,0.87,0.950008,0.885,0.850003,0.885,0.950008,0.9,0.850003,0.9,0.950008,0.901896,0.850003,0.901896,0.950008,0.795,0.850003,0.795,0.950008,0.81,0.850003,0.81,0.950008,0.62,0.850003,0.62,0.950008]],
    "colors":[]
}