{
    "normals":[-0.627613,-0.203894,-0.751335,-0.559008,-0.181616,-0.808985,-0.485275,-0.157659,-0.860012,-0.406751,-0.132145,-0.903897,-0.323923,-0.105228,-0.940184,-0.237373,-0.07712,-0.968322,-0.156255,-0.050752,-0.986389,-0.080325,-0.026093,-0.996399,0.004578,0.001465,-0.999969,0.096255,0.031251,-0.994842,0.186804,0.060671,-0.980499,0.440443,0.143101,-0.886258,0.516678,0.167852,-0.839534,0.587939,0.191015,-0.786004,-0.775842,-0.252052,-0.578356,-0.748009,-0.243019,-0.617542,0.65392,0.212439,-0.726096,0.714316,0.232063,-0.660176,0.768853,0.249794,-0.58858,0.792413,0.257454,-0.552965,0.274911,0.089297,-0.957305,0.359691,0.116855,-0.925687,-0.690695,-0.224403,-0.687399],
    "uvs":[[0.917572,0.18129,0.923112,0.208539,0.077782,0.208539,0.083324,0.18129,0.929057,0.239049,0.071836,0.239049,0.935372,0.272666,0.065519,0.272666,0.942024,0.309232,0.058866,0.309232,0.948978,0.348588,0.051909,0.348588,0.956201,0.390578,0.044685,0.390578,0.961149,0.419957,0.039735,0.419957,0.968745,0.465986,0.032138,0.465987,0.97634,0.513123,0.024541,0.513122,0.983723,0.56003,0.017156,0.56003,1.00426,0.696786,1.01046,0.740183,-0.009585,0.740184,-0.003388,0.696786,1.01627,0.782052,-0.015399,0.782052,0.905967,0.1297,0.907842,0.137213,0.093056,0.137213,0.094932,0.1297,1.02167,0.822133,-0.020799,0.822134,1.02662,0.860167,-0.025747,0.860167,1.03108,0.895894,-0.030212,0.895894,1.03158,0.900085,-0.030711,0.900085,0.990861,0.606449,0.010017,0.606449,0.997718,0.652121,0.003158,0.652121,0.912471,0.157462,0.088426,0.157462]],
    "vertices":[76.9751,39.3168,-11.9229,77.9979,39.8379,-12.8363,86.4616,13.7878,-12.8363,85.3278,13.6082,-11.9229,79.0954,40.397,-13.6437,87.6781,13.9804,-13.6437,80.2613,40.9909,-14.338,88.9705,14.1851,-14.338,81.4893,41.6166,-14.9125,90.3317,14.4007,-14.9125,82.7732,42.2706,-15.36,91.7549,14.6261,-15.36,84.1068,42.95,-15.6736,93.2331,14.8602,-15.6737,85.0202,43.4154,-15.8049,94.2457,15.0206,-15.8049,86.4224,44.1297,-15.88,95.8,15.2667,-15.88,87.8246,44.844,-15.8049,97.3543,15.5129,-15.8049,89.1877,45.5385,-15.5844,98.8653,15.7522,-15.5844,92.9794,47.4701,-14.1196,94.1232,48.0528,-13.3867,104.336,16.6187,-13.3867,103.068,16.4179,-14.1196,95.1965,48.5996,-12.5433,105.526,16.8071,-12.5433,74.8327,38.2254,-9.26468,75.1789,38.4017,-9.80588,83.3367,13.2929,-9.80588,82.953,13.2321,-9.26469,96.1929,49.1072,-11.5961,106.63,16.982,-11.5961,97.1063,49.5725,-10.5521,107.643,17.1424,-10.5521,97.9303,49.9923,-9.41843,108.556,17.287,-9.41843,98.0224,50.0392,-9.26468,108.658,17.3032,-9.26469,90.5054,46.2097,-15.2254,100.326,15.9835,-15.2254,91.7714,46.8547,-14.7348,101.729,16.2058,-14.7348,76.0333,38.8371,-10.9104,84.2839,13.4429,-10.9104],
    "metadata":{
        "type":"Geometry",
        "normals":23,
        "uvs":1,
        "faces":22,
        "generator":"io_three",
        "version":3,
        "vertices":46,
        "materials":1,
        "colors":0
    },
    "colors":[],
    "materials":[{
        "DbgColor":15658734,
        "blending":"NormalBlending",
        "visible":true,
        "wireframe":false,
        "depthTest":true,
        "mapDiffuseRepeat":[1,1],
        "DbgName":"Mat_2.004",
        "mapDiffuseWrap":["repeat","repeat"],
        "vertexColors":false,
        "colorSpecular":[0.5,0.5,0.5],
        "specularCoef":50,
        "depthWrite":true,
        "mapDiffuseAnisotropy":1,
        "transparent":false,
        "DbgIndex":0,
        "colorEmissive":[0,0,0],
        "doubleSided":false,
        "opacity":1,
        "colorDiffuse":[0.64,0.64,0.64],
        "shading":"phong",
        "mapDiffuse":null
    }],
    "faces":[43,0,1,2,3,0,0,1,2,3,0,1,1,0,43,1,4,5,2,0,1,4,5,2,1,2,2,1,43,4,6,7,5,0,4,6,7,5,2,3,3,2,43,6,8,9,7,0,6,8,9,7,3,4,4,3,43,8,10,11,9,0,8,10,11,9,4,5,5,4,43,10,12,13,11,0,10,12,13,11,5,6,6,5,43,12,14,15,13,0,12,14,15,13,6,7,7,6,43,14,16,17,15,0,14,16,17,15,7,8,8,7,43,16,18,19,17,0,16,18,19,17,8,9,9,8,43,18,20,21,19,0,18,20,21,19,9,10,10,9,43,22,23,24,25,0,22,23,24,25,11,12,12,11,43,23,26,27,24,0,23,26,27,24,12,13,13,12,43,28,29,30,31,0,28,29,30,31,14,15,15,14,43,26,32,33,27,0,26,32,33,27,13,16,16,13,43,32,34,35,33,0,32,34,35,33,16,17,17,16,43,34,36,37,35,0,34,36,37,35,17,18,18,17,43,36,38,39,37,0,36,38,39,37,18,19,19,18,43,20,40,41,21,0,20,40,41,21,10,20,20,10,43,40,42,43,41,0,40,42,43,41,20,21,21,20,43,29,44,45,30,0,29,44,45,30,15,22,22,15,43,42,22,25,43,0,42,22,25,43,21,11,11,21,43,44,0,3,45,0,44,0,3,45,22,0,0,22]
}