{
    "faces":[43,0,1,2,3,0,0,1,2,3,0,1,1,0,43,1,4,5,2,0,1,4,5,2,1,2,2,1,43,4,6,7,5,0,4,6,7,5,2,3,3,2,43,6,8,9,7,0,6,8,9,7,3,4,4,3,43,8,10,11,9,0,8,10,11,9,4,5,5,4,43,10,12,13,11,0,10,12,13,11,5,6,6,5,43,12,14,15,13,0,12,14,15,13,6,7,7,6,43,14,16,17,15,0,14,16,17,15,7,8,8,7,43,16,18,19,17,0,16,18,19,17,8,9,9,8,43,18,20,21,19,0,18,20,21,19,9,10,10,9,43,20,22,23,21,0,20,22,23,21,10,11,11,10,43,24,25,26,27,0,24,25,26,27,12,13,13,12,43,28,29,30,31,0,28,29,30,31,14,15,15,14,43,25,0,3,26,0,25,0,3,26,13,0,0,13,43,29,32,33,30,0,29,32,33,30,15,16,16,15,43,32,34,35,33,0,32,34,35,33,16,17,17,16,43,34,36,37,35,0,34,36,37,35,17,18,18,17,43,36,38,39,37,0,36,38,39,37,18,19,19,18,43,38,40,41,39,0,38,40,41,39,19,20,20,19,43,42,28,31,43,0,42,28,31,43,21,14,14,21,43,40,44,45,41,0,40,44,45,41,20,22,22,20,43,44,24,27,45,0,44,24,27,45,22,12,12,22],
    "normals":[-0.004578,0.001465,-0.999969,-0.096255,0.031251,-0.994842,-0.186804,0.060671,-0.980499,-0.274911,0.089297,-0.957305,-0.359691,0.116855,-0.925687,-0.440443,0.143101,-0.886258,-0.516678,0.167852,-0.839534,-0.587939,0.191015,-0.786004,-0.65392,0.212439,-0.726096,-0.714316,0.232063,-0.660176,-0.768853,0.249794,-0.588549,-0.792413,0.257454,-0.552934,0.156255,-0.050752,-0.986389,0.080325,-0.026093,-0.996399,0.748009,-0.243019,-0.617542,0.690695,-0.224403,-0.687399,0.627613,-0.203894,-0.751335,0.559008,-0.181616,-0.808985,0.485275,-0.157659,-0.860012,0.406751,-0.132145,-0.903897,0.323923,-0.105228,-0.940184,0.775842,-0.252052,-0.578356,0.237373,-0.07712,-0.968322],
    "vertices":[-95.8,15.2667,-15.88,-97.3543,15.5129,-15.8049,-87.8246,44.8441,-15.8049,-86.4224,44.1297,-15.88,-98.8653,15.7522,-15.5844,-89.1876,45.5387,-15.5844,-100.326,15.9835,-15.2254,-90.5053,46.21,-15.2254,-101.729,16.2058,-14.7348,-91.7713,46.8551,-14.7348,-103.068,16.4179,-14.1196,-92.9793,47.4706,-14.1196,-104.336,16.6187,-13.3867,-94.123,48.0534,-13.3867,-105.526,16.8071,-12.5433,-95.1963,48.6002,-12.5433,-106.63,16.982,-11.5961,-96.1927,49.1079,-11.5961,-107.643,17.1424,-10.5521,-97.1061,49.5733,-10.5521,-108.556,17.287,-9.41843,-97.9301,49.9931,-9.41843,-108.658,17.3032,-9.26469,-98.0221,50.04,-9.26468,-93.2331,14.8602,-15.6737,-94.2457,15.0206,-15.8049,-85.0202,43.4152,-15.8049,-84.1068,42.9498,-15.6736,-83.3367,13.2929,-9.80588,-84.2839,13.4429,-10.9104,-76.0336,38.8363,-10.9104,-75.1791,38.4009,-9.80588,-85.3278,13.6082,-11.9229,-76.9753,39.3162,-11.9229,-86.4616,13.7878,-12.8363,-77.9981,39.8373,-12.8363,-87.6781,13.9804,-13.6437,-79.0955,40.3964,-13.6437,-88.9705,14.1851,-14.338,-80.2614,40.9905,-14.338,-90.3317,14.4007,-14.9125,-81.4894,41.6162,-14.9125,-82.953,13.2321,-9.26469,-74.833,38.2246,-9.26468,-91.7549,14.6261,-15.36,-82.7733,42.2704,-15.36],
    "metadata":{
        "generator":"io_three",
        "materials":1,
        "normals":23,
        "uvs":1,
        "vertices":46,
        "faces":22,
        "type":"Geometry",
        "version":3,
        "colors":0
    },
    "materials":[{
        "doubleSided":false,
        "specularCoef":50,
        "depthTest":true,
        "wireframe":false,
        "DbgIndex":0,
        "DbgName":"Mat_2.004",
        "transparent":false,
        "opacity":1,
        "shading":"phong",
        "DbgColor":15658734,
        "colorDiffuse":[0.64,0.64,0.64],
        "depthWrite":true,
        "colorSpecular":[0.5,0.5,0.5],
        "colorEmissive":[0,0,0],
        "visible":true,
        "vertexColors":false,
        "blending":"NormalBlending"
    }],
    "uvs":[[0.75,0.049992,0.765,0.049992,0.765,0.149997,0.75,0.149997,0.78,0.049992,0.78,0.149997,0.795,0.049992,0.795,0.149997,0.81,0.049992,0.81,0.149997,0.825,0.049992,0.825,0.149997,0.84,0.049992,0.84,0.149997,0.855,0.049992,0.855,0.149997,0.87,0.049992,0.87,0.149997,0.885,0.049992,0.885,0.149997,0.9,0.049992,0.9,0.149997,0.901896,0.049992,0.901896,0.149997,0.725,0.049992,0.735,0.049992,0.735,0.149997,0.725,0.149997,0.605,0.049992,0.62,0.049992,0.62,0.149997,0.605,0.149997,0.635,0.049992,0.635,0.149997,0.65,0.049992,0.65,0.149997,0.665,0.049992,0.665,0.149997,0.68,0.049992,0.68,0.149997,0.695,0.049992,0.695,0.149997,0.598176,0.049992,0.598176,0.149997,0.71,0.049992,0.71,0.149997]],
    "colors":[]
}