{
    "metadata":{
        "faces":70,
        "type":"Geometry",
        "uvs":1,
        "vertices":140,
        "version":3,
        "normals":71,
        "materials":1,
        "colors":0,
        "generator":"io_three"
    },
    "materials":[{
        "depthWrite":true,
        "opacity":1,
        "transparent":false,
        "colorDiffuse":[0.64,0.64,0.64],
        "depthTest":true,
        "doubleSided":false,
        "shading":"phong",
        "visible":true,
        "DbgColor":15658734,
        "blending":"NormalBlending",
        "colorEmissive":[0,0,0],
        "vertexColors":false,
        "DbgIndex":0,
        "wireframe":false,
        "DbgName":"Mat_1.004",
        "specularCoef":50,
        "colorSpecular":[0.5,0.5,0.5]
    }],
    "colors":[],
    "normals":[0.951048,0.309,0,0.946654,0.307566,-0.09595,0.933561,0.303293,-0.190863,0.912076,0.296304,-0.283364,0.882595,0.286752,-0.372478,0.845668,0.274758,-0.457503,0.801782,0.260475,-0.537828,0.751366,0.244118,-0.613056,0.694815,0.225745,-0.682791,0.632527,0.205481,-0.746757,0.564745,0.183477,-0.80459,0.491806,0.159764,-0.855892,0.414014,0.134495,-0.900266,0.331858,0.107822,-0.937132,0.245857,0.079867,-0.966002,0.163671,0.053163,-0.985076,0.087954,0.028565,-0.995697,0.004578,0.001465,-0.999969,-0.087161,-0.028321,-0.995788,-0.177984,-0.057833,-0.982299,-0.266579,-0.086612,-0.959899,-0.35197,-0.114353,-0.928983,-0.433424,-0.140812,-0.890103,-0.510422,-0.165807,-0.843776,-0.582476,-0.189245,-0.79049,-0.649251,-0.210944,-0.730705,-0.710471,-0.230811,-0.664754,-0.76577,-0.248787,-0.592975,-0.76577,-0.248787,-0.593005,-0.814814,-0.264718,-0.515732,-0.857112,-0.278451,-0.433332,-0.892209,-0.289865,-0.346294,-0.919553,-0.298746,-0.255226,-0.937376,-0.304544,-0.168859,-0.947295,-0.307749,-0.088839,-0.951048,-0.309,0,-0.946562,-0.307535,0.096896,-0.933226,-0.303201,0.192694,-0.911313,-0.296091,0.285958,-0.881344,-0.286325,0.375774,-0.843776,-0.274148,0.461348,-0.799188,-0.259651,0.54207,-0.775842,-0.252052,0.578356,-0.748009,-0.243019,0.617542,-0.690695,-0.224403,0.687399,-0.627613,-0.203894,0.751335,-0.559008,-0.181616,0.808985,-0.485275,-0.157659,0.860012,-0.406751,-0.132145,0.903897,-0.323923,-0.105228,0.940184,-0.237373,-0.07712,0.968322,-0.156255,-0.050752,0.986389,-0.080325,-0.026093,0.996399,0.004578,0.001465,0.999969,0.096255,0.031251,0.994842,0.186804,0.060671,0.980499,0.274911,0.089297,0.957305,0.359691,0.116855,0.925687,0.440443,0.143101,0.886258,0.516678,0.167852,0.839534,0.587939,0.191015,0.786004,0.65392,0.212439,0.726096,0.714316,0.232063,0.660176,0.768853,0.249794,0.58858,0.792413,0.257454,0.552934,0.817164,0.265481,0.511612,0.858791,0.279,0.42967,0.893277,0.290201,0.343211,0.920133,0.298929,0.252846,0.93759,0.304605,0.167516,0.947356,0.307779,0.088107],
    "vertices":[111.6,17.7691,2e-06,111.525,17.7572,-1.55432,100.608,51.3577,-1.55431,100.676,51.3922,6e-06,111.304,17.7223,-3.06527,100.409,51.2563,-3.06526,110.945,17.6654,-4.52589,100.085,51.0913,-4.52589,110.455,17.5877,-5.92923,99.6427,50.8658,-5.92923,109.84,17.4903,-7.26831,99.0877,50.583,-7.26831,109.107,17.3742,-8.53618,98.4266,50.2462,-8.53618,108.263,17.2406,-9.72588,97.6657,49.8585,-9.72587,107.316,17.0906,-10.8304,96.8112,49.4231,-10.8304,106.272,16.9253,-11.8429,95.8695,48.9432,-11.8429,105.138,16.7457,-12.7563,94.8468,48.4221,-12.7563,103.922,16.5531,-13.5637,93.7493,47.8629,-13.5637,102.63,16.3484,-14.258,92.5834,47.2689,-14.258,101.268,16.1328,-14.8325,91.3554,46.6432,-14.8325,99.845,15.9074,-15.28,90.0715,45.989,-15.28,98.3669,15.6733,-15.5937,88.738,45.3096,-15.5936,97.3543,15.5129,-15.7249,87.8246,44.8441,-15.7249,95.8,15.2667,-15.8,86.4224,44.1297,-15.8,94.2457,15.0206,-15.7249,85.0202,43.4152,-15.7249,92.7347,14.7813,-15.5044,83.6572,42.7207,-15.5044,91.2741,14.55,-15.1454,82.3395,42.0494,-15.1454,89.8708,14.3277,-14.6548,81.0736,41.4043,-14.6548,88.5317,14.1156,-14.0396,79.8656,40.7888,-14.0396,87.2638,13.9148,-13.3067,78.7218,40.206,-13.3067,86.0741,13.7264,-12.4633,77.6486,39.6592,-12.4633,84.9696,13.5515,-11.5161,76.6521,39.1515,-11.5161,83.9571,13.3911,-10.4721,75.7388,38.6861,-10.4721,83.0437,13.2465,-9.33843,74.9148,38.2662,-9.33843,82.2363,13.1186,-8.1219,74.1864,37.8951,-8.1219,81.5419,13.0086,-6.82952,73.56,37.576,-6.82952,80.9675,12.9176,-5.46825,73.0418,37.3119,-5.46824,80.52,12.8468,-4.04504,72.6381,37.1062,-4.04504,80.2063,12.7971,-2.56687,72.3552,36.962,-2.56686,80.075,12.7763,-1.55431,72.2367,36.9017,-1.55431,80,12.7644,3e-06,72.169,36.8672,6e-06,80.075,12.7763,1.55432,72.2367,36.9017,1.55432,80.2956,12.8112,3.06527,72.4357,37.0031,3.06528,80.6546,12.8681,4.5259,72.7596,37.1681,4.5259,81.1452,12.9458,5.92923,73.2021,37.3936,5.92924,81.7604,13.0432,7.26832,73.7571,37.6764,7.26832,82.4932,13.1593,8.53619,74.4182,38.0132,8.53619,82.953,13.2321,9.18469,74.833,38.2246,9.18469,83.3367,13.2929,9.72588,84.2839,13.4429,10.8304,76.0336,38.8363,10.8304,75.1791,38.4009,9.72589,85.3278,13.6082,11.8429,76.9753,39.3161,11.8429,86.4616,13.7878,12.7563,77.9981,39.8373,12.7563,87.6781,13.9804,13.5637,79.0955,40.3964,13.5637,88.9705,14.1851,14.258,80.2614,40.9905,14.258,90.3317,14.4007,14.8325,81.4894,41.6162,14.8325,91.7549,14.6261,15.28,82.7733,42.2704,15.28,93.2331,14.8602,15.5937,84.1068,42.9498,15.5937,94.2457,15.0206,15.7249,85.0202,43.4152,15.7249,95.8,15.2667,15.8,86.4224,44.1297,15.8,97.3543,15.5129,15.7249,87.8246,44.8441,15.7249,98.8653,15.7522,15.5044,89.1876,45.5386,15.5044,100.326,15.9835,15.1454,90.5053,46.21,15.1454,101.729,16.2058,14.6548,91.7713,46.8551,14.6548,103.068,16.4179,14.0396,92.9793,47.4706,14.0396,104.336,16.6187,13.3067,94.123,48.0534,13.3067,105.526,16.8071,12.4633,95.1963,48.6002,12.4633,106.63,16.982,11.5161,96.1927,49.1079,11.5161,107.643,17.1424,10.4721,97.1061,49.5733,10.4721,108.556,17.287,9.33843,97.9301,49.9931,9.33844,108.658,17.3032,9.18469,98.0221,50.04,9.18469,109.364,17.4149,8.12191,110.058,17.5249,6.82953,99.2848,50.6834,6.82953,98.6584,50.3643,8.12191,110.632,17.6158,5.46825,99.803,50.9475,5.46826,111.08,17.6867,4.04505,100.207,51.1532,4.04505,111.394,17.7364,2.56687,100.49,51.2973,2.56688,111.525,17.7572,1.55432,100.608,51.3577,1.55432],