{
    "uvs":[[0.07295,0.280517,0.002154,0.227951,0.076418,0.280532,0.068448,0.280489,0.01622,0.281566,0.003167,0,1,0,0.99968,0.2276,0.866241,0.280396,0.856537,0.280365,0.497589,0.280365,0.870705,0.280656,0.873935,0.28066,0.142273,0.280365,0.878239,0.280639,0.881616,0.280622,0.126938,0.28064,0.885121,0.280625,0.12163,0.280646,0.888791,0.280613,0.117214,0.28063,0.892611,0.280593,0.113747,0.280637,0.896583,0.280575,0.110123,0.28063,0.900703,0.280566,0.106358,0.280617,0.90493,0.280534,0.102436,0.280606,0.91071,0.280517,0.09843,0.280606,0.09427,0.280583,0.916559,0.28047,0.090044,0.280585,0.918216,0.280471,0.087197,0.280569,0.91989,0.280463,0.082888,0.280547,0.922643,0.280451,0.081258,0.280552,0.926741,0.280408,0.079091,0.280548,0.931374,0.280364,0.985382,0.281372]],
    "colors":[],
    "metadata":{
        "uvs":1,
        "normals":7,
        "faces":39,
        "colors":0,
        "version":3,
        "generator":"io_three",
        "type":"Geometry",
        "vertices":44,
        "materials":1
    },
    "normals":[0.974609,0.223792,0,0.994537,0.104099,0,0.974609,0.223762,0,0.999969,0,0,0.974639,0.223762,0,0.974639,0.223731,0,0.974609,0.223823,0],
    "vertices":[46.7754,24.0459,30.901,47.8058,19.5587,36.5336,46.7754,24.0459,30.6246,46.7754,24.0459,31.2622,46.7754,24.0459,35.5032,47.8058,-2.8e-05,36.5336,47.8058,1.6e-05,-36.5335,47.8058,19.5587,-36.5335,46.7804,24.0244,-26.3814,46.7812,24.0209,-25.6873,46.7812,24.0209,0.002568,46.7755,24.0459,-26.7011,46.7755,24.0459,-26.9343,46.7812,24.0209,25.6874,46.7755,24.0459,-27.2488,46.7755,24.0459,-27.4958,46.7754,24.0459,26.7841,46.7755,24.0459,-27.7545,46.7754,24.0459,27.171,46.7755,24.0459,-28.0258,46.7754,24.0459,27.4978,46.7755,24.0459,-28.3101,46.7754,24.0459,27.7562,46.7755,24.0459,-28.6072,46.7754,24.0459,28.0273,46.7755,24.0459,-28.9158,46.7754,24.0459,28.3113,46.7755,24.0459,-29.2344,46.7754,24.0459,28.608,46.7755,24.0459,-29.6709,46.7754,24.0459,28.9164,46.7754,24.0459,29.2348,46.7755,24.0459,-30.1151,46.7754,24.0459,29.561,46.7755,24.0459,-30.2413,46.7754,24.0459,29.7816,46.7755,24.0459,-30.3693,46.7754,24.0459,30.1152,46.7755,24.0459,-30.581,46.7754,24.0459,30.242,46.7755,24.0459,-30.8982,46.7754,24.0459,30.4135,46.7755,24.0459,-31.2591,46.7755,24.0459,-35.5031],
    "faces":[42,0,1,2,0,0,1,2,0,1,2,42,3,1,0,0,3,1,0,0,1,0,42,4,1,3,0,4,1,3,2,1,0,43,1,5,6,7,0,1,5,6,7,1,3,3,1,42,8,9,7,0,8,9,7,4,2,1,42,7,9,10,0,7,9,10,1,2,0,43,11,8,7,12,0,11,8,7,12,2,4,1,2,42,7,10,13,0,7,10,13,1,0,2,42,14,12,7,0,14,12,7,2,2,1,42,15,14,7,0,15,14,7,0,2,1,43,1,7,13,16,0,1,7,13,16,1,1,2,2,42,17,15,7,0,17,15,7,2,0,1,42,18,1,16,0,18,1,16,0,1,2,42,19,17,7,0,19,17,7,2,2,1,42,20,1,18,0,20,1,18,4,1,0,42,21,19,7,0,21,19,7,2,2,1,42,22,1,20,0,22,1,20,5,1,4,42,23,21,7,0,23,21,7,0,2,1,42,24,1,22,0,24,1,22,2,1,5,42,25,23,7,0,25,23,7,0,0,1,42,26,1,24,0,26,1,24,2,1,2,42,27,25,7,0,27,25,7,4,0,1,42,28,1,26,0,28,1,26,5,1,2,42,29,27,7,0,29,27,7,2,4,1,42,30,1,28,0,30,1,28,0,1,5,42,31,1,30,0,31,1,30,4,1,0,42,32,29,7,0,32,29,7,0,2,1,42,33,1,31,0,33,1,31,0,1,4,42,34,32,7,0,34,32,7,6,0,1,42,35,1,33,0,35,1,33,4,1,0,42,36,34,7,0,36,34,7,2,6,1,42,37,1,35,0,37,1,35,4,1,4,42,38,36,7,0,38,36,7,4,2,1,42,39,1,37,0,39,1,37,0,1,4,42,40,38,7,0,40,38,7,0,4,1,42,41,1,39,0,41,1,39,2,1,0,42,42,40,7,0,42,40,7,0,0,1,42,2,1,41,0,2,1,41,2,1,2,42,43,42,7,0,43,42,7,2,0,1],
    "materials":[{
        "DbgColor":15658734,
        "colorSpecular":[0.5,0.5,0.5],
        "colorEmissive":[0,0,0],
        "opacity":1,
        "depthTest":true,
        "wireframe":false,
        "shading":"phong",
        "transparent":false,
        "doubleSided":false,
        "visible":true,
        "colorDiffuse":[0.64,0.64,0.64],
        "DbgIndex":0,
        "vertexColors":false,
        "specularCoef":50,
        "blending":"NormalBlending",
        "depthWrite":true,
        "DbgName":"__1.001"
    }]
}