{
    "uvs":[[0.167431,0.176666,0.182095,0.176666,0.182095,0.361633,0.167431,0.361633,0.196846,0.176666,0.196846,0.361633,0.211731,0.176666,0.211731,0.361633,0.226803,0.176666,0.226799,0.361633,0.23698,0.176666,0.23698,0.361633,0.252487,0.176666,0.252487,0.361633,0.267998,0.176666,0.267998,0.361633,0.283218,0.176666,0.283218,0.361633,0.298218,0.176666,0.298218,0.361633,0.064831,0.176666,0.079668,0.176666,0.079668,0.361633,0.064829,0.361633,0.0944,0.176666,0.0944,0.361633,0.109055,0.176666,0.109055,0.361633,0.123661,0.176666,0.123661,0.361633,0.138241,0.176666,0.138241,0.361633,0.152824,0.176666,0.152824,0.361633,0.313057,0.176666,0.313057,0.361633,0.327774,0.176666,0.327774,0.361633,0.342415,0.176666,0.342415,0.361633,0.35701,0.176666,0.35701,0.361633,0.37159,0.176666,0.37159,0.361633,0.386177,0.176666,0.386177,0.361633,0.400795,0.176666,0.400795,0.361633,0.415474,0.176666,0.415474,0.361633,0.430237,0.176666,0.430237,0.361633,0.445122,0.176666,0.445122,0.361633,0.460159,0.176666,0.460159,0.361633,0.475395,0.176666,0.475395,0.361633,0.485695,0.176666,0.485695,0.361633,0.501404,0.176651,0.501404,0.361618,0.003577,0.176666,0.019279,0.176666,0.019279,0.361633,0.003577,0.361633,0.034682,0.176666,0.034682,0.361633,0.04985,0.176666,0.04985,0.361633]],
    "colors":[],
    "metadata":{
        "uvs":1,
        "normals":40,
        "faces":34,
        "colors":0,
        "version":3,
        "generator":"io_three",
        "type":"Geometry",
        "vertices":70,
        "materials":1
    },
    "normals":[-0.21601,0.265542,-0.939573,-0.303415,0.279092,-0.911039,-0.388928,0.290292,-0.874294,-0.471816,0.29902,-0.829402,-0.471816,0.29902,-0.829432,-0.544481,0.304697,-0.781426,-0.607532,0.307871,-0.73217,-0.672475,0.309061,-0.672475,-0.737236,0.307657,-0.601489,-0.795068,0.303385,-0.525132,-0.845271,0.296396,-0.444533,0.40022,0.116886,-0.908902,0.315226,0.143132,-0.938139,0.228309,0.167913,-0.958983,0.14008,0.191046,-0.971526,0.051027,0.2125,-0.975799,0.051057,0.2125,-0.975799,-0.03827,0.232154,-0.971923,-0.127445,0.249855,-0.959838,-0.887478,0.286843,-0.360668,-0.921476,0.274819,-0.274453,-0.947233,0.260567,-0.18659,-0.964782,0.244179,-0.097781,-0.964782,0.244179,-0.097751,-0.97412,0.225806,-0.008484,-0.97528,0.205542,0.080782,-0.968261,0.183538,0.169591,-0.952971,0.159825,0.257454,-0.929319,0.134556,0.343822,-0.897305,0.107852,0.427992,-0.897305,0.107822,0.427992,-0.856899,0.079897,0.509201,-0.812281,0.053194,0.580798,-0.766259,0.028565,0.641865,-0.738701,0.014893,0.673818,0.673849,0.014893,-0.738701,0.635395,0.031281,-0.771538,0.561235,0.060701,-0.825404,0.482498,0.089328,-0.871303,0.482528,0.089328,-0.871303],
    "vertices":[-44.1143,20.6331,-49.8574,-44.8168,20.6881,-49.646,-40.117,41.1388,-44.9462,-39.4386,40.9792,-45.1816,-45.5011,20.7336,-49.3678,-40.7815,41.2708,-44.6481,-46.1625,20.769,-49.0228,-41.4274,41.3737,-44.2876,-46.796,20.7939,-48.6111,-42.05,41.4458,-43.8651,-47.2005,20.8043,-48.2995,-42.4499,41.476,-43.549,-47.7765,20.8102,-47.7765,-43.0234,41.4932,-43.0234,-48.2995,20.8043,-47.2005,-43.5489,41.476,-42.4499,-48.7558,20.7868,-46.5883,-44.0128,41.4253,-41.8453,-49.1452,20.7584,-45.9449,-44.4147,41.3427,-41.2144,-39.1054,20.0284,-49.4679,-39.7964,20.1344,-49.7239,-35.3386,39.5322,-45.266,-34.694,39.2244,-45.0564,-40.5037,20.2349,-49.913,-36.002,39.8236,-45.4113,-41.2226,20.3291,-50.0354,-36.6797,40.0971,-45.4925,-41.948,20.4166,-50.0911,-37.3668,40.351,-45.5099,-42.675,20.4968,-50.0799,-38.0588,40.5837,-45.4637,-43.3988,20.5691,-50.002,-38.751,40.7936,-45.3542,-49.4679,20.7195,-45.2753,-44.7544,41.23,-40.5618,-49.7239,20.6708,-44.5844,-45.0316,41.0886,-39.8922,-49.913,20.6127,-43.877,-45.2462,40.9201,-39.2102,-50.0354,20.5459,-43.1582,-45.3978,40.7263,-38.5205,-50.0911,20.4709,-42.4328,-45.4862,40.5086,-37.8279,-50.0799,20.3882,-41.7058,-45.5112,40.2686,-37.137,-50.002,20.2984,-40.982,-45.4726,40.008,-36.4525,-49.8574,20.202,-40.2664,-45.37,39.7284,-35.7791,-49.646,20.0997,-39.564,-45.2033,39.4314,-35.1214,-49.3678,19.9918,-38.8796,-44.9723,39.1185,-34.4841,-49.0228,19.8791,-38.2182,-44.6766,38.7914,-33.872,-48.6111,19.762,-37.5847,-44.316,38.4516,-33.2896,-48.2995,19.6818,-37.1803,-44.0395,38.2189,-32.9203,-47.7765,19.5587,-36.6042,-43.5703,37.8616,-32.398,-36.6042,19.5587,-47.7765,-37.1803,19.6818,-48.2995,-32.9203,38.2189,-44.0395,-32.398,37.8616,-43.5703,-37.7925,19.8015,-48.7558,-33.4802,38.5662,-44.4434,-38.4358,19.9172,-49.1452,-34.0729,38.9019,-44.7823],
    "faces":[43,0,1,2,3,0,0,1,2,3,0,1,1,0,43,1,4,5,2,0,1,4,5,2,1,2,2,1,43,4,6,7,5,0,4,6,7,5,2,3,4,2,43,6,8,9,7,0,6,8,9,7,3,5,5,4,43,8,10,11,9,0,8,10,11,9,5,6,6,5,43,10,12,13,11,0,10,12,13,11,6,7,7,6,43,12,14,15,13,0,12,14,15,13,7,8,8,7,43,14,16,17,15,0,14,16,17,15,8,9,9,8,43,16,18,19,17,0,16,18,19,17,9,10,10,9,43,20,21,22,23,0,20,21,22,23,11,12,12,11,43,21,24,25,22,0,21,24,25,22,12,13,13,12,43,24,26,27,25,0,24,26,27,25,13,14,14,13,43,26,28,29,27,0,26,28,29,27,14,15,16,14,43,28,30,31,29,0,28,30,31,29,15,17,17,16,43,30,32,33,31,0,30,32,33,31,17,18,18,17,43,32,0,3,33,0,32,0,3,33,18,0,0,18,43,18,34,35,19,0,18,34,35,19,10,19,19,10,43,34,36,37,35,0,34,36,37,35,19,20,20,19,43,36,38,39,37,0,36,38,39,37,20,21,21,20,43,38,40,41,39,0,38,40,41,39,21,22,23,21,43,40,42,43,41,0,40,42,43,41,22,24,24,23,43,42,44,45,43,0,42,44,45,43,24,25,25,24,43,44,46,47,45,0,44,46,47,45,25,26,26,25,43,46,48,49,47,0,46,48,49,47,26,27,27,26,43,48,50,51,49,0,48,50,51,49,27,28,28,27,43,50,52,53,51,0,50,52,53,51,28,29,30,28,43,52,54,55,53,0,52,54,55,53,29,31,31,30,43,54,56,57,55,0,54,56,57,55,31,32,32,31,43,56,58,59,57,0,56,58,59,57,32,33,33,32,43,58,60,61,59,0,58,60,61,59,33,34,34,33,43,62,63,64,65,0,62,63,64,65,35,36,36,35,43,63,66,67,64,0,63,66,67,64,36,37,37,36,43,66,68,69,67,0,66,68,69,67,37,38,39,37,43,68,20,23,69,0,68,20,23,69,38,11,11,39],
    "materials":[{
        "DbgColor":15658734,
        "colorSpecular":[0.5,0.5,0.5],
        "colorEmissive":[0,0,0],
        "opacity":1,
        "depthTest":true,
        "wireframe":false,
        "shading":"phong",
        "transparent":false,
        "doubleSided":false,
        "visible":true,
        "colorDiffuse":[0.64,0.64,0.64],
        "DbgIndex":0,
        "vertexColors":false,
        "specularCoef":50,
        "blending":"NormalBlending",
        "depthWrite":true,
        "DbgName":"__1.001"
    }]
}