{
    "uvs":[[0.514526,0.980987,0.500183,0.995433,0.485329,0.981184,0.671463,0.830948,0.327339,0.830227,0.827759,0.650589,0.171505,0.649956,0.745239,0.483749,0.768173,0.481689,0.849228,0.458771,0.863022,0.45137,0.94371,0.448608,0.837906,0.463547,0.056356,0.44809,0.141823,0.454041,0.155655,0.46077,0.159073,0.46196,0.166069,0.464844,0.17947,0.46962,0.187363,0.471924,0.817337,0.470413,0.824738,0.468552,0.206673,0.477066,0.209206,0.477509,0.203472,0.476395,0.791626,0.477676,0.793701,0.477081,0.797577,0.476395,0.232395,0.481766,0.257217,0.484085,5.4e-05,0.231384,0.016572,0.227753,0.016855,0.233704,0.017369,0.235474,0.045073,0.327087,0.134102,0.449844,0.940008,0.374313,0.943728,0.448595,0.939196,0.377131,0.056358,0.448072,0.093357,0.421511,0.100436,0.426988,0.108211,0.433503,0.07139,0.395606,0.064171,0.38436,0.926136,0.398883,0.929137,0.394705,0.931444,0.390803,0.90929,0.419549,0.917639,0.410029,0.919822,0.407437,0.98306,0.233089,0.983315,0.227203,0.999518,0.229288,0.957811,0.317975,0.982556,0.234857,0.935965,0.382866,0.940354,0.373681,0.941913,0.369952,0.086029,0.413688,0.08379,0.41117,0.873276,0.44576,0.863036,0.451334,0.903208,0.425022,0.895496,0.430859,0.938831,0.377802,0.876667,0.44416,0.885006,0.438484,0.016472,0.225138,5.4e-05,0.231376,0.000689,0.005078,0.017593,0.005078,0.120111,0.441574,0.129635,0.447815,0.016573,0.227739,0.016542,0.226936,0.888752,0.435623,0.073836,0.399297,0.076973,0.403196,0.983422,0.22461,0.982721,0.004936,1.00073,0.004767,0.108208,0.433533,0.115124,0.438553,0.939165,0.3772,0.067236,0.388992,0.0639,0.383881,0.064136,0.383568,0.064433,0.383854,0.056359,0.448075,0.045069,0.32714,0.056528,0.366097,0.060002,0.37584,0.056697,0.366664,0.056917,0.36717,0.943726,0.448594,0.941914,0.369953,0.94324,0.366125,0.946545,0.355404,0.957809,0.317972,0.946285,0.356058,0.946427,0.355765]],
    "colors":[],
    "metadata":{
        "uvs":1,
        "normals":27,
        "faces":80,
        "colors":0,
        "version":3,
        "generator":"io_three",
        "type":"Geometry",
        "vertices":89,
        "materials":1
    },
    "normals":[0,0.948332,0.317209,0,1,0,0,0.766137,0.642628,0,0.540391,0.841395,0,0.457137,0.88937,0,0.420698,0.907163,0,0.316965,0.948424,0,0.457106,0.88937,0,0.104099,0.994537,0,0.112613,0.993622,0,0.223762,0.974609,0.000366,0.22367,0.974639,0,0.223792,0.974609,0.000122,0.223792,0.974609,0.000305,0.223731,0.974639,0,0.223823,0.974609,0,0.22364,0.974639,-0.000122,0.223792,0.974609,3.1e-05,0.223792,0.974609,-0.000244,0.223792,0.974609,0,0,0.999969,0,0,1,0.001068,0.22364,0.97467,0.000336,0.223731,0.974639,-9.2e-05,0.223792,0.974609,0.000275,0.223731,0.974639,-0.001038,0.223792,0.974609],
    "vertices":[0.380143,70.6931,11.5524,4e-06,70.6931,11.1723,-0.380137,70.6931,11.5524,13.3185,64.7445,24.4908,-13.3185,64.7445,24.4908,24.3279,53.4315,35.5002,-24.3279,53.4315,35.5002,17.6914,40.3,42.2498,19.3503,40.0737,42.3661,24.836,38.3314,43.2617,25.7023,37.8616,43.5032,32.3308,37.8616,43.5032,24.1398,38.6232,43.1117,-32.3309,37.8616,43.5031,-25.7031,37.8616,43.5031,-24.8361,38.3318,43.2615,-24.6135,38.425,43.2136,-24.1437,38.6218,43.1124,-23.1561,39.0356,42.8997,-22.6083,39.2069,42.8117,22.6052,39.2077,42.8113,23.156,39.0354,42.8999,-21.1497,39.6385,42.5898,-20.9966,39.6899,42.5634,-21.409,39.5822,42.6188,20.9942,39.6894,42.5637,21.1384,39.6409,42.5886,21.4089,39.5821,42.6188,-19.3517,40.0739,42.366,-17.6914,40.3,42.2498,-36.5335,19.5587,47.7058,-34.8673,19.5587,47.7058,-34.8673,20.0572,47.5913,-34.8297,20.2058,47.5572,-32.9369,27.2837,45.932,-26.1167,37.6373,43.5546,31.262,32.489,44.7368,31.1035,32.7988,44.6657,-29.0713,35.393,44.07,-28.6934,35.7753,43.9822,-28.1969,36.1842,43.8883,-30.718,33.4092,44.5255,-31.0516,32.884,44.6461,30.3063,33.9829,44.3938,30.5405,33.6867,44.4618,30.7159,33.4104,44.5252,29.0709,35.3923,44.0702,29.6768,34.7792,44.2109,29.8277,34.5882,44.2548,34.8673,20.0573,47.5913,34.8673,19.5587,47.7058,36.5335,19.5587,47.7058,32.9358,27.2843,45.9319,34.8296,20.2061,47.5571,31.0491,32.8855,44.6458,31.2864,32.4412,44.7478,31.4318,32.1569,44.8131,-29.6773,34.78,44.2107,-29.829,34.5882,44.2548,26.1196,37.6352,43.5551,28.6931,35.7746,43.9824,28.1974,36.1829,43.8886,31.0718,32.8498,44.654,26.4214,37.4716,43.5927,27.214,36.9356,43.7158,-34.8673,19.374,47.7058,-36.5335,-7e-06,47.7058,-34.8676,-4e-06,47.7058,-27.2123,36.9373,43.7154,-26.4215,37.472,43.5926,-34.8673,19.5017,47.7058,27.6033,36.6723,43.7763,-30.5411,33.6877,44.4615,-30.3081,33.9824,44.3939,34.8673,19.374,47.7058,34.8676,-8e-06,47.7058,36.5335,-1.6e-05,47.7058,-27.6035,36.6729,43.7761,31.1009,32.804,44.6645,-31.075,32.8472,44.6545,-31.1018,32.8051,44.6642,-32.0047,30.7694,45.1316,-31.5811,31.8685,44.8793,-31.9915,30.8245,45.119,-31.9731,30.8782,45.1066,31.58,31.8673,44.8796,31.9979,30.79,45.1269,31.9718,30.8769,45.107,31.9864,30.8339,45.1169],
    "faces":[42,0,1,2,0,0,1,2,0,1,0,43,3,0,2,4,0,3,0,2,4,2,0,0,2,43,5,3,4,6,0,5,3,4,6,3,2,2,3,43,7,8,5,6,0,7,8,5,6,4,4,3,3,43,9,10,11,5,0,9,10,11,5,4,5,6,3,42,5,12,9,0,5,12,9,3,4,4,42,13,14,15,0,13,14,15,6,5,7,42,15,16,13,0,15,16,13,7,4,6,43,13,16,17,6,0,13,16,17,6,6,4,4,3,42,18,19,6,0,18,19,6,4,4,3,42,18,6,17,0,18,6,17,4,3,4,42,5,20,21,0,5,20,21,3,4,4,42,12,5,21,0,12,5,21,4,3,4,42,22,23,6,0,22,23,6,4,4,3,42,6,19,24,0,6,19,24,3,4,4,42,24,22,6,0,24,22,6,4,4,3,42,5,25,26,0,5,25,26,3,4,4,42,27,20,5,0,27,20,5,4,4,3,42,27,5,26,0,27,5,26,4,3,4,42,6,23,28,0,6,23,28,3,4,4,42,8,25,5,0,8,25,5,4,4,3,42,6,28,29,0,6,28,29,3,4,4,42,6,29,7,0,6,29,7,3,4,4,42,30,31,32,0,30,31,32,8,9,10,42,33,34,13,0,33,34,13,11,10,6,42,13,30,32,0,13,30,32,6,8,10,42,32,33,13,0,32,33,13,10,11,6,42,14,13,35,0,14,13,35,5,6,12,42,36,11,37,0,36,37,38,13,6,14,42,13,38,39,0,39,40,41,6,10,12,42,39,40,13,0,41,42,39,12,10,6,42,41,13,42,0,43,39,44,12,6,15,42,11,43,44,0,37,45,46,6,10,10,42,44,45,11,0,46,47,37,10,10,6,42,11,46,47,0,37,48,49,6,10,10,42,47,48,11,0,49,50,37,10,12,6,42,49,50,51,0,51,52,53,10,9,8,42,11,52,53,0,37,54,55,6,10,16,42,49,51,11,0,51,53,37,10,8,6,42,53,49,11,0,55,51,37,16,10,6,42,54,11,45,0,56,37,47,17,6,10,42,55,11,36,0,57,37,36,18,6,13,42,56,11,55,0,58,37,57,10,6,18,42,57,38,13,0,59,40,39,10,10,6,42,57,13,58,0,59,39,60,10,6,10,42,59,11,10,0,61,37,62,12,6,5,42,60,46,11,0,63,48,37,10,10,6,42,11,61,60,0,37,64,63,6,12,10,42,62,11,54,0,65,37,56,19,6,17,42,63,64,11,0,66,67,37,10,12,6,42,11,59,63,0,37,61,66,6,12,10,42,43,11,48,0,45,37,50,10,6,12,43,65,30,66,67,0,68,69,70,71,20,8,21,21,42,13,68,69,0,13,72,73,6,10,12,42,69,35,13,0,73,35,13,12,12,6,42,31,30,70,0,74,69,75,9,8,20,42,71,61,11,0,76,64,37,10,12,6,42,71,11,64,0,76,37,67,10,6,12,42,72,73,13,0,77,78,39,10,12,6,42,72,13,41,0,77,39,43,10,6,12,42,74,51,50,0,79,53,52,21,8,9,43,74,75,76,51,0,79,80,81,53,21,20,21,8,42,13,40,77,0,13,82,83,6,10,12,42,77,68,13,0,83,72,13,12,10,6,42,11,62,78,0,37,65,84,6,19,22,42,78,37,11,0,84,38,37,22,14,6,42,58,13,73,0,60,39,78,10,6,12,42,42,13,79,0,85,13,86,15,6,12,42,70,30,65,0,75,69,68,20,8,20,42,80,79,13,0,87,88,89,10,12,6,42,13,34,81,0,89,90,91,6,10,12,42,82,80,13,0,92,87,89,12,10,6,42,13,81,83,0,89,91,93,6,12,12,42,84,82,13,0,94,92,89,23,12,6,42,83,84,13,0,93,94,89,12,23,6,42,11,56,85,0,95,96,97,6,10,10,42,86,52,11,0,98,99,95,24,10,6,42,11,85,87,0,95,97,100,6,10,25,42,88,86,11,0,101,98,95,26,24,6,42,11,87,88,0,95,100,101,6,25,26],
    "materials":[{
        "DbgColor":15658734,
        "colorSpecular":[0.5,0.5,0.5],
        "colorEmissive":[0,0,0],
        "opacity":1,
        "depthTest":true,
        "wireframe":false,
        "shading":"phong",
        "transparent":false,
        "doubleSided":false,
        "visible":true,
        "colorDiffuse":[0.64,0.64,0.64],
        "DbgIndex":0,
        "vertexColors":false,
        "specularCoef":50,
        "blending":"NormalBlending",
        "depthWrite":true,
        "DbgName":"__2.001"
    }]
}