{
    "materials":[{
        "transparent":false,
        "visible":true,
        "specularCoef":50,
        "opacity":1,
        "colorSpecular":[0.5,0.5,0.5],
        "colorEmissive":[0,0,0],
        "depthTest":true,
        "depthWrite":true,
        "shading":"phong",
        "DbgIndex":0,
        "vertexColors":false,
        "doubleSided":false,
        "wireframe":false,
        "blending":"NormalBlending",
        "DbgColor":15658734,
        "DbgName":"Mat_1"
    }],
    "metadata":{
        "materials":1,
        "vertices":38,
        "faces":18,
        "version":3,
        "generator":"io_three",
        "normals":18,
        "uvs":1,
        "type":"Geometry",
        "colors":0
    },
    "normals":[-0.696205,-2.38805e-05,-0.717843,-0.207567,-7.01337e-06,-0.978221,0.330011,1.14423e-05,-0.943977,0.500419,1.72613e-05,-0.865783,0.578375,1.9962e-05,-0.815771,0.650959,2.24497e-05,-0.759113,-0.552969,-1.89382e-05,-0.833202,-0.299967,-1.02021e-05,-0.95395,0.144427,5.07083e-06,-0.989515,0.417464,1.44204e-05,-0.908693,-0.627384,-2.15055e-05,-0.77871,-0.473301,-1.61653e-05,-0.880901,-0.388785,-1.32574e-05,-0.921329,-0.128585,-4.30232e-06,-0.991698,-0.0482348,-1.54783e-06,-0.998836,0.0482347,1.7694e-06,-0.998836,0.238712,8.30844e-06,-0.97109,0.717844,2.47014e-05,-0.696204],
    "vertices":[-56.0092,7.39791,-6.84005,-56.0104,42.2041,-6.84004,-55.6385,42.2041,-7.20072,-55.6373,7.39791,-7.20073,-50.8853,42.2041,-9.45592,-50.8841,7.39791,-9.45593,-51.7729,7.39791,-9.26734,-51.7741,42.2041,-9.26734,-45.7769,42.2041,-8.8914,-45.7757,7.39791,-8.8914,-46.6195,7.39791,-9.18638,-46.6207,42.2041,-9.18638,-44.2095,42.2041,-8.08088,-44.2083,7.39791,-8.08089,-44.9706,7.39791,-8.52151,-44.9718,42.2041,-8.52151,-43.4941,42.2041,-7.57373,-43.4929,7.39791,-7.57373,-42.83,42.2041,-7.00422,-42.8288,7.39791,-7.00422,-54.9557,7.39791,-7.74992,-54.9569,42.2041,-7.74991,-54.2254,42.2041,-8.23536,-54.2242,7.39791,-8.23536,-52.6286,7.39791,-8.99826,-52.6298,42.2041,-8.99826,-48.4062,7.39791,-9.53487,-48.4074,42.2041,-9.53486,-47.4989,42.2041,-9.40226,-47.4977,7.39791,-9.40227,-53.4483,42.2041,-8.65287,-53.4471,7.39791,-8.65287,-50.2765,42.2041,-9.53486,-50.2753,7.39791,-9.53487,-49.342,42.2041,-9.58,-49.3408,7.39791,-9.58,-42.6708,42.2041,-6.84004,-42.6696,7.39791,-6.84005],
    "uvs":[[0.626113,0.965068,0.626113,0.799217,0.635,0.799804,0.635,0.96517,0.725,0.80701,0.725,0.966425,0.71,0.966197,0.71,0.805702,0.81,0.814198,0.81,0.967676,0.795,0.967476,0.795,0.813048,0.84,0.816297,0.84,0.968041,0.825,0.967864,0.825,0.815282,0.855,0.81724,0.855,0.968205,0.87,0.818106,0.87,0.968356,0.65,0.965356,0.65,0.80087,0.665,0.802002,0.665,0.965553,0.695,0.965975,0.695,0.804426,0.765,0.967043,0.765,0.810565,0.78,0.811836,0.78,0.967264,0.68,0.80319,0.68,0.96576,0.735,0.807896,0.735,0.966579,0.75,0.80924,0.75,0.966813,0.873923,0.818313,0.873923,0.968392]],
    "faces":[43,0,1,2,3,0,0,1,2,3,0,0,0,0,43,4,5,6,7,0,4,5,6,7,1,1,1,1,43,8,9,10,11,0,8,9,10,11,2,2,2,2,43,12,13,14,15,0,12,13,14,15,3,3,3,3,43,16,17,13,12,0,16,17,13,12,4,4,4,4,43,18,19,17,16,0,18,19,17,16,5,5,5,5,43,20,21,22,23,0,20,21,22,23,6,6,6,6,43,24,25,7,6,0,24,25,7,6,7,7,7,7,43,26,27,28,29,0,26,27,28,29,8,8,8,8,43,9,8,15,14,0,9,8,15,14,9,9,9,9,43,3,2,21,20,0,3,2,21,20,10,10,10,10,43,23,22,30,31,0,23,22,30,31,11,11,11,11,43,31,30,25,24,0,31,30,25,24,12,12,12,12,43,5,4,32,33,0,5,4,32,33,13,13,13,13,43,33,32,34,35,0,33,32,34,35,14,14,14,14,43,35,34,27,26,0,35,34,27,26,15,15,15,15,43,29,28,11,10,0,29,28,11,10,16,16,16,16,43,19,18,36,37,0,19,18,36,37,17,17,17,17],
    "colors":[]
}