{
    "materials":[{
        "transparent":false,
        "visible":true,
        "specularCoef":50,
        "opacity":1,
        "colorSpecular":[0.5,0.5,0.5],
        "colorEmissive":[0,0,0],
        "depthTest":true,
        "depthWrite":true,
        "shading":"phong",
        "DbgIndex":0,
        "vertexColors":false,
        "doubleSided":false,
        "wireframe":false,
        "blending":"NormalBlending",
        "DbgColor":15658734,
        "DbgName":"Mat_1"
    }],
    "metadata":{
        "materials":1,
        "vertices":38,
        "faces":18,
        "version":3,
        "generator":"io_three",
        "normals":19,
        "uvs":1,
        "type":"Geometry",
        "colors":0
    },
    "normals":[0,-0.590777,-0.806787,0,-0.513688,-0.857967,0,-0.0884732,-0.996063,0,0,-1,0,0.374126,-0.927335,0,0.459426,-0.88818,0,0.539964,-0.84167,0,0.0964385,-0.995331,0,0.191778,-0.981414,0,0.284677,-0.958617,0,-0.344737,-0.938688,0,-0.431501,-0.902097,0,-0.254036,-0.967162,0,-0.168187,-0.985748,0,0.615314,-0.788263,0,0.68511,-0.728416,0,-0.662465,-0.749046,0,-0.696188,-0.717826,0,0.717826,-0.696188],
    "vertices":[28.8327,63.7959,-7.74991,-28.8388,63.7959,-7.74991,-28.8388,64.5273,-8.23536,28.8327,64.5274,-8.23536,28.8327,68.4762,-9.53486,-28.8388,68.4762,-9.53486,-28.8388,69.4108,-9.57999,28.8327,69.4108,-9.57999,28.8327,72.9759,-8.89139,-28.8388,72.9758,-8.89139,-28.8388,73.781,-8.5215,28.8327,73.781,-8.5215,-28.8388,74.5433,-8.08088,28.8327,74.5433,-8.08088,28.8327,70.3454,-9.53486,-28.8388,70.3453,-9.53486,-28.8388,71.2538,-9.40226,28.8327,71.2538,-9.40226,28.8327,72.1321,-9.18638,-28.8388,72.132,-9.18638,-28.8388,66.1229,-8.99825,28.8327,66.1229,-8.99825,28.8327,65.3044,-8.65287,-28.8388,65.3044,-8.65287,-28.8388,66.9786,-9.26733,28.8327,66.9787,-9.26733,-28.8388,67.8674,-9.45592,28.8327,67.8674,-9.45592,-28.8388,75.2586,-7.57372,28.8327,75.2586,-7.57372,-28.8388,75.9227,-7.00421,28.8327,75.9228,-7.00421,28.8327,63.1143,-7.20072,-28.8388,63.1142,-7.20072,-28.8388,62.7553,-6.85265,28.8327,62.7554,-6.85265,28.8327,76.0698,-6.85265,-28.8388,76.0697,-6.85265],
    "uvs":[[0.649427,0.867506,0.649426,0.132408,0.66413,0.132408,0.664131,0.867506,0.73432,0.867506,0.734319,0.132408,0.75,0.132408,0.75,0.867506,0.811189,0.867506,0.811188,0.132408,0.826029,0.132408,0.82603,0.867506,0.840777,0.132408,0.840778,0.867506,0.765681,0.867506,0.76568,0.132408,0.781064,0.132408,0.781065,0.867506,0.796216,0.867506,0.796216,0.132408,0.693785,0.132408,0.693786,0.867506,0.678905,0.867506,0.678905,0.132408,0.708812,0.132408,0.708812,0.867506,0.724034,0.132408,0.724035,0.867506,0.855464,0.132408,0.855464,0.867506,0.870118,0.132408,0.870118,0.867506,0.634765,0.867506,0.634764,0.132408,0.626389,0.132408,0.62639,0.867506,0.873653,0.867506,0.873652,0.132408]],
    "faces":[43,0,1,2,3,0,0,1,2,3,0,0,1,1,43,4,5,6,7,0,4,5,6,7,2,2,3,3,43,8,9,10,11,0,8,9,10,11,4,4,5,5,43,11,10,12,13,0,11,10,12,13,5,5,6,6,43,14,15,16,17,0,14,15,16,17,7,7,8,8,43,18,19,9,8,0,18,19,9,8,9,9,4,4,43,20,21,22,23,0,20,21,22,23,10,10,11,11,43,24,25,21,20,0,24,25,21,20,12,12,10,10,43,26,27,25,24,0,26,27,25,24,13,13,12,12,43,5,4,27,26,0,5,4,27,26,2,2,13,13,43,15,14,7,6,0,15,14,7,6,7,7,3,3,43,19,18,17,16,0,19,18,17,16,9,9,8,8,43,28,29,13,12,0,28,29,13,12,14,14,6,6,43,30,31,29,28,0,30,31,29,28,15,15,14,14,43,1,0,32,33,0,1,0,32,33,0,0,16,16,43,23,22,3,2,0,23,22,3,2,11,11,1,1,43,34,33,32,35,0,34,33,32,35,17,16,16,17,43,36,31,30,37,0,36,31,30,37,18,15,15,18],
    "colors":[]
}