{
    "materials":[{
        "transparent":false,
        "visible":true,
        "specularCoef":50,
        "opacity":1,
        "colorSpecular":[0.5,0.5,0.5],
        "colorEmissive":[0,0,0],
        "depthTest":true,
        "depthWrite":true,
        "shading":"phong",
        "DbgIndex":0,
        "vertexColors":false,
        "doubleSided":false,
        "wireframe":false,
        "blending":"NormalBlending",
        "DbgColor":15658734,
        "DbgName":"Mat_1"
    }],
    "metadata":{
        "materials":1,
        "vertices":136,
        "faces":68,
        "version":3,
        "generator":"io_three",
        "normals":114,
        "uvs":1,
        "type":"Geometry",
        "colors":0
    },
    "normals":[-0.707816,0.706381,0,-0.704611,0.703146,-0.0951872,-0.694998,0.693594,-0.189367,-0.67925,0.677847,-0.281198,-0.67925,0.677847,-0.281228,-0.657643,0.656301,-0.369793,-0.657613,0.656301,-0.369823,-0.630512,0.629231,-0.45439,-0.630512,0.629231,-0.454421,-0.598254,0.597034,-0.53444,-0.598224,0.597034,-0.53444,-0.561144,0.560015,-0.609455,-0.561144,0.560015,-0.609485,-0.519517,0.518479,-0.679128,-0.519517,0.518448,-0.679159,-0.473586,0.47264,-0.743156,-0.473586,0.47261,-0.743156,-0.423597,0.422742,-0.801111,-0.423597,0.422712,-0.801141,-0.369732,0.368999,-0.852687,-0.369732,0.368969,-0.852718,-0.312265,0.311624,-0.897397,-0.312235,0.311594,-0.897427,-0.251473,0.250954,-0.934751,-0.251442,0.250923,-0.934751,-0.18778,0.187384,-0.964141,-0.18775,0.187353,-0.964171,-0.12595,0.125706,-0.984008,-0.12595,0.125675,-0.984039,-0.0697043,0.0695822,-0.995117,-0.0697043,0.0695517,-0.995117,-0.00854518,0.00851466,-0.999908,-0.00851466,0.00848415,-0.999908,0.0597552,-0.0596332,-0.996399,0.0597858,-0.0596637,-0.996399,0.127537,-0.127262,-0.983612,0.127567,-0.127293,-0.983612,0.193732,-0.193335,-0.961791,0.257607,-0.257088,-0.931394,0.318613,-0.317972,-0.892941,0.376324,-0.37553,-0.84695,0.376324,-0.375561,-0.846919,0.430372,-0.429487,-0.793878,0.430372,-0.429518,-0.793878,0.480514,-0.479537,-0.734214,0.480544,-0.479568,-0.734214,0.526536,-0.525468,-0.668294,0.526536,-0.525468,-0.668264,0.568133,-0.566973,-0.596423,0.568133,-0.566973,-0.596393,0.605029,-0.603809,-0.518937,0.60506,-0.603809,-0.518906,0.636921,-0.635609,-0.436201,0.663381,-0.662038,-0.348704,0.684011,-0.682638,-0.257088,0.697531,-0.696097,-0.169927,0.704978,-0.703543,-0.0893887,0.707816,-0.706381,0,0.704428,-0.702994,0.0976287,0.694357,-0.692923,0.194128,0.677816,-0.676443,0.288034,0.655171,-0.653859,0.378368,0.655202,-0.653859,0.378368,0.626881,-0.625599,0.464339,0.59328,-0.592059,0.545366,0.59328,-0.59209,0.545335,0.554765,-0.553636,0.621021,0.554796,-0.553636,0.620991,0.511673,-0.510636,0.690939,0.511673,-0.510636,0.690909,0.464248,-0.463301,0.754814,0.464278,-0.463332,0.754814,0.412763,-0.411939,0.812342,0.412793,-0.411939,0.812311,0.357463,-0.356731,0.863094,0.357494,-0.356761,0.863063,0.298624,-0.298013,0.906613,0.298624,-0.298044,0.906613,0.23661,-0.236122,0.942473,0.23661,-0.236122,0.942442,0.17188,-0.171545,0.970061,0.171911,-0.171545,0.970031,0.112156,-0.111911,0.987365,0.112156,-0.111942,0.987335,0.0555132,-0.0554216,0.996887,0.0555437,-0.0554216,0.996887,-0.00854518,0.00851466,0.999908,-0.00851466,0.00848415,0.999908,-0.076754,0.0765709,0.994079,-0.0767235,0.0765709,0.994079,-0.143956,0.143681,0.979064,-0.143925,0.143651,0.979095,-0.209296,0.208869,0.95526,-0.209265,0.208838,0.95526,-0.272073,0.271523,0.923154,-0.272042,0.271493,0.923154,-0.331797,0.331126,0.883297,-0.331797,0.331095,0.883297,-0.388104,0.38731,0.836238,-0.388104,0.38731,0.836268,-0.440718,0.439802,0.782495,-0.440687,0.439802,0.782495,-0.489364,0.488388,0.722465,-0.489364,0.488357,0.722465,-0.533891,0.532792,0.656545,-0.574023,0.572863,0.58504,-0.609546,0.608295,0.508286,-0.640156,0.638844,0.426679,-0.640126,0.638844,0.426679,-0.665456,0.664113,0.340678,-0.685171,0.683767,0.250923,-0.697928,0.696524,0.166417,-0.697928,0.696524,0.166448,-0.7051,0.703665,0.0875271],
    "vertices":[-39.2274,78.9108,9.4069e-06,-39.2086,78.8657,-0.934549,-58.797,59.2373,-0.934551,-58.8422,59.256,7.06386e-06,-39.1536,78.7331,-1.84303,-58.6644,59.1825,-1.84304,-39.0641,78.5172,-2.72126,-58.4485,59.0932,-2.72126,-38.9417,78.2222,-3.56503,-58.1536,58.9711,-3.56504,-38.7883,77.8523,-4.37018,-57.7837,58.8181,-4.37018,-38.6055,77.4117,-5.13251,-57.3431,58.6359,-5.13251,-38.3951,76.9045,-5.84783,-56.8359,58.4261,-5.84783,-38.1589,76.335,-6.51196,-56.2664,58.1906,-6.51196,-37.8985,75.7074,-7.12072,-55.6387,57.9309,-7.12072,-37.6158,75.0257,-7.66991,-54.9571,57.649,-7.66991,-37.3124,74.2942,-8.15535,-54.2256,57.3464,-8.15536,-36.99,73.5172,-8.57286,-53.4486,57.025,-8.57287,-36.6505,72.6987,-8.91825,-52.6301,56.6864,-8.91825,-36.2955,71.843,-9.18733,-51.7744,56.3325,-9.18734,-35.9269,70.9542,-9.37592,-50.8856,55.9649,-9.37592,-35.6743,70.3454,-9.45486,-50.2768,55.713,-9.45486,-35.2867,69.4108,-9.49999,-49.3423,55.3265,-9.49999,-34.899,68.4762,-9.45486,-48.4077,54.9399,-9.45486,-34.5221,67.5678,-9.32226,-47.4993,54.5641,-9.32226,-34.1578,66.6895,-9.10638,-46.6211,54.2009,-9.10638,-33.8078,65.8458,-8.8114,-45.7773,53.8519,-8.8114,-33.4739,65.0406,-8.4415,-44.9722,53.5188,-8.4415,-33.1576,64.2783,-8.00088,-44.2099,53.2035,-8.00088,-32.8609,63.563,-7.49372,-43.4945,52.9076,-7.49373,-32.5854,62.8988,-6.92421,-42.8304,52.6329,-6.92421,-32.3329,62.2901,-6.29653,-42.2217,52.3811,-6.29653,-32.1051,61.7409,-5.61487,-41.6725,52.154,-5.61487,-31.9037,61.2554,-4.88342,-41.187,51.9532,-4.88342,-31.7305,60.8379,-4.10635,-40.7695,51.7805,-4.10635,-31.5873,60.4925,-3.28786,-40.4242,51.6376,-3.28786,-31.4757,60.2235,-2.43214,-40.1551,51.5263,-2.43214,-31.3974,60.0349,-1.54336,-39.9665,51.4483,-1.54336,-31.3647,59.9559,-0.934551,-39.8876,51.4157,-0.934552,-31.346,59.9108,7.14193e-06,-39.8424,51.397,6.127e-06,-31.3647,59.9559,0.934565,-39.8876,51.4157,0.934564,-31.4197,60.0885,1.84305,-40.0202,51.4705,1.84305,-31.5092,60.3044,2.72127,-40.236,51.5598,2.72127,-31.6316,60.5994,3.56505,-40.531,51.6818,3.56505,-31.785,60.9693,4.3702,-40.9009,51.8348,4.3702,-31.9678,61.4099,5.13252,-41.3415,52.0171,5.13252,-32.1782,61.9171,5.84785,-41.8487,52.2268,5.84785,-32.4144,62.4866,6.51198,-42.4182,52.4624,6.51198,-32.6748,63.1143,7.12073,-43.0458,52.722,7.12073,-32.9575,63.7959,7.66993,-43.7275,53.004,7.66993,-33.261,64.5274,8.15537,-44.4589,53.3066,8.15537,-33.5833,65.3045,8.57288,-45.236,53.628,8.57288,-33.9228,66.1229,8.91827,-46.0545,53.9665,8.91827,-34.2778,66.9787,9.18735,-46.9102,54.3205,9.18735,-34.6465,67.8674,9.37594,-47.7989,54.6881,9.37594,-34.899,68.4762,9.45488,-48.4077,54.9399,9.45487,-35.2867,69.4108,9.50001,-49.3423,55.3265,9.5,-35.6743,70.3454,9.45488,-50.2768,55.713,9.45488,-36.0512,71.2539,9.32228,-51.1853,56.0888,9.32228,-36.4155,72.1321,9.10639,-52.0635,56.4521,9.10639,-36.7655,72.9759,8.81141,-52.9073,56.8011,8.81141,-37.0995,73.781,8.44152,-53.7124,57.1341,8.44152,-37.4157,74.5433,8.0009,-54.4747,57.4494,8.0009,-37.7124,75.2587,7.49374,-55.19,57.7453,7.49374,-37.9879,75.9228,6.92423,-55.8542,58.02,6.92423,-38.2404,76.5315,6.29655,-56.4629,58.2718,6.29655,-38.4682,77.0807,5.61489,-57.0121,58.499,5.61489,-38.6696,77.5662,4.88343,-57.4975,58.6998,4.88343,-38.8428,77.9837,4.10637,-57.915,58.8725,4.10637,-38.986,78.3291,3.28788,-58.2604,59.0154,3.28788,-39.0977,78.5982,2.43216,-58.5295,59.1267,2.43215,-39.1759,78.7867,1.54338,-58.7181,59.2047,1.54338,-39.2086,78.8657,0.934568,-58.797,59.2373,0.934565],