{
    "vertices":[30.3361,76.6198,0.20459,29.8234,77.611,0.20459,28.9869,78.9533,0.20459,28.0336,80.2057,0.204591,27.0982,81.2176,0.204591,26.005,82.1785,0.204591,25.0796,82.8327,0.204591,24.0619,83.4038,0.204591,22.9503,83.8688,0.204591,21.7435,84.2042,0.204591,20.8852,84.3444,0.204591,19.9833,84.4097,0.204591,19.0376,84.3933,0.204591,18.028,84.2803,0.204591,17.0523,84.0704,0.204591,16.1099,83.7681,0.204591,15.2008,83.3778,0.204591,14.3245,82.9042,0.204591,13.0711,82.0472,0.204591,11.8903,81.0277,0.204591,10.7809,79.8609,0.20459,9.41138,78.1023,0.20459,7.8726,75.6285,0.20459,6.27426,72.3482,0.20459,4.74231,68.2448,0.204589,3.28101,62.8277,0.204588,2.34827,58.0843,0.204588,1.59264,52.7404,0.204587,0.024719,24.8735,0.204584,-0.187611,8.46338,0.204582,0.730408,8.44031,0.204582,30.5415,76.1555,0.20459],
    "colors":[],
    "normals":[0,0,1,0,-0,1,-0,-0,1,-0,-0,1,0,-0,1,-0,-0,1,0,-0,1,-0,-0,1,0,-0,1,-0,-0,1,0,-0,1,-0,-0,1,-0,-0,1,0,-0,1,-0,-0,1,0,-0,1,0,-0,1,0,-0,1,-0,-0,1,0,-0,1,-0,-0,1,0,-0,1,0,-0,1,-0,-0,1,-0,-0,1,0,-0,1,-0,-0,1,-0,-0,1,0,-0,1,-0,-0,1],
    "uvs":[[0.938618,0.365483,0.952045,0.384389,0.968875,0.41262,0.982933,0.442151,0.992717,0.469064,1.00006,0.498404,1.00333,0.521726,1.00419,0.545962,1.0022,0.57092,0.996904,0.596405,0.991322,0.613593,0.983943,0.630873,0.974637,0.648187,0.962938,0.665758,0.949771,0.681783,0.935215,0.69631,0.919352,0.709389,0.902261,0.721065,0.874499,0.736056,0.844424,0.748163,0.812311,0.757547,0.76679,0.7661,0.706445,0.770971,0.630639,0.769264,0.540258,0.758495,0.426287,0.733914,0.329792,0.705984,0.223889,0.669063,-0.305768,0.432721,-0.610902,0.280412,-0.602589,0.263235,0.931999,0.357268]],
    "metadata":{
        "normals":30,
        "uvs":1,
        "faces":30,
        "colors":0,
        "type":"Geometry",
        "materials":1,
        "vertices":32,
        "version":3,
        "generator":"io_three"
    },
    "faces":[42,31,0,1,0,31,0,1,0,0,0,42,1,2,3,0,1,2,3,1,1,1,42,3,4,5,0,3,4,5,2,2,2,42,5,6,7,0,5,6,7,3,3,3,42,7,8,9,0,7,8,9,4,4,4,42,9,10,11,0,9,10,11,5,5,5,42,11,12,13,0,11,12,13,6,6,6,42,13,14,15,0,13,14,15,7,7,7,42,15,16,17,0,15,16,17,8,8,8,42,17,18,19,0,17,18,19,9,9,9,42,19,20,21,0,19,20,21,10,10,10,42,21,22,23,0,21,22,23,11,11,11,42,23,24,25,0,23,24,25,12,12,12,42,25,26,27,0,25,26,27,13,13,13,42,27,28,29,0,27,28,29,14,14,14,42,29,30,31,0,29,30,31,15,15,15,42,31,1,3,0,31,1,3,16,16,16,42,3,5,7,0,3,5,7,17,17,17,42,7,9,11,0,7,9,11,18,18,18,42,11,13,15,0,11,13,15,19,19,19,42,15,17,19,0,15,17,19,20,20,20,42,19,21,23,0,19,21,23,21,21,21,42,23,25,27,0,23,25,27,22,22,22,42,27,29,31,0,27,29,31,23,23,23,42,31,3,7,0,31,3,7,24,24,24,42,7,11,15,0,7,11,15,25,25,25,42,15,19,23,0,15,19,23,26,26,26,42,23,27,31,0,23,27,31,27,27,27,42,31,7,15,0,31,7,15,28,28,28,42,15,23,31,0,15,23,31,29,29,29],
    "materials":[{
        "depthWrite":true,
        "blending":"NormalBlending",
        "specularCoef":50,
        "doubleSided":false,
        "wireframe":false,
        "opacity":1,
        "mapDiffuseAnisotropy":1,
        "colorEmissive":[0,0,0],
        "mapDiffuseWrap":["repeat","repeat"],
        "depthTest":true,
        "transparent":false,
        "mapDiffuseRepeat":[1,1],
        "mapDiffuse":null,
        "visible":true,
        "DbgIndex":0,
        "shading":"phong",
        "colorDiffuse":[0.64,0.64,0.64],
        "vertexColors":false,
        "DbgName":"Mat_1.002",
        "colorSpecular":[0.5,0.5,0.5],
        "DbgColor":15658734
    }]
}