{
    "vertices":[0.730408,8.37001,0.204582,0.730408,8.37001,-0.195418,30.5415,76.0852,-0.19541,30.5415,76.0852,0.20459,-0.187611,8.39308,0.204582,-0.187611,8.39308,-0.195418,0.024719,24.8032,0.204584,0.024719,24.8032,-0.195416,1.59264,52.6701,0.204587,1.59264,52.6701,-0.195413,2.34827,58.014,0.204588,2.34827,58.014,-0.195412,3.28101,62.7574,0.204588,3.28101,62.7574,-0.195412,4.74231,68.1745,0.204589,4.74231,68.1745,-0.195411,6.27426,72.2779,0.20459,6.27426,72.2779,-0.19541,7.8726,75.5582,0.20459,7.8726,75.5582,-0.19541,9.41138,78.0321,0.20459,9.41138,78.0321,-0.19541,10.7809,79.7906,0.20459,10.7809,79.7906,-0.19541,11.8903,80.9574,0.204591,11.8903,80.9574,-0.195409,13.0711,81.9769,0.204591,13.0711,81.9769,-0.195409,14.3245,82.8339,0.204591,14.3245,82.8339,-0.195409,15.2008,83.3075,0.204591,15.2008,83.3075,-0.195409,16.1099,83.6978,0.204591,16.1099,83.6978,-0.195409,17.0523,84.0001,0.204591,17.0523,84.0001,-0.195409,18.028,84.21,0.204591,18.028,84.21,-0.195409,19.0376,84.323,0.204591,19.0376,84.323,-0.195409,19.9833,84.3394,0.204591,19.9833,84.3394,-0.195409,20.8852,84.2741,0.204591,20.8852,84.2741,-0.195409,21.7435,84.1339,0.204591,21.7435,84.1339,-0.195409,22.9503,83.7985,0.204591,22.9503,83.7985,-0.195409,24.0619,83.3335,0.204591,24.0619,83.3335,-0.195409,25.0796,82.7624,0.204591,25.0796,82.7624,-0.195409,26.005,82.1082,0.204591,26.005,82.1082,-0.195409,27.0982,81.1473,0.204591,27.0982,81.1473,-0.195409,28.0336,80.1354,0.204591,28.0336,80.1354,-0.195409,28.9869,78.883,0.20459,28.9869,78.883,-0.19541,29.8234,77.5407,0.20459,29.8234,77.5407,-0.19541,30.3361,76.5495,0.20459,30.3361,76.5495,-0.19541],
    "colors":[],
    "normals":[0.915233,-0.402925,0,-0.025125,-0.999684,0,-0.999916,0.012938,0,-0.998421,0.056176,0,-0.990151,0.140007,0,-0.981209,0.192947,0,-0.965488,0.260446,0,-0.936842,0.349753,0,-0.898961,0.438028,0,-0.849135,0.528175,0,-0.788979,0.614421,0,-0.724706,0.689058,0,-0.65348,0.756944,0,-0.564452,0.825466,0,-0.4755,0.879715,0,-0.394406,0.918937,0,-0.305484,0.952197,0,-0.210315,0.977634,0,-0.111277,0.993789,0,-0.017292,0.99985,0,0.072262,0.997386,0,0.161172,0.986926,0,0.26777,0.963483,0,0.385885,0.922547,0,0.489417,0.87205,0,0.577193,0.816608,0,0.660259,0.751038,0,0.734281,0.678846,0,0.79571,0.605678,0,0.848697,0.528879,0,0.888218,0.459423,0,0.914482,0.404626,0],
    "uvs":[[0.427648,1,0.427648,0,0,0,0,1,0.432956,1,0.432956,0,0.527816,1,0.527816,0,0.689142,1,0.689142,0,0.720338,1,0.720338,0,0.74828,1,0.74828,0,0.78071,1,0.78071,0,0.806027,1,0.806027,0,0.827118,1,0.827118,0,0.843958,1,0.843958,0,0.856841,1,0.856841,0,0.866147,1,0.866147,0,0.875164,1,0.875164,0,0.88394,1,0.88394,0,0.889698,1,0.889698,0,0.895417,1,0.895417,0,0.901137,1,0.901137,0,0.906906,1,0.906906,0,0.912777,1,0.912777,0,0.918245,1,0.918245,0,0.923471,1,0.923471,0,0.928498,1,0.928498,0,0.935738,1,0.935738,0,0.942702,1,0.942702,0,0.949448,1,0.949448,0,0.955998,1,0.955998,0,0.964411,1,0.964411,0,0.972376,1,0.972376,0,0.981474,1,0.981474,0,0.990615,1,0.990615,0,0.997066,1,0.997066,0,1,1,1,0]],
    "metadata":{
        "normals":32,
        "uvs":1,
        "faces":32,
        "colors":0,
        "type":"Geometry",
        "materials":1,
        "vertices":64,
        "version":3,
        "generator":"io_three"
    },
    "faces":[43,0,1,2,3,0,0,1,2,3,0,0,0,0,43,1,0,4,5,0,1,0,4,5,1,1,1,1,43,6,7,5,4,0,6,7,5,4,2,2,2,2,43,8,9,7,6,0,8,9,7,6,3,3,3,3,43,10,11,9,8,0,10,11,9,8,4,4,4,4,43,12,13,11,10,0,12,13,11,10,5,5,5,5,43,14,15,13,12,0,14,15,13,12,6,6,6,6,43,16,17,15,14,0,16,17,15,14,7,7,7,7,43,18,19,17,16,0,18,19,17,16,8,8,8,8,43,20,21,19,18,0,20,21,19,18,9,9,9,9,43,22,23,21,20,0,22,23,21,20,10,10,10,10,43,24,25,23,22,0,24,25,23,22,11,11,11,11,43,26,27,25,24,0,26,27,25,24,12,12,12,12,43,28,29,27,26,0,28,29,27,26,13,13,13,13,43,30,31,29,28,0,30,31,29,28,14,14,14,14,43,32,33,31,30,0,32,33,31,30,15,15,15,15,43,34,35,33,32,0,34,35,33,32,16,16,16,16,43,36,37,35,34,0,36,37,35,34,17,17,17,17,43,38,39,37,36,0,38,39,37,36,18,18,18,18,43,40,41,39,38,0,40,41,39,38,19,19,19,19,43,42,43,41,40,0,42,43,41,40,20,20,20,20,43,44,45,43,42,0,44,45,43,42,21,21,21,21,43,46,47,45,44,0,46,47,45,44,22,22,22,22,43,48,49,47,46,0,48,49,47,46,23,23,23,23,43,50,51,49,48,0,50,51,49,48,24,24,24,24,43,52,53,51,50,0,52,53,51,50,25,25,25,25,43,54,55,53,52,0,54,55,53,52,26,26,26,26,43,56,57,55,54,0,56,57,55,54,27,27,27,27,43,58,59,57,56,0,58,59,57,56,28,28,28,28,43,60,61,59,58,0,60,61,59,58,29,29,29,29,43,62,63,61,60,0,62,63,61,60,30,30,30,30,43,3,2,63,62,0,64,65,63,62,31,31,31,31],
    "materials":[{
        "depthWrite":true,
        "blending":"NormalBlending",
        "specularCoef":50,
        "doubleSided":false,
        "wireframe":false,
        "opacity":1,
        "mapDiffuseAnisotropy":1,
        "colorEmissive":[0,0,0],
        "mapDiffuseWrap":["repeat","repeat"],
        "depthTest":true,
        "transparent":false,
        "mapDiffuseRepeat":[1,1],
        "mapDiffuse":null,
        "visible":true,
        "DbgIndex":0,
        "shading":"phong",
        "colorDiffuse":[0.64,0.64,0.64],
        "vertexColors":false,
        "DbgName":"Mat_1.002",
        "colorSpecular":[0.5,0.5,0.5],
        "DbgColor":15658734
    }]
}