{
    "uvs":[[0.359068,0.799067,0.634715,0.799478,0.755583,0.626497,0.238898,0.62615,0.496367,0.958885,0.8407,0.444766,0.154797,0.447884]],
    "colors":[],
    "metadata":{
        "uvs":1,
        "normals":5,
        "faces":3,
        "colors":0,
        "version":3,
        "generator":"io_three",
        "type":"Geometry",
        "vertices":7,
        "materials":1
    },
    "normals":[0.452712,-0.828761,0.328898,0.452589,-0.828852,0.328806,0.65215,-0.591754,0.4738,0.301645,-0.927854,0.219153,0.710776,-0.477554,0.516404],
    "vertices":[-18.8115,67.407,-27.4051,-31.8769,67.407,-9.42214,-48.5424,56.2151,-9.42214,-23.9614,56.2151,-43.2549,-12.9525,73.5711,-9.37311,-59.5642,39.81,-9.42213,-27.3674,39.81,-53.7373],
    "faces":[43,0,1,2,3,0,0,1,2,3,0,1,2,2,42,0,4,1,0,0,4,1,0,3,1,43,2,5,6,3,0,2,5,6,3,2,4,4,2],
    "materials":[{
        "DbgColor":15658734,
        "colorSpecular":[0.5,0.5,0.5],
        "colorEmissive":[0,0,0],
        "opacity":1,
        "depthTest":true,
        "wireframe":false,
        "shading":"phong",
        "transparent":false,
        "doubleSided":false,
        "visible":true,
        "colorDiffuse":[0.64,0.64,0.64],
        "DbgIndex":0,
        "vertexColors":false,
        "specularCoef":50,
        "blending":"NormalBlending",
        "depthWrite":true,
        "DbgName":"_.002"
    }]
}