{
    "uvs":[[0.359068,0.799067,0.634715,0.799478,0.755583,0.626497,0.238898,0.62615,0.496367,0.958885,0.8407,0.444766,0.154797,0.447884]],
    "colors":[],
    "metadata":{
        "uvs":1,
        "normals":5,
        "faces":3,
        "colors":0,
        "version":3,
        "generator":"io_three",
        "type":"Geometry",
        "vertices":7,
        "materials":1
    },
    "normals":[-0.172918,-0.828761,0.532182,-0.172857,-0.828852,0.53206,-0.249092,-0.591754,0.766625,-0.115207,-0.927854,0.354625,-0.271493,-0.477554,0.835597],
    "vertices":[20.2507,67.407,-26.3594,-0.889485,67.407,-33.2283,-6.03942,56.2151,-49.0781,33.7334,56.2151,-36.1552,4.91182,73.5711,-15.215,-9.44536,39.81,-59.5605,42.6502,39.81,-42.6336],
    "faces":[43,0,1,2,3,0,0,1,2,3,0,1,2,2,42,0,4,1,0,0,4,1,0,3,1,43,2,5,6,3,0,2,5,6,3,2,4,4,2],
    "materials":[{
        "DbgColor":15658734,
        "colorSpecular":[0.5,0.5,0.5],
        "colorEmissive":[0,0,0],
        "opacity":1,
        "depthTest":true,
        "wireframe":false,
        "shading":"phong",
        "transparent":false,
        "doubleSided":false,
        "visible":true,
        "colorDiffuse":[0.64,0.64,0.64],
        "DbgIndex":0,
        "vertexColors":false,
        "specularCoef":50,
        "blending":"NormalBlending",
        "depthWrite":true,
        "DbgName":"_.002"
    }]
}