{
    "colors":[],
    "materials":[{
        "visible":true,
        "depthTest":true,
        "specularCoef":50,
        "blending":"NormalBlending",
        "vertexColors":false,
        "colorSpecular":[0.5,0.5,0.5],
        "DbgName":"_.002",
        "DbgColor":15658734,
        "DbgIndex":0,
        "shading":"phong",
        "doubleSided":false,
        "opacity":1,
        "transparent":false,
        "depthWrite":true,
        "wireframe":false,
        "colorEmissive":[0,0,0]
    }],
    "vertices":[31.3271,67.407,11.1141,31.3271,67.407,-11.114,44.8098,56.2151,-20.9098,44.8098,56.2151,20.9098,15.9882,73.5711,-0.0302684,53.7267,39.81,-27.3883,53.7267,39.8099,27.3883],
    "faces":[43,0,3,2,1,0,0,1,2,3,0,1,1,2,42,0,1,4,0,0,3,4,0,2,3,43,2,3,6,5,0,2,1,5,6,1,1,4,4],
    "metadata":{
        "generator":"io_three",
        "version":3,
        "colors":0,
        "materials":1,
        "type":"Geometry",
        "faces":3,
        "vertices":7,
        "normals":5,
        "uvs":1
    },
    "normals":[0.559587,0.828761,0,0.806085,0.591754,0,0.559435,0.828852,0,0.372875,0.927854,0,0.878597,0.477554,0],
    "uvs":[[0.359068,0.799067,0.238898,0.62615,0.755583,0.626497,0.634715,0.799478,0.496367,0.958885,0.154797,0.447884,0.8407,0.444766]]
}