{
    "colors":[],
    "materials":[{
        "visible":true,
        "depthTest":true,
        "specularCoef":50,
        "blending":"NormalBlending",
        "vertexColors":false,
        "colorSpecular":[0.5,0.5,0.5],
        "DbgName":"_.002",
        "DbgColor":15658734,
        "DbgIndex":0,
        "shading":"phong",
        "doubleSided":false,
        "opacity":1,
        "transparent":false,
        "depthWrite":true,
        "wireframe":false,
        "colorEmissive":[0,0,0]
    }],
    "vertices":[-18.8115,67.407,-27.4051,-31.8769,67.407,-9.42214,-48.5424,56.2151,-9.42214,-23.9614,56.2151,-43.2549,-12.9525,73.5711,-9.37311,-59.5642,39.81,-9.42213,-27.3674,39.81,-53.7373],
    "faces":[43,0,3,2,1,0,0,1,2,3,0,1,1,2,42,0,1,4,0,0,3,4,0,2,3,43,2,3,6,5,0,2,1,5,6,1,1,4,4],
    "metadata":{
        "generator":"io_three",
        "version":3,
        "colors":0,
        "materials":1,
        "type":"Geometry",
        "faces":3,
        "vertices":7,
        "normals":5,
        "uvs":1
    },
    "normals":[-0.452712,0.828761,-0.328898,-0.65215,0.591754,-0.4738,-0.452589,0.828852,-0.328806,-0.301645,0.927854,-0.219153,-0.710776,0.477554,-0.516404],
    "uvs":[[0.359068,0.799067,0.238898,0.62615,0.755583,0.626497,0.634715,0.799478,0.496367,0.958885,0.154797,0.447884,0.8407,0.444766]]
}