{
    "colors":[],
    "materials":[{
        "visible":true,
        "depthTest":true,
        "specularCoef":50,
        "blending":"NormalBlending",
        "vertexColors":false,
        "colorSpecular":[0.5,0.5,0.5],
        "DbgName":"_.002",
        "DbgColor":15658734,
        "DbgIndex":0,
        "shading":"phong",
        "doubleSided":false,
        "opacity":1,
        "transparent":false,
        "depthWrite":true,
        "wireframe":false,
        "colorEmissive":[0,0,0]
    }],
    "vertices":[-0.8895,67.407,33.2283,20.2507,67.407,26.3595,33.7334,56.2151,36.1552,-6.03941,56.2151,49.0782,4.96944,73.5711,15.1964,42.6503,39.8099,42.6337,-9.44532,39.8099,59.5606],
    "faces":[43,0,3,2,1,0,0,1,2,3,0,1,1,2,42,0,1,4,0,0,3,4,0,2,3,43,2,3,6,5,0,2,1,5,6,1,1,4,4],
    "metadata":{
        "generator":"io_three",
        "version":3,
        "colors":0,
        "materials":1,
        "type":"Geometry",
        "faces":3,
        "vertices":7,
        "normals":5,
        "uvs":1
    },
    "normals":[0.172918,0.828761,0.532182,0.249092,0.591754,0.766625,0.172857,0.828852,0.53206,0.115207,0.927854,0.354625,0.271493,0.477554,0.835597],
    "uvs":[[0.359068,0.799067,0.238898,0.62615,0.755583,0.626497,0.634715,0.799478,0.496367,0.958885,0.154797,0.447884,0.8407,0.444766]]
}