{
    "uvs":[[0.280454,0.370555,0.224835,0.37072,0.225022,0.198115,0.281308,0.198442,0.169936,0.370013,0.171317,0.198141,0.118288,0.370094,0.11761,0.198339,0.061355,0.370674,0.061873,0.19797,0.504838,0.370733,0.448426,0.370341,0.44776,0.198388,0.503518,0.198601,0.39355,0.370393,0.392398,0.198824,0.447638,0.198472,0.337368,0.370257,0.338148,0.198594]],
    "colors":[],
    "metadata":{
        "uvs":1,
        "normals":15,
        "faces":8,
        "colors":0,
        "version":3,
        "generator":"io_three",
        "type":"Geometry",
        "vertices":18,
        "materials":1
    },
    "normals":[-0.293863,0.309061,0.904477,-0.632527,0.285989,0.719779,-0.631825,0.286081,0.720359,-0.874599,0.221168,0.43144,-0.873806,0.221534,0.432844,-0.989166,0.123692,0.078799,-0.988922,0.124302,0.080844,-0.990326,0.060976,-0.124454,0.874355,0.060976,0.481399,0.753929,0.123692,0.645161,0.752525,0.124302,0.646687,0.453963,0.221168,0.863094,0.452498,0.221534,0.863796,0.088656,0.285989,0.9541,0.08771,0.286081,0.954161],
    "vertices":[-21.0814,43.683,64.8819,-24.337,43.3593,63.1248,-26.4868,21.9531,69.7411,-23.252,22.0691,71.5623,-26.599,42.4761,60.4814,-28.6918,21.6364,66.9226,-27.6675,41.1647,57.3008,-29.6759,21.1662,63.482,-27.3432,39.5568,53.9321,-29.248,20.5897,59.7945,-9.57935,39.5568,59.7039,-11.2971,41.1647,62.6199,-13.3055,21.1662,68.8011,-11.4842,20.5897,65.5663,-14.031,42.4761,64.565,-16.1239,21.6364,71.0062,-17.4147,43.3593,65.374,-19.5645,21.9531,71.9903],
    "faces":[43,0,1,2,3,0,0,1,2,3,0,1,2,0,43,1,4,5,2,0,1,4,5,2,1,3,4,2,43,4,6,7,5,0,4,6,7,5,3,5,6,4,43,6,8,9,7,0,6,8,9,7,5,7,7,6,43,10,11,12,13,0,10,11,12,13,8,9,10,8,43,11,14,15,12,0,11,14,15,16,9,11,12,10,43,14,16,17,15,0,14,17,18,15,11,13,14,12,43,16,0,3,17,0,17,0,3,18,13,0,0,14],
    "materials":[{
        "DbgColor":15658734,
        "colorSpecular":[0.5,0.5,0.5],
        "colorEmissive":[0,0,0],
        "opacity":1,
        "depthTest":true,
        "wireframe":false,
        "shading":"phong",
        "transparent":false,
        "doubleSided":false,
        "visible":true,
        "colorDiffuse":[0.64,0.64,0.64],
        "DbgIndex":0,
        "vertexColors":false,
        "specularCoef":50,
        "blending":"NormalBlending",
        "depthWrite":true,
        "DbgName":"_.002"
    }]
}