{
    "uvs":[[0.280454,0.370555,0.224835,0.37072,0.225022,0.198115,0.281308,0.198442,0.169936,0.370013,0.171317,0.198141,0.118288,0.370094,0.11761,0.198339,0.061355,0.370674,0.061873,0.19797,0.504838,0.370733,0.448426,0.370341,0.44776,0.198388,0.503518,0.198601,0.39355,0.370393,0.392398,0.198824,0.447638,0.198472,0.337368,0.370257,0.338148,0.198594]],
    "colors":[],
    "metadata":{
        "uvs":1,
        "normals":15,
        "faces":8,
        "colors":0,
        "version":3,
        "generator":"io_three",
        "type":"Geometry",
        "vertices":18,
        "materials":1
    },
    "normals":[0.769402,0.309061,-0.558977,0.934812,0.285989,-0.210517,0.934568,0.286081,-0.211402,0.96115,0.221168,0.165014,0.961333,0.221534,0.163427,0.846583,0.123692,0.517655,0.847591,0.124302,0.515854,0.72805,0.060976,0.682791,-0.42439,0.060976,-0.903409,-0.23072,0.123692,-0.965117,-0.228675,0.124302,-0.965514,0.140049,0.221168,-0.965117,0.141606,0.221534,-0.964782,0.48909,0.285989,-0.824,0.489853,0.286081,-0.823481],
    "vertices":[55.1918,43.683,-40.0992,56.7929,43.3593,-36.764,62.4211,21.9531,-40.8531,60.8746,22.0691,-44.228,57.0691,42.4761,-33.296,62.5483,21.6364,-37.2769,56.0641,41.1647,-30.0948,61.3222,21.1662,-33.915,53.8216,39.5568,-27.56,58.8085,20.5897,-31.1832,42.8429,39.5568,-42.6709,45.9466,41.1647,-44.0203,51.2046,21.1662,-47.8405,47.8298,20.5897,-46.294,49.3017,42.4761,-43.9869,54.7809,21.6364,-47.9678,52.5146,43.3593,-42.6525,58.1428,21.9531,-46.7416],
    "faces":[43,0,1,2,3,0,0,1,2,3,0,1,2,0,43,1,4,5,2,0,1,4,5,2,1,3,4,2,43,4,6,7,5,0,4,6,7,5,3,5,6,4,43,6,8,9,7,0,6,8,9,7,5,7,7,6,43,10,11,12,13,0,10,11,12,13,8,9,10,8,43,11,14,15,12,0,11,14,15,16,9,11,12,10,43,14,16,17,15,0,14,17,18,15,11,13,14,12,43,16,0,3,17,0,17,0,3,18,13,0,0,14],
    "materials":[{
        "DbgColor":15658734,
        "colorSpecular":[0.5,0.5,0.5],
        "colorEmissive":[0,0,0],
        "opacity":1,
        "depthTest":true,
        "wireframe":false,
        "shading":"phong",
        "transparent":false,
        "doubleSided":false,
        "visible":true,
        "colorDiffuse":[0.64,0.64,0.64],
        "DbgIndex":0,
        "vertexColors":false,
        "specularCoef":50,
        "blending":"NormalBlending",
        "depthWrite":true,
        "DbgName":"_.002"
    }]
}