{
    "colors":[],
    "materials":[{
        "visible":true,
        "depthTest":true,
        "specularCoef":50,
        "blending":"NormalBlending",
        "vertexColors":false,
        "colorSpecular":[0.5,0.5,0.5],
        "DbgName":"_.002",
        "DbgColor":15658734,
        "DbgIndex":0,
        "shading":"phong",
        "doubleSided":false,
        "opacity":1,
        "transparent":false,
        "depthWrite":true,
        "wireframe":false,
        "colorEmissive":[0,0,0]
    }],
    "vertices":[-68.2208,43.683,1.82074e-05,-67.5558,43.3593,-3.63927,-74.5126,21.9531,-3.63929,-75.2451,22.0691,4.83084e-06,-65.7408,42.4761,-6.60732,-72.5134,21.6364,-6.60734,-63.0461,41.1647,-8.60646,-69.5454,21.1662,-8.60647,-59.742,39.5568,-9.33899,-65.9061,20.5897,-9.339,-59.742,39.5568,9.33902,-63.0461,41.1647,8.60649,-69.5454,21.1662,8.60648,-65.9061,20.5897,9.33901,-65.7408,42.4761,6.60736,-72.5134,21.6364,6.60735,-67.5558,43.3593,3.63931,-74.5126,21.9531,3.63929],
    "faces":[43,0,1,2,3,0,0,1,2,3,0,1,2,0,43,1,4,5,2,0,1,4,5,2,1,3,4,2,43,4,6,7,5,0,4,6,7,5,3,5,6,4,43,6,8,9,7,0,6,8,9,7,5,7,7,6,43,10,11,12,13,0,10,11,12,13,8,9,10,8,43,11,14,15,12,0,11,14,15,16,9,11,12,10,43,14,16,17,15,0,14,17,18,15,11,13,14,12,43,16,0,3,17,0,17,0,3,18,13,0,0,14],
    "metadata":{
        "generator":"io_three",
        "version":3,
        "colors":0,
        "materials":1,
        "type":"Geometry",
        "faces":8,
        "vertices":18,
        "normals":15,
        "uvs":1
    },
    "normals":[-0.951018,0.309061,0,-0.880001,0.285989,-0.379131,-0.880337,0.286081,-0.378277,-0.680563,0.221168,-0.698447,-0.681661,0.221534,-0.697287,-0.380627,0.123692,-0.91641,-0.382488,0.124302,-0.915525,-0.187658,0.060976,-0.980316,-0.187658,0.060976,0.980316,-0.380627,0.123692,0.91641,-0.382488,0.124302,0.915525,-0.680593,0.221168,0.698447,-0.681661,0.221534,0.697287,-0.880001,0.285989,0.379131,-0.880337,0.286081,0.378277],
    "uvs":[[0.280454,0.370555,0.224835,0.37072,0.225022,0.198115,0.281308,0.198442,0.169936,0.370013,0.171317,0.198141,0.118288,0.370094,0.11761,0.198339,0.061355,0.370674,0.061873,0.19797,0.504838,0.370733,0.448426,0.370341,0.44776,0.198388,0.503518,0.198601,0.39355,0.370393,0.392398,0.198824,0.447638,0.198472,0.337368,0.370257,0.338148,0.198594]]
}