{
    "colors":[],
    "materials":[{
        "visible":true,
        "depthTest":true,
        "specularCoef":50,
        "blending":"NormalBlending",
        "vertexColors":false,
        "colorSpecular":[0.5,0.5,0.5],
        "DbgName":"Mat_3.002",
        "DbgColor":15658734,
        "DbgIndex":0,
        "shading":"phong",
        "doubleSided":false,
        "opacity":1,
        "transparent":false,
        "depthWrite":true,
        "wireframe":false,
        "colorEmissive":[0,0,0]
    }],
    "vertices":[-26.4491,21.953,69.6249,-26.4491,0.10994,69.6249,-23.2143,0.10994,71.4461,-23.2143,22.0691,71.4461,-28.6541,21.6363,66.8064,-28.6541,0.109941,66.8064,-29.6382,21.1662,63.3659,-29.6382,0.109941,63.3659,-29.2103,20.5896,59.6783,-29.2103,0.109942,59.6783,-27.389,20.0131,56.4435,-27.389,0.109943,56.4435,-24.5705,19.5429,54.2385,-24.5705,0.109944,54.2385,-21.13,19.2262,53.2544,-21.13,0.109944,53.2544,-17.4424,19.1102,53.6823,-17.4424,0.109945,53.6823,-14.2076,19.2262,55.5036,-14.2076,0.109945,55.5036,-12.0026,19.5429,58.3221,-12.0026,0.109945,58.3221,-11.0185,20.0131,61.7626,-11.0185,0.109944,61.7626,-11.4464,20.5896,65.4501,-11.4464,0.109944,65.4501,-13.2677,21.1662,68.6849,-13.2677,0.109943,68.6849,-16.0862,21.6364,70.89,-16.0862,0.109942,70.89,-19.5267,21.953,71.8741,-19.5267,0.109941,71.8741,-21.0436,43.6829,64.7657,-24.2993,43.3593,63.0086,-26.5612,42.476,60.3652,-27.6298,41.1647,57.1847,-27.3054,39.5568,53.8159,-25.5877,37.9489,50.8999,-22.8538,36.6375,48.9548,-19.4701,35.7543,48.1458,-15.8034,35.4306,48.6379,-12.5478,35.7543,50.3951,-10.2858,36.6375,53.0384,-9.21726,37.9489,56.219,-9.54161,39.5568,59.5877,-11.2593,41.1647,62.5037,-13.9933,42.476,64.4488,-17.377,43.3593,65.2578,-17.0445,62.9456,52.4575,-20.3425,62.4176,50.8309,-22.7202,60.9769,48.5438,-23.9606,58.8379,45.8921,-23.847,56.2151,43.1718,-22.34,53.5923,40.9042,-19.7778,51.4533,39.4881,-16.5099,50.0125,39.0353,-12.8856,49.4846,39.6579,-9.58757,50.0125,41.2845,-7.20991,51.4533,43.5716,-5.96949,53.5923,46.2233,-6.08314,56.2151,48.9436,-7.59014,58.8379,51.2112,-10.1523,60.9769,52.6273,-13.4202,62.4176,53.0801,-11.09,75.8858,34.1316,-14.4512,75.2207,32.6993,-17.0011,73.4057,30.9421,-18.4972,70.711,29.0774,-18.6971,67.4069,27.322,-17.5036,64.1028,26.0193,-15.1971,61.4081,25.39,-12.1014,59.5931,25.4673,-8.54023,58.9281,26.2841,-5.17906,59.5931,27.7165,-2.62918,61.4081,29.4736,-1.13308,64.1028,31.3384,-0.933219,67.4069,33.0938,-2.12671,70.711,34.3965,-4.43317,73.4057,35.0257,-7.52887,75.2207,34.9485,-4.41353,82.9101,13.5834,-7.83883,82.1775,12.3484,-10.5637,80.1784,11.1299,-12.3197,77.2104,10.0648,-12.8381,73.5711,9.28997,-11.9632,69.9318,8.96783,-9.91657,66.9637,9.13825,-6.99589,64.9646,9.75412,-3.49884,64.2321,10.7683,-0.0735454,64.9646,12.0033,2.65134,66.9637,13.2218,4.40727,69.9318,14.2869,4.92573,73.5711,15.0618,4.05083,77.2104,15.3839,2.00419,80.1784,15.2135,-0.91649,82.1775,14.5976,0.0001584,82.9101,-0.000515716,-3.46101,82.1775,-1.12512,-6.2838,80.1784,-2.0423,-8.18508,77.2104,-2.66006,-8.88175,73.5711,-2.88643,-8.18508,69.9318,-2.66006,-6.28379,66.9637,-2.0423,-3.46101,64.9646,-1.12512,0.0001634,64.2321,-0.000518743,3.46133,64.9646,1.12408,6.28412,66.9637,2.04126,8.1854,69.9318,2.65903,8.88208,73.5711,2.88539,8.1854,77.2104,2.65903,6.28411,80.1784,2.04126,3.46133,82.1776,1.12409],
    "faces":[43,0,1,2,3,0,0,1,2,3,0,1,2,3,43,1,0,4,5,0,1,0,4,5,1,0,4,5,43,4,6,7,5,0,4,6,7,5,4,6,7,5,43,8,9,7,6,0,8,9,7,6,8,9,7,6,43,8,10,11,9,0,10,11,12,13,8,10,11,9,43,12,13,11,10,0,14,15,12,11,12,13,11,10,43,14,15,13,12,0,16,17,15,14,14,15,13,12,43,16,17,15,14,0,18,19,17,16,16,17,15,14,43,16,18,19,17,0,18,20,21,19,16,18,19,17,43,18,20,21,19,0,20,22,23,21,18,20,21,19,43,22,23,21,20,0,24,25,23,22,22,23,21,20,43,22,24,25,23,0,24,26,27,25,22,24,25,23,43,24,26,27,25,0,28,29,30,31,24,26,27,25,43,28,29,27,26,0,32,33,34,35,28,29,27,26,43,30,31,29,28,0,36,37,33,32,30,31,29,28,43,30,3,2,31,0,36,3,2,37,30,3,2,31,43,0,3,32,33,0,0,3,38,39,0,3,32,33,43,4,0,33,34,0,4,0,39,40,4,0,33,34,43,34,35,6,4,0,40,41,6,4,34,35,6,4,43,35,36,8,6,0,41,42,8,6,35,36,8,6,43,36,37,10,8,0,43,44,11,10,36,37,10,8,43,37,38,12,10,0,44,45,14,11,37,38,12,10,43,38,39,14,12,0,45,46,16,14,38,39,14,12,43,39,40,16,14,0,46,47,18,16,39,40,16,14,43,40,41,18,16,0,47,48,20,18,40,41,18,16,43,41,42,20,18,0,48,49,22,20,41,42,20,18,43,42,43,22,20,0,49,50,24,22,42,43,22,20,43,43,44,24,22,0,50,51,52,24,43,44,24,22,43,44,45,26,24,0,51,53,35,52,44,45,26,24,43,45,46,28,26,0,53,54,32,55,45,46,28,26,43,46,47,30,28,0,54,56,36,32,46,47,30,28,43,47,32,3,30,0,56,38,3,36,47,32,3,30,43,48,49,33,32,0,57,58,59,60,48,49,33,32,43,49,50,34,33,0,58,61,62,59,49,50,34,33,43,50,51,35,34,0,61,63,64,62,50,51,35,34,43,51,52,36,35,0,63,65,66,64,51,52,36,35,43,52,53,37,36,0,67,68,69,70,52,53,37,36,43,53,54,38,37,0,71,72,73,69,53,54,38,37,43,54,55,39,38,0,72,74,75,73,54,55,39,38,43,55,56,40,39,0,74,76,77,75,55,56,40,39,43,56,57,41,40,0,76,78,79,77,56,57,41,40,43,57,58,42,41,0,78,80,81,79,57,58,42,41,43,58,59,43,42,0,80,82,83,81,58,59,43,42,43,59,60,44,43,0,82,84,85,83,59,60,44,43,43,60,61,45,44,0,86,87,88,89,60,61,45,44,43,61,62,46,45,0,87,90,91,92,61,62,46,45,43,62,63,47,46,0,90,93,94,91,62,63,47,46,43,63,48,32,47,0,93,57,60,94,63,48,32,47,43,64,65,49,48,0,95,96,97,98,64,65,49,48,43,65,66,50,49,0,96,99,100,97,65,66,50,49,43,66,67,51,50,0,99,101,102,100,66,67,51,50,43,67,68,52,51,0,101,103,104,102,67,68,52,51,43,68,69,53,52,0,105,106,107,108,68,69,53,52,43,69,70,54,53,0,106,109,110,111,69,70,54,53,43,70,71,55,54,0,109,112,113,110,70,71,55,54,43,71,72,56,55,0,112,114,115,113,71,72,56,55,43,72,73,57,56,0,114,116,117,115,72,73,57,56,43,73,74,58,57,0,116,118,119,117,73,74,58,57,43,74,75,59,58,0,118,120,121,119,74,75,59,58,43,75,76,60,59,0,120,122,123,121,75,76,60,59,43,76,77,61,60,0,124,125,126,127,76,77,61,60,43,77,78,62,61,0,125,128,129,126,77,78,62,61,43,78,79,63,62,0,128,130,131,129,78,79,63,62,43,79,64,48,63,0,130,95,98,131,79,64,48,63,43,80,81,65,64,0,132,133,134,135,80,81,65,64,43,81,82,66,65,0,133,136,137,134,81,82,66,65,43,82,83,67,66,0,136,138,139,137,82,83,67,66,43,83,84,68,67,0,138,140,141,139,83,84,68,67,43,84,85,69,68,0,142,143,144,145,84,85,69,68,43,85,86,70,69,0,143,146,147,144,85,86,70,69,43,86,87,71,70,0,146,148,149,147,86,87,71,70,43,87,88,72,71,0,148,150,151,149,87,88,72,71,43,88,89,73,72,0,150,152,153,151,88,89,73,72,43,89,90,74,73,0,152,154,155,153,89,90,74,73,43,90,91,75,74,0,154,156,157,155,90,91,75,74,43,91,92,76,75,0,158,159,160,157,91,92,76,75,43,92,93,77,76,0,161,162,163,164,92,93,77,76,43,93,94,78,77,0,162,165,166,163,93,94,78,77,43,94,95,79,78,0,165,167,168,166,94,95,79,78,43,95,80,64,79,0,167,132,135,168,95,80,64,79,43,96,97,81,80,0,169,170,171,172,96,97,81,80,43,97,98,82,81,0,170,173,174,171,97,98,82,81,43,98,99,83,82,0,173,175,176,174,98,99,83,82,43,99,100,84,83,0,175,177,178,179,99,9,84,83,43,100,101,85,84,0,180,181,182,183,9,100,85,84,43,101,102,86,85,0,181,184,185,182,100,101,86,85,43,102,103,87,86,0,184,186,187,185,101,102,87,86,43,103,104,88,87,0,186,188,189,187,102,103,88,87,43,104,105,89,88,0,188,190,191,189,103,104,89,88,43,105,106,90,89,0,190,192,193,191,104,105,90,89,43,106,107,91,90,0,192,194,195,193,105,106,91,90,43,107,108,92,91,0,194,196,197,195,106,25,92,91,43,108,109,93,92,0,196,198,199,197,25,107,93,92,43,109,110,94,93,0,198,200,201,199,107,108,94,93,43,110,111,95,94,0,200,202,203,201,108,109,95,94,43,111,96,80,95,0,202,169,172,203,109,96,80,95],
    "metadata":{
        "generator":"io_three",
        "version":3,
        "colors":0,
        "materials":1,
        "type":"Geometry",
        "faces":96,
        "vertices":112,
        "normals":110,
        "uvs":1
    },