{
    "colors":[],
    "materials":[{
        "visible":true,
        "depthTest":true,
        "specularCoef":50,
        "blending":"NormalBlending",
        "vertexColors":false,
        "colorSpecular":[0.5,0.5,0.5],
        "DbgName":"Mat_3.002",
        "DbgColor":15658734,
        "DbgIndex":0,
        "shading":"phong",
        "doubleSided":false,
        "opacity":1,
        "transparent":false,
        "depthWrite":true,
        "wireframe":false,
        "colorEmissive":[0,0,0]
    }],
    "vertices":[62.3222,21.9531,-40.7813,62.3222,0.109964,-40.7813,60.7757,0.109965,-44.1562,60.7757,22.0691,-44.1562,62.4495,21.6364,-37.2051,62.4495,0.109964,-37.2051,61.2233,21.1662,-33.8432,61.2233,0.109964,-33.8432,58.7097,20.5897,-31.1114,58.7097,0.109963,-31.1114,55.3348,20.0131,-29.5649,55.3348,0.109963,-29.5649,51.7586,19.5429,-29.4377,51.7586,0.109963,-29.4377,48.3967,19.2263,-30.6638,48.3967,0.109963,-30.6638,45.6649,19.1102,-33.1775,45.6649,0.109964,-33.1775,44.1184,19.2263,-36.5523,44.1184,0.109964,-36.5523,43.9912,19.5429,-40.1286,43.9912,0.109965,-40.1286,45.2173,20.0131,-43.4905,45.2173,0.109965,-43.4905,47.731,20.5897,-46.2222,47.731,0.109965,-46.2222,51.1058,21.1662,-47.7687,51.1058,0.109965,-47.7687,54.6821,21.6364,-47.896,54.6821,0.109965,-47.896,58.044,21.9531,-46.6698,58.044,0.109965,-46.6698,55.093,43.683,-40.0274,56.6941,43.3593,-36.6922,56.9703,42.4761,-33.2242,55.9653,41.1647,-30.023,53.7228,39.5568,-27.4882,50.6191,37.9489,-26.1388,47.264,36.6376,-26.1722,44.0511,35.7543,-27.5066,41.3739,35.4307,-30.0599,39.7728,35.7543,-33.3951,39.4966,36.6376,-36.8631,40.5016,37.9489,-40.0643,42.7441,39.5568,-42.5991,45.8478,41.1647,-43.9485,49.2029,42.4761,-43.9151,52.4158,43.3593,-42.5807,44.623,62.9456,-32.4205,46.3351,62.4177,-29.166,46.9143,60.9769,-25.9181,46.3592,58.8379,-23.0438,44.6684,56.2151,-20.9098,42.1163,53.5923,-19.9611,39.2111,51.4533,-20.3214,36.3012,50.0126,-21.8759,33.735,49.4847,-24.5099,32.0229,50.0126,-27.7644,31.4437,51.4533,-31.0123,31.9988,53.5923,-33.8867,33.6897,56.2151,-36.0206,36.2417,58.8379,-36.9693,39.1469,60.9769,-36.609,42.0569,62.4177,-35.0545,29.0341,75.8858,-21.0945,30.9114,75.2208,-17.96,31.9415,73.4058,-15.0397,32.0558,70.7111,-12.6517,31.1857,67.407,-11.1141,29.4544,64.1029,-10.7617,27.2186,61.4082,-11.6083,24.7595,59.5932,-13.4904,22.3586,58.9281,-16.2445,20.4813,59.5932,-19.3789,19.4512,61.4082,-22.2992,19.3369,64.1029,-24.6873,20.207,67.407,-26.2249,21.9383,70.7111,-26.5773,24.1741,73.4058,-25.7306,26.6332,75.2208,-23.8485,11.5548,82.9101,-8.39501,13.6,82.1776,-5.38253,15.0882,80.1785,-2.79511,15.8828,77.2104,-0.901307,15.8467,73.5711,0.0303166,14.9496,69.9318,-0.223315,13.394,66.9638,-1.56417,11.3931,64.9646,-3.77916,9.16007,64.2321,-6.65518,7.11487,64.9646,-9.66766,5.62659,66.9638,-12.2551,4.83207,69.9318,-14.1489,4.86808,73.5711,-15.0805,5.76524,77.2104,-14.8269,7.32083,80.1785,-13.486,9.32171,82.1776,-11.271,-0.0004516,82.9101,0.000337884,2.13867,82.1776,2.94459,3.88325,80.1785,5.34579,5.05831,77.2104,6.96312,5.48888,73.5711,7.55575,5.05831,69.9318,6.96312,3.88325,66.9638,5.34579,2.13867,64.9646,2.94458,-0.000453,64.2321,0.000334257,-2.13958,64.9646,-2.94391,-3.88415,66.9638,-5.34512,-5.05921,69.9318,-6.96245,-5.48978,73.5711,-7.55507,-5.05921,77.2104,-6.96245,-3.88415,80.1785,-5.34512,-2.13957,82.1776,-2.94391],
    "faces":[43,0,1,2,3,0,0,1,2,3,0,1,2,3,43,1,0,4,5,0,1,0,4,5,1,0,4,5,43,4,6,7,5,0,4,6,7,5,4,6,7,5,43,8,9,7,6,0,8,9,7,6,8,9,7,6,43,8,10,11,9,0,10,11,12,13,8,10,11,9,43,12,13,11,10,0,14,15,12,11,12,13,11,10,43,14,15,13,12,0,16,17,15,14,14,15,13,12,43,16,17,15,14,0,18,19,17,16,16,17,15,14,43,16,18,19,17,0,18,20,21,19,16,18,19,17,43,18,20,21,19,0,20,22,23,21,18,20,21,19,43,22,23,21,20,0,24,25,23,22,22,23,21,20,43,22,24,25,23,0,24,26,27,25,22,24,25,23,43,24,26,27,25,0,28,29,30,31,24,26,27,25,43,28,29,27,26,0,32,33,34,35,28,29,27,26,43,30,31,29,28,0,36,37,33,32,30,31,29,28,43,30,3,2,31,0,36,3,2,37,30,3,2,31,43,0,3,32,33,0,0,3,38,39,0,3,32,33,43,4,0,33,34,0,4,0,39,40,4,0,33,34,43,34,35,6,4,0,40,41,6,4,34,35,6,4,43,35,36,8,6,0,41,42,8,6,35,36,8,6,43,36,37,10,8,0,43,44,11,10,36,37,10,8,43,37,38,12,10,0,44,45,14,11,37,38,12,10,43,38,39,14,12,0,45,46,16,14,38,39,14,12,43,39,40,16,14,0,46,47,18,16,39,40,16,14,43,40,41,18,16,0,47,48,20,18,40,41,18,16,43,41,42,20,18,0,48,49,22,20,41,42,20,18,43,42,43,22,20,0,49,50,24,22,42,43,22,20,43,43,44,24,22,0,50,51,52,24,43,44,24,22,43,44,45,26,24,0,51,53,35,52,44,45,26,24,43,45,46,28,26,0,53,54,32,55,45,46,28,26,43,46,47,30,28,0,54,56,36,32,46,47,30,28,43,47,32,3,30,0,56,38,3,36,47,32,3,30,43,48,49,33,32,0,57,58,59,60,48,49,33,32,43,49,50,34,33,0,58,61,62,59,49,50,34,33,43,50,51,35,34,0,61,63,64,62,50,51,35,34,43,51,52,36,35,0,63,65,66,64,51,52,36,35,43,52,53,37,36,0,67,68,69,70,52,53,37,36,43,53,54,38,37,0,71,72,73,69,53,54,38,37,43,54,55,39,38,0,72,74,75,73,54,55,39,38,43,55,56,40,39,0,74,76,77,75,55,56,40,39,43,56,57,41,40,0,76,78,79,77,56,57,41,40,43,57,58,42,41,0,78,80,81,79,57,58,42,41,43,58,59,43,42,0,80,82,83,81,58,59,43,42,43,59,60,44,43,0,82,84,85,83,59,60,44,43,43,60,61,45,44,0,86,87,88,89,60,61,45,44,43,61,62,46,45,0,87,90,91,92,61,62,46,45,43,62,63,47,46,0,90,93,94,91,62,63,47,46,43,63,48,32,47,0,93,57,60,94,63,48,32,47,43,64,65,49,48,0,95,96,97,98,64,65,49,48,43,65,66,50,49,0,96,99,100,97,65,66,50,49,43,66,67,51,50,0,99,101,102,100,66,67,51,50,43,67,68,52,51,0,101,103,104,102,67,68,52,51,43,68,69,53,52,0,105,106,107,108,68,69,53,52,43,69,70,54,53,0,106,109,110,111,69,70,54,53,43,70,71,55,54,0,109,112,113,110,70,71,55,54,43,71,72,56,55,0,112,114,115,113,71,72,56,55,43,72,73,57,56,0,114,116,117,115,72,73,57,56,43,73,74,58,57,0,116,118,119,117,73,74,58,57,43,74,75,59,58,0,118,120,121,119,74,75,59,58,43,75,76,60,59,0,120,122,123,121,75,76,60,59,43,76,77,61,60,0,124,125,126,127,76,77,61,60,43,77,78,62,61,0,125,128,129,126,77,78,62,61,43,78,79,63,62,0,128,130,131,129,78,79,63,62,43,79,64,48,63,0,130,95,98,131,79,64,48,63,43,80,81,65,64,0,132,133,134,135,80,81,65,64,43,81,82,66,65,0,133,136,137,134,81,82,66,65,43,82,83,67,66,0,136,138,139,137,82,83,67,66,43,83,84,68,67,0,138,140,141,139,83,84,68,67,43,84,85,69,68,0,142,143,144,145,84,85,69,68,43,85,86,70,69,0,143,146,147,144,85,86,70,69,43,86,87,71,70,0,146,148,149,147,86,87,71,70,43,87,88,72,71,0,148,150,151,149,87,88,72,71,43,88,89,73,72,0,150,152,153,151,88,89,73,72,43,89,90,74,73,0,152,154,155,153,89,90,74,73,43,90,91,75,74,0,154,156,157,155,90,91,75,74,43,91,92,76,75,0,158,159,160,157,91,92,76,75,43,92,93,77,76,0,161,162,163,164,92,93,77,76,43,93,94,78,77,0,162,165,166,163,93,94,78,77,43,94,95,79,78,0,165,167,168,166,94,95,79,78,43,95,80,64,79,0,167,132,135,168,95,80,64,79,43,96,97,81,80,0,169,170,171,172,96,97,81,80,43,97,98,82,81,0,170,173,174,171,97,98,82,81,43,98,99,83,82,0,173,175,176,174,98,99,83,82,43,99,100,84,83,0,175,177,178,179,99,9,84,83,43,100,101,85,84,0,180,181,182,183,9,100,85,84,43,101,102,86,85,0,181,184,185,182,100,101,86,85,43,102,103,87,86,0,184,186,187,185,101,102,87,86,43,103,104,88,87,0,186,188,189,187,102,103,88,87,43,104,105,89,88,0,188,190,191,189,103,104,89,88,43,105,106,90,89,0,190,192,193,191,104,105,90,89,43,106,107,91,90,0,192,194,195,193,105,106,91,90,43,107,108,92,91,0,194,196,197,195,106,25,92,91,43,108,109,93,92,0,196,198,199,197,25,107,93,92,43,109,110,94,93,0,198,200,201,199,107,108,94,93,43,110,111,95,94,0,200,202,203,201,108,109,95,94,43,111,96,80,95,0,202,169,172,203,109,96,80,95],
    "metadata":{
        "generator":"io_three",
        "version":3,
        "colors":0,
        "materials":1,
        "type":"Geometry",
        "faces":96,
        "vertices":112,
        "normals":110,
        "uvs":1
    },