{
    "uvs":[[0.107508,0.255249,0.153499,0.445133,0.842013,0.441962,0.884955,0.253924,0.359068,0.799067,0.634715,0.799478,0.755583,0.626497,0.238898,0.62615,0.885196,0.05429,0.107749,0.055616,0.496367,0.958885]],
    "colors":[],
    "metadata":{
        "uvs":1,
        "normals":7,
        "faces":5,
        "colors":0,
        "version":3,
        "generator":"io_three",
        "type":"Geometry",
        "vertices":11,
        "materials":1
    },
    "normals":[0.803125,-0.120273,-0.583514,0.75811,-0.349071,-0.550798,0.452712,-0.828761,-0.328898,0.452589,-0.828852,-0.328806,0.65215,-0.591754,-0.4738,0.809015,0,-0.587756,0.301645,-0.927854,-0.219153],
    "vertices":[-65.7839,20.5896,9.33901,-59.6198,39.5568,9.339,-27.3054,39.5568,53.8159,-29.2102,20.5897,59.6783,-31.7624,67.407,9.33897,-18.697,67.407,27.3219,-23.847,56.2151,43.1718,-48.4279,56.2151,9.33898,-29.2102,0.109958,59.6783,-65.7839,0.109954,9.33902,-12.8025,73.5711,9.33896],
    "faces":[43,0,1,2,3,0,0,1,2,3,0,1,1,0,43,4,5,6,7,0,4,5,6,7,2,3,4,4,43,0,3,8,9,0,0,3,8,9,0,0,5,5,42,4,10,5,0,4,10,5,2,6,3,43,1,7,6,2,0,1,7,6,2,1,4,4,1],
    "materials":[{
        "DbgColor":15658734,
        "colorSpecular":[0.5,0.5,0.5],
        "colorEmissive":[0,0,0],
        "opacity":1,
        "depthTest":true,
        "wireframe":false,
        "shading":"phong",
        "transparent":false,
        "doubleSided":false,
        "visible":true,
        "colorDiffuse":[0.64,0.64,0.64],
        "DbgIndex":0,
        "vertexColors":false,
        "specularCoef":50,
        "blending":"NormalBlending",
        "depthWrite":true,
        "DbgName":"__1.004"
    }]
}