{
    "colors":[],
    "materials":[{
        "visible":true,
        "depthTest":true,
        "specularCoef":50,
        "blending":"NormalBlending",
        "vertexColors":false,
        "colorSpecular":[0.5,0.5,0.5],
        "DbgName":"__1.004",
        "DbgColor":15658734,
        "DbgIndex":0,
        "shading":"phong",
        "doubleSided":false,
        "opacity":1,
        "transparent":false,
        "depthWrite":true,
        "wireframe":false,
        "colorEmissive":[0,0,0]
    }],
    "vertices":[-65.7839,20.5896,9.33901,-59.6198,39.5568,9.339,-27.3054,39.5568,53.8159,-29.2102,20.5897,59.6783,-31.7624,67.407,9.33897,-18.697,67.407,27.3219,-23.847,56.2151,43.1718,-48.4279,56.2151,9.33898,-29.2102,0.109958,59.6783,-65.7839,0.109954,9.33902,-12.8025,73.5711,9.33897],
    "faces":[43,0,3,2,1,0,0,1,2,3,0,0,1,1,43,4,7,6,5,0,4,5,6,7,2,3,3,4,43,0,9,8,3,0,0,9,8,1,0,5,5,0,42,4,5,10,0,4,7,10,2,4,6,43,1,2,6,7,0,3,2,6,5,1,1,3,3],
    "metadata":{
        "generator":"io_three",
        "version":3,
        "colors":0,
        "materials":1,
        "type":"Geometry",
        "faces":5,
        "vertices":11,
        "normals":7,
        "uvs":1
    },
    "normals":[-0.803125,0.120273,0.583514,-0.75811,0.349071,0.550798,-0.452712,0.828761,0.328898,-0.65215,0.591754,0.4738,-0.452589,0.828852,0.328806,-0.809015,0,0.587756,-0.301645,0.927854,0.219153],
    "uvs":[[0.107508,0.255249,0.884955,0.253924,0.842013,0.441962,0.153499,0.445133,0.359068,0.799067,0.238898,0.62615,0.755583,0.626497,0.634715,0.799478,0.885196,0.05429,0.107749,0.055616,0.496367,0.958885]]
}