{
    "colors":[],
    "materials":[{
        "visible":true,
        "depthTest":true,
        "specularCoef":50,
        "blending":"NormalBlending",
        "vertexColors":false,
        "colorSpecular":[0.5,0.5,0.5],
        "DbgName":"__1.004",
        "DbgColor":15658734,
        "DbgIndex":0,
        "shading":"phong",
        "doubleSided":false,
        "opacity":1,
        "transparent":false,
        "depthWrite":true,
        "wireframe":false,
        "colorEmissive":[0,0,0]
    }],
    "vertices":[-11.4464,20.5896,65.4501,-9.5416,39.5568,59.5877,42.7441,39.5568,42.599,47.731,20.5897,46.2222,-0.933232,67.4069,33.0938,20.207,67.4069,26.2249,33.6897,56.2151,36.0206,-6.08314,56.2151,48.9436,47.731,0.109958,46.2222,-11.4464,0.109945,65.4501,4.9257,73.5711,15.0618],
    "faces":[43,0,3,2,1,0,0,1,2,3,0,0,1,1,43,4,7,6,5,0,4,5,6,7,2,3,3,4,43,0,9,8,3,0,0,9,8,1,0,5,5,0,42,4,5,10,0,4,7,10,2,4,6,43,1,2,6,7,0,3,2,6,5,1,1,3,3],
    "metadata":{
        "generator":"io_three",
        "version":3,
        "colors":0,
        "materials":1,
        "type":"Geometry",
        "faces":5,
        "vertices":11,
        "normals":7,
        "uvs":1
    },
    "normals":[0.306772,0.120273,0.944151,0.28956,0.349071,0.891201,0.172918,0.828761,0.532182,0.249092,0.591754,0.766625,0.172857,0.828852,0.53206,0.309,0,0.951048,0.115207,0.927854,0.354625],
    "uvs":[[0.107508,0.255249,0.884955,0.253924,0.842013,0.441962,0.153499,0.445133,0.359068,0.799067,0.238898,0.62615,0.755583,0.626497,0.634715,0.799478,0.885196,0.05429,0.107749,0.055616,0.496367,0.958885]]
}