{
    "uvs":[[0.002029,0.342492,0.998755,0.342476,0.998755,0.351308,0.002029,0.351324,0.998755,0.463366,0.002029,0.463382,0.002029,0.442429,0.998755,0.442413,0.998755,0.5838,0.002029,0.583816,0.002029,0.563923,0.998755,0.563908,0.998755,0.620754,0.002029,0.62077,0.002029,0.602797,0.998755,0.602782,0.998755,0.637618,0.002029,0.637634,0.998755,0.653275,0.002029,0.653291,0.002029,0.367394,0.998755,0.367378,0.998755,0.384623,0.002029,0.384639,0.002029,0.422255,0.998755,0.422239,0.002029,0.521801,0.998755,0.521785,0.998755,0.543203,0.002029,0.543219,0.998755,0.402942,0.002029,0.402958,0.998755,0.477719,0.002029,0.477735,0.998755,0.499752,0.002029,0.499768,0.998755,0.657089,0.002029,0.657105]],
    "faces":[43,0,1,2,3,0,0,1,2,3,0,0,1,1,43,4,5,6,7,0,4,5,6,7,2,2,3,3,43,8,9,10,11,0,8,9,10,11,4,4,5,5,43,12,13,14,15,0,12,13,14,15,6,6,7,7,43,16,17,13,12,0,16,17,13,12,8,8,6,6,43,18,19,17,16,0,18,19,17,16,9,9,8,8,43,20,21,22,23,0,20,21,22,23,10,10,11,11,43,24,25,7,6,0,24,25,7,6,12,12,3,3,43,26,27,28,29,0,26,27,28,29,13,13,14,14,43,9,8,15,14,0,9,8,15,14,4,4,7,7,43,3,2,21,20,0,3,2,21,20,1,1,10,10,43,23,22,30,31,0,23,22,30,31,11,11,15,15,43,31,30,25,24,0,31,30,25,24,15,15,12,12,43,5,4,32,33,0,5,4,32,33,2,2,16,16,43,33,32,34,35,0,33,32,34,35,16,16,17,17,43,35,34,27,26,0,35,34,27,26,17,17,13,13,43,29,28,11,10,0,29,28,11,10,14,14,5,5,43,19,18,36,37,0,19,18,36,37,9,9,18,18],
    "normals":[0.696188,0,0.717826,0.662465,0,0.749046,0.168187,0,0.985748,0.254036,0,0.967162,-0.374126,0,0.927366,-0.284677,0,0.958617,-0.539964,0,0.84167,-0.459426,0,0.88818,-0.615314,0,0.788263,-0.68511,0,0.728416,0.590777,0,0.806787,0.513688,0,0.857967,0.344737,0,0.938688,-0.096438,0,0.995331,-0.191778,0,0.981414,0.431501,0,0.902097,0.088473,0,0.996063,0,0,0.999969,-0.717826,0,0.696188],
    "materials":[{
        "mapDiffuse":null,
        "opacity":1,
        "colorSpecular":[0.5,0.5,0.5],
        "mapDiffuseAnisotropy":1,
        "mapDiffuseWrap":["repeat","repeat"],
        "DbgName":"Mat.003",
        "DbgColor":15658734,
        "DbgIndex":0,
        "shading":"phong",
        "depthTest":true,
        "transparent":false,
        "visible":true,
        "colorDiffuse":[0.64,0.64,0.64],
        "specularCoef":50,
        "depthWrite":true,
        "doubleSided":false,
        "blending":"NormalBlending",
        "colorEmissive":[0,0,0],
        "wireframe":false,
        "vertexColors":false,
        "mapDiffuseRepeat":[1,1]
    }],
    "metadata":{
        "version":3,
        "uvs":1,
        "faces":18,
        "materials":1,
        "normals":19,
        "vertices":38,
        "type":"Geometry",
        "colors":0,
        "generator":"io_three"
    },
    "vertices":[-105.436,16.9194,12.8635,-105.435,97.0251,12.8635,-106.144,97.0251,13.5519,-106.146,16.9194,13.5519,-115.15,97.0251,17.8249,-115.152,16.9194,17.8249,-113.468,16.9194,17.4676,-113.466,97.0251,17.4676,-124.829,97.0251,16.7553,-124.831,16.9194,16.7553,-123.232,16.9194,17.3142,-123.231,97.0251,17.3142,-127.799,97.0251,15.2196,-127.801,16.9194,15.2196,-126.356,16.9194,16.0544,-126.355,97.0251,16.0545,-129.155,97.0251,14.2587,-129.156,16.9194,14.2587,-130.413,97.0251,13.1796,-130.414,16.9194,13.1796,-107.437,16.9194,14.5925,-107.436,97.0251,14.5925,-108.822,97.0251,15.5123,-108.823,16.9194,15.5123,-111.846,16.9194,16.9578,-111.845,97.0251,16.9578,-119.847,16.9194,17.9745,-119.845,97.0251,17.9745,-121.567,97.0251,17.7233,-121.568,16.9194,17.7232,-110.294,97.0251,16.3033,-110.295,16.9194,16.3033,-116.304,97.0251,17.9745,-116.305,16.9194,17.9745,-118.075,97.0251,18.06,-118.076,16.9194,18.06,-130.72,97.0251,12.8635,-130.721,16.9194,12.8635],
    "colors":[]
}