{
    "uvs":[[0.004173,0.342796,0.998974,0.34278,0.998974,0.351595,0.004173,0.351611,0.998974,0.463437,0.004173,0.463453,0.004173,0.442539,0.998974,0.442524,0.998974,0.583638,0.004173,0.583653,0.004173,0.563799,0.998974,0.563784,0.998974,0.62052,0.004173,0.620536,0.004173,0.602598,0.998974,0.602583,0.998974,0.637352,0.004173,0.637367,0.998974,0.652979,0.004173,0.652995,0.004173,0.36765,0.998974,0.367634,0.998974,0.384845,0.004173,0.384861,0.004173,0.422404,0.998974,0.422389,0.004173,0.521758,0.998974,0.521742,0.998974,0.543119,0.004173,0.543135,0.998974,0.40313,0.004173,0.403145,0.998974,0.477762,0.004173,0.477778,0.998974,0.499752,0.004173,0.499768,0.998974,0.656786,0.004173,0.656801]],
    "faces":[43,0,1,2,3,0,0,1,2,3,0,0,1,1,43,4,5,6,7,0,4,5,6,7,2,2,3,3,43,8,9,10,11,0,8,9,10,11,4,4,5,5,43,12,13,14,15,0,12,13,14,15,6,6,7,7,43,16,17,13,12,0,16,17,13,12,8,8,6,6,43,18,19,17,16,0,18,19,17,16,9,9,8,8,43,20,21,22,23,0,20,21,22,23,10,10,11,11,43,24,25,7,6,0,24,25,7,6,12,12,3,3,43,26,27,28,29,0,26,27,28,29,13,13,14,14,43,9,8,15,14,0,9,8,15,14,4,4,7,7,43,3,2,21,20,0,3,2,21,20,1,1,10,10,43,23,22,30,31,0,23,22,30,31,11,11,15,15,43,31,30,25,24,0,31,30,25,24,15,15,12,12,43,5,4,32,33,0,5,4,32,33,2,2,16,16,43,33,32,34,35,0,33,32,34,35,16,16,17,18,43,35,34,27,26,0,35,34,27,26,18,17,13,13,43,29,28,11,10,0,29,28,11,10,14,14,5,5,43,19,18,36,37,0,19,18,36,37,9,9,19,19],
    "normals":[0.696188,0,0.717826,0.662465,0,0.749046,0.168187,0,0.985748,0.254036,0,0.967162,-0.374126,0,0.927366,-0.284677,0,0.958617,-0.539964,0,0.84167,-0.459426,0,0.88818,-0.615314,0,0.788263,-0.68511,0,0.728416,0.590777,0,0.806787,0.513688,0,0.857967,0.344737,0,0.938688,-0.096438,0,0.995331,-0.191778,0,0.981414,0.431501,0,0.902097,0.088473,0,0.996063,0,0,0.999969,0,0,1,-0.717826,0,0.696188],
    "materials":[{
        "mapDiffuse":null,
        "opacity":1,
        "colorSpecular":[0.5,0.5,0.5],
        "mapDiffuseAnisotropy":1,
        "mapDiffuseWrap":["repeat","repeat"],
        "DbgName":"Mat.003",
        "DbgColor":15658734,
        "DbgIndex":0,
        "shading":"phong",
        "depthTest":true,
        "transparent":false,
        "visible":true,
        "colorDiffuse":[0.64,0.64,0.64],
        "specularCoef":50,
        "depthWrite":true,
        "doubleSided":false,
        "blending":"NormalBlending",
        "colorEmissive":[0,0,0],
        "wireframe":false,
        "vertexColors":false,
        "mapDiffuseRepeat":[1,1]
    }],
    "metadata":{
        "version":3,
        "uvs":1,
        "faces":18,
        "materials":1,
        "normals":20,
        "vertices":38,
        "type":"Geometry",
        "colors":0,
        "generator":"io_three"
    },
    "vertices":[130.724,16.9194,12.8635,130.725,97.0251,12.8635,130.015,97.0251,13.5519,130.014,16.9194,13.5519,121.009,97.0251,17.8249,121.008,16.9194,17.8249,122.692,16.9194,17.4676,122.693,97.0251,17.4676,111.33,97.0251,16.7553,111.329,16.9194,16.7553,112.928,16.9194,17.3142,112.929,97.0251,17.3142,108.36,97.0251,15.2196,108.359,16.9194,15.2196,109.804,16.9194,16.0544,109.805,97.0251,16.0545,107.005,97.0251,14.2587,107.004,16.9194,14.2587,105.747,97.0251,13.1796,105.745,16.9194,13.1796,128.723,16.9194,14.5925,128.724,97.0251,14.5925,127.338,97.0251,15.5123,127.337,16.9194,15.5123,124.314,16.9194,16.9578,124.315,97.0251,16.9578,116.313,16.9194,17.9745,116.314,97.0251,17.9745,114.593,97.0251,17.7233,114.592,16.9194,17.7232,125.866,97.0251,16.3033,125.864,16.9194,16.3033,119.856,97.0251,17.9745,119.855,16.9194,17.9745,118.085,97.0251,18.06,118.084,16.9194,18.06,105.44,97.0251,12.8635,105.439,16.9194,12.8635],
    "colors":[]
}