{
    "faces":[43,0,1,2,3,0,0,1,2,3,0,0,1,1,43,4,5,6,7,0,4,5,6,7,2,2,3,3,43,8,9,10,11,0,8,9,10,11,4,4,5,5,43,12,13,14,15,0,12,13,14,15,6,6,7,7,43,16,17,13,12,0,16,17,13,12,8,8,6,6,43,18,19,17,16,0,18,19,17,16,9,9,8,8,43,20,21,22,23,0,20,21,22,23,10,10,11,11,43,24,25,7,6,0,24,25,7,6,12,12,3,3,43,26,27,28,29,0,26,27,28,29,13,13,14,14,43,9,8,15,14,0,9,8,15,14,4,4,7,7,43,3,2,21,20,0,3,2,21,20,1,1,10,10,43,23,22,30,31,0,23,22,30,31,11,11,15,15,43,31,30,25,24,0,31,30,25,24,15,15,12,12,43,5,4,32,33,0,5,4,32,33,2,2,16,16,43,33,32,34,35,0,33,32,34,35,16,16,17,17,43,35,34,27,26,0,35,34,27,26,17,17,13,13,43,29,28,11,10,0,29,28,11,10,14,14,5,5,43,19,18,36,37,0,19,18,36,37,9,9,18,18],
    "normals":[-0.696188,0,-0.717826,-0.662465,0,-0.749046,-0.168187,0,-0.985748,-0.254036,0,-0.967162,0.374126,0,-0.927366,0.284677,0,-0.958617,0.539964,0,-0.84167,0.459426,0,-0.88818,0.615314,0,-0.788263,0.68511,0,-0.728416,-0.590777,0,-0.806787,-0.513688,0,-0.857967,-0.344737,0,-0.938688,0.096438,0,-0.995331,0.191778,0,-0.981414,-0.431501,0,-0.902097,-0.088473,0,-0.996063,0,0,-0.999969,0.717826,0,-0.696188],
    "vertices":[105.436,16.9194,-12.8635,105.435,97.0251,-12.8635,106.144,97.0251,-13.5519,106.146,16.9194,-13.5519,115.15,97.0251,-17.8249,115.152,16.9194,-17.8249,113.468,16.9194,-17.4676,113.466,97.0251,-17.4676,124.829,97.0251,-16.7553,124.831,16.9194,-16.7553,123.232,16.9194,-17.3142,123.231,97.0251,-17.3142,127.799,97.0251,-15.2196,127.801,16.9194,-15.2196,126.356,16.9194,-16.0544,126.355,97.0251,-16.0544,129.155,97.0251,-14.2586,129.156,16.9194,-14.2586,130.413,97.0251,-13.1796,130.414,16.9194,-13.1796,107.437,16.9194,-14.5925,107.436,97.0251,-14.5925,108.822,97.0251,-15.5123,108.823,16.9194,-15.5123,111.846,16.9194,-16.9578,111.845,97.0251,-16.9577,119.847,16.9194,-17.9745,119.845,97.0251,-17.9745,121.567,97.0251,-17.7232,121.568,16.9194,-17.7232,110.294,97.0251,-16.3033,110.295,16.9194,-16.3033,116.304,97.0251,-17.9745,116.305,16.9194,-17.9745,118.075,97.0251,-18.06,118.076,16.9194,-18.06,130.72,97.0251,-12.8635,130.721,16.9194,-12.8635],
    "metadata":{
        "generator":"io_three",
        "materials":1,
        "normals":19,
        "uvs":1,
        "vertices":38,
        "faces":18,
        "type":"Geometry",
        "version":3,
        "colors":0
    },
    "materials":[{
        "doubleSided":false,
        "specularCoef":50,
        "depthTest":true,
        "wireframe":false,
        "DbgIndex":0,
        "DbgName":"Mat.003",
        "transparent":false,
        "opacity":1,
        "shading":"phong",
        "DbgColor":15658734,
        "colorDiffuse":[0.64,0.64,0.64],
        "depthWrite":true,
        "colorSpecular":[0.5,0.5,0.5],
        "colorEmissive":[0,0,0],
        "visible":true,
        "vertexColors":false,
        "blending":"NormalBlending"
    }],
    "uvs":[[0.626047,0.960088,0.626047,0.770147,0.635,0.771684,0.635,0.960355,0.725,0.789541,0.725,0.963456,0.71,0.962914,0.71,0.786418,0.81,0.80586,0.81,0.96629,0.795,0.965853,0.795,0.803341,0.84,0.810372,0.84,0.967074,0.825,0.966697,0.825,0.808204,0.855,0.812362,0.855,0.967419,0.87,0.814172,0.87,0.967733,0.65,0.960832,0.65,0.774429,0.665,0.777302,0.665,0.961331,0.695,0.962376,0.695,0.783321,0.765,0.964888,0.765,0.797786,0.78,0.800649,0.78,0.965385,0.68,0.780275,0.68,0.961847,0.735,0.791628,0.735,0.963819,0.75,0.794753,0.75,0.964361,0.873987,0.814608,0.873987,0.967809]],
    "colors":[]
}