{
    "faces":[43,0,1,2,3,0,0,1,2,3,0,0,1,1,43,4,5,6,7,0,4,5,6,7,2,2,3,3,43,8,9,10,11,0,8,9,10,11,4,4,5,5,43,12,13,14,15,0,12,13,14,15,6,6,7,7,43,16,17,13,12,0,16,17,13,12,8,8,6,6,43,18,19,17,16,0,18,19,17,16,9,9,8,8,43,20,21,22,23,0,20,21,22,23,10,10,11,11,43,24,25,7,6,0,24,25,7,6,12,12,3,3,43,26,27,28,29,0,26,27,28,29,13,13,14,14,43,9,8,15,14,0,9,8,15,14,4,4,7,7,43,3,2,21,20,0,3,2,21,20,1,1,10,10,43,23,22,30,31,0,23,22,30,31,11,11,15,15,43,31,30,25,24,0,31,30,25,24,15,15,12,12,43,5,4,32,33,0,5,4,32,33,2,2,16,16,43,33,32,34,35,0,33,32,34,35,16,16,17,18,43,35,34,27,26,0,35,34,27,26,18,17,13,13,43,29,28,11,10,0,29,28,11,10,14,14,5,5,43,19,18,36,37,0,19,18,36,37,9,9,19,19],
    "normals":[0.696188,0,0.717826,0.662465,0,0.749046,0.168187,0,0.985748,0.254036,0,0.967162,-0.374126,0,0.927366,-0.284677,0,0.958617,-0.539964,0,0.84167,-0.459426,0,0.88818,-0.615314,0,0.788263,-0.68511,0,0.728416,0.590777,0,0.806787,0.513688,0,0.857967,0.344737,0,0.938688,-0.096438,0,0.995331,-0.191778,0,0.981414,0.431501,0,0.902097,0.088473,0,0.996063,0,0,0.999969,0,0,1,-0.717826,0,0.696188],
    "vertices":[130.724,16.9194,12.8635,130.725,97.0251,12.8635,130.015,97.0251,13.5519,130.014,16.9194,13.5519,121.009,97.0251,17.8249,121.008,16.9194,17.8249,122.692,16.9194,17.4676,122.693,97.0251,17.4676,111.33,97.0251,16.7553,111.329,16.9194,16.7553,112.928,16.9194,17.3142,112.929,97.0251,17.3142,108.36,97.0251,15.2196,108.359,16.9194,15.2196,109.804,16.9194,16.0544,109.805,97.0251,16.0545,107.005,97.0251,14.2587,107.004,16.9194,14.2587,105.747,97.0251,13.1796,105.745,16.9194,13.1796,128.723,16.9194,14.5925,128.724,97.0251,14.5925,127.338,97.0251,15.5123,127.337,16.9194,15.5123,124.314,16.9194,16.9578,124.315,97.0251,16.9578,116.313,16.9194,17.9745,116.314,97.0251,17.9745,114.593,97.0251,17.7233,114.592,16.9194,17.7232,125.866,97.0251,16.3033,125.864,16.9194,16.3033,119.856,97.0251,17.9745,119.855,16.9194,17.9745,118.085,97.0251,18.06,118.084,16.9194,18.06,105.44,97.0251,12.8635,105.439,16.9194,12.8635],
    "metadata":{
        "generator":"io_three",
        "materials":1,
        "normals":20,
        "uvs":1,
        "vertices":38,
        "faces":18,
        "type":"Geometry",
        "version":3,
        "colors":0
    },
    "materials":[{
        "doubleSided":false,
        "specularCoef":50,
        "depthTest":true,
        "wireframe":false,
        "DbgIndex":0,
        "DbgName":"Mat.003",
        "transparent":false,
        "opacity":1,
        "shading":"phong",
        "DbgColor":15658734,
        "colorDiffuse":[0.64,0.64,0.64],
        "depthWrite":true,
        "colorSpecular":[0.5,0.5,0.5],
        "colorEmissive":[0,0,0],
        "visible":true,
        "vertexColors":false,
        "blending":"NormalBlending"
    }],
    "uvs":[[0.626047,0.960088,0.626047,0.770147,0.635,0.771684,0.635,0.960355,0.725,0.789541,0.725,0.963456,0.71,0.962914,0.71,0.786418,0.81,0.80586,0.81,0.96629,0.795,0.965853,0.795,0.803341,0.84,0.810372,0.84,0.967074,0.825,0.966697,0.825,0.808204,0.855,0.812362,0.855,0.967419,0.87,0.814172,0.87,0.967733,0.65,0.960832,0.65,0.774429,0.665,0.777302,0.665,0.961331,0.695,0.962376,0.695,0.783321,0.765,0.964888,0.765,0.797786,0.78,0.800649,0.78,0.965385,0.68,0.780275,0.68,0.961847,0.735,0.791628,0.735,0.963819,0.75,0.794753,0.75,0.964361,0.873987,0.814608,0.873987,0.967809]],
    "colors":[]
}