{
    "faces":[43,0,1,2,3,0,0,1,2,3,0,1,1,0,43,1,4,5,2,0,1,4,5,2,1,2,2,1,43,4,6,7,5,0,4,6,7,5,2,3,3,2,43,6,8,9,7,0,6,8,9,7,3,4,4,3,43,8,10,11,9,0,8,10,11,9,4,5,5,4,43,10,12,13,11,0,10,12,13,11,5,6,6,5,43,12,14,15,13,0,12,14,15,13,6,7,7,6,43,14,16,17,15,0,14,16,17,15,7,8,8,7,43,16,18,19,17,0,16,18,19,17,8,9,9,8,43,18,20,21,19,0,18,20,21,19,9,10,10,9,43,20,22,23,21,0,20,22,23,21,10,11,11,10,43,22,24,25,23,0,22,24,25,23,11,12,12,11,43,24,26,27,25,0,24,26,27,25,12,13,13,12,43,26,28,29,27,0,26,28,29,27,13,14,14,13,43,28,30,31,29,0,28,30,31,29,14,15,15,14,43,30,32,33,31,0,30,32,33,31,15,16,16,15,43,32,34,35,33,0,32,34,35,33,16,17,17,16,43,34,36,37,35,0,34,36,37,35,17,18,18,17,43,36,38,39,37,0,36,38,39,37,18,19,19,18,43,38,40,41,39,0,38,40,41,39,19,20,20,19,43,42,0,3,43,0,42,0,3,43,21,0,0,21],
    "normals":[-0.748009,-0.24308,-0.617542,-0.690695,-0.224464,-0.687399,-0.627583,-0.203955,-0.751335,-0.559008,-0.181677,-0.808985,-0.485275,-0.157689,-0.860012,-0.406751,-0.132176,-0.903897,-0.323893,-0.105258,-0.940184,-0.237342,-0.07712,-0.968322,-0.156255,-0.050783,-0.986389,-0.080325,-0.026093,-0.996399,0.004578,0.001465,-0.999969,0.096255,0.031281,-0.994842,0.186804,0.060701,-0.980499,0.274911,0.089328,-0.957305,0.359691,0.116886,-0.925687,0.440443,0.143132,-0.886258,0.516648,0.167913,-0.839534,0.587909,0.191076,-0.786004,0.65389,0.2125,-0.726096,0.714316,0.232154,-0.660176,0.740562,0.240669,-0.627369,-0.775811,-0.252144,-0.578356],
    "vertices":[56.6023,28.8441,-8.0823,57.3053,29.2024,-8.99112,63.5248,10.0661,-8.99112,62.7454,9.94266,-8.0823,58.0802,29.5973,-9.82415,64.3837,10.2022,-9.82415,58.9216,30.0262,-10.5757,65.3165,10.35,-10.5757,59.8245,30.4864,-11.24,66.3174,10.5085,-11.24,60.7837,30.9752,-11.8113,67.3808,10.677,-11.8113,61.7941,31.4902,-12.2839,68.5008,10.8544,-12.2839,62.8504,32.0285,-12.6521,69.6718,11.04,-12.6522,63.9475,32.5877,-12.9102,70.888,11.2326,-12.9102,64.699,32.9707,-13.0182,71.7211,11.3646,-13.0182,65.8527,33.5587,-13.08,73,11.5672,-13.08,67.0063,34.1466,-13.0182,74.2789,11.7698,-13.0182,68.1277,34.7182,-12.8368,75.5221,11.9668,-12.8368,69.2118,35.2707,-12.5414,76.7238,12.1572,-12.5414,70.2534,35.8016,-12.1377,77.8785,12.3401,-12.1377,71.2473,36.3081,-11.6315,78.9803,12.5146,-11.6315,72.1883,36.7877,-11.0286,80.0235,12.6799,-11.0286,73.0713,37.2377,-10.3346,81.0023,12.835,-10.3346,73.8911,37.6556,-9.55524,81.9111,12.979,-9.55525,74.6425,38.0385,-8.69632,82.7442,13.1109,-8.69632,75.2137,38.3296,-7.91043,83.3773,13.2112,-7.91043,56.4924,28.7881,-7.91043,62.6236,9.92335,-7.91043],
    "metadata":{
        "generator":"io_three",
        "materials":1,
        "normals":22,
        "uvs":1,
        "vertices":44,
        "faces":21,
        "type":"Geometry",
        "version":3,
        "colors":0
    },
    "materials":[{
        "doubleSided":false,
        "specularCoef":50,
        "depthTest":true,
        "wireframe":false,
        "DbgIndex":0,
        "DbgName":"Mat_2.003",
        "transparent":false,
        "opacity":1,
        "shading":"phong",
        "DbgColor":15658734,
        "colorDiffuse":[0.64,0.64,0.64],
        "depthWrite":true,
        "colorSpecular":[0.5,0.5,0.5],
        "colorEmissive":[0,0,0],
        "visible":true,
        "vertexColors":false,
        "blending":"NormalBlending"
    }],
    "uvs":[[0.605,0.849811,0.62,0.849811,0.62,0.949922,0.605,0.949922,0.635,0.849811,0.635,0.949922,0.65,0.849811,0.65,0.949922,0.665,0.849811,0.665,0.949922,0.68,0.849811,0.68,0.949922,0.695,0.849811,0.695,0.949922,0.71,0.849811,0.71,0.949922,0.725,0.849811,0.725,0.949922,0.735,0.849811,0.735,0.949922,0.75,0.849811,0.75,0.949922,0.765,0.849811,0.765,0.949922,0.78,0.849811,0.78,0.949922,0.795,0.849811,0.795,0.949922,0.81,0.849811,0.81,0.949922,0.825,0.849811,0.825,0.949922,0.84,0.849811,0.84,0.949922,0.855,0.849811,0.855,0.949922,0.87,0.849811,0.87,0.949922,0.885,0.849811,0.885,0.949922,0.897638,0.849811,0.897638,0.949922,0.602366,0.849811,0.602366,0.949922]],
    "colors":[]
}