{
    "uvs":[[0.321031,0.338482,0.318698,0.351501,0.002464,0.234389,0.008415,0.222711,0.316127,0.365849,-0.004095,0.247261,0.313334,0.381432,-0.011219,0.26124,0.310337,0.398152,-0.018862,0.276239,0.307154,0.415915,-0.026982,0.292174,0.303801,0.434625,-0.035535,0.308959,0.300295,0.454187,-0.044477,0.326507,0.296654,0.474503,-0.053765,0.344733,0.29416,0.48842,-0.060127,0.357217,0.290331,0.509784,-0.069893,0.376382,0.286502,0.531147,-0.079659,0.395546,0.28278,0.551914,-0.089152,0.414176,0.279182,0.57199,-0.098329,0.432186,0.275726,0.591278,-0.107147,0.449489,0.272427,0.609683,-0.11556,0.466,0.269304,0.62711,-0.123527,0.481632,0.266374,0.643461,-0.131002,0.496301,0.263653,0.658643,-0.137942,0.50992,0.261159,0.672559,-0.144303,0.522404,0.259263,0.683136,-0.149138,0.531892,0.649466,0.338482,0.651529,0.351501,0.653802,0.365849,0.656271,0.381431,0.65892,0.398152,0.661734,0.415915,0.664698,0.434625,0.667798,0.454187,0.671017,0.474503,0.673222,0.48842,0.676606,0.509784,0.679991,0.531147,0.683281,0.551914,0.686462,0.57199,0.689518,0.591278,0.692434,0.609683,0.695195,0.62711,0.697785,0.643461,0.700191,0.658643,0.702395,0.672559,0.704071,0.683136,0.965223,0.235852,0.971207,0.247596,0.977802,0.26054,0.984964,0.274597,0.992649,0.28968,1.00081,0.305705,1.00941,0.322583,1.0184,0.340229,1.02774,0.358557,1.03414,0.371112,1.04396,0.390384,1.05378,0.409656,1.06332,0.42839,1.07255,0.446501,1.08141,0.4639,1.08987,0.480504,1.09788,0.496224,1.1054,0.510975,1.11238,0.52467,1.11877,0.537224,1.12363,0.546765,0.321396,0.336447,0.009346,0.220885,0.649144,0.336446,0.964287,0.234016]],
    "metadata":{
        "uvs":1,
        "materials":1,
        "generator":"io_three",
        "faces":63,
        "normals":88,
        "vertices":88,
        "type":"Geometry",
        "version":3,
        "colors":0
    },
    "vertices":[9.72647,62.7454,-9.29238,9.86614,63.5248,-10.2012,28.7968,56.5141,-10.2012,28.4405,55.815,-9.29238,10.0201,64.3837,-11.0342,29.1894,57.2847,-11.0342,10.1873,65.3165,-11.7858,29.6158,58.1215,-11.7858,10.3666,66.3174,-12.45,30.0734,59.0194,-12.45,10.5572,67.3808,-13.0214,30.5595,59.9733,-13.0214,10.7579,68.5008,-13.494,31.0715,60.9781,-13.494,10.9678,69.6718,-13.8622,31.6068,62.0285,-13.8622,11.1858,70.888,-14.1203,32.1628,63.1196,-14.1203,11.3351,71.7211,-14.2283,32.5436,63.867,-14.2283,11.5643,73,-14.2901,33.1283,65.0142,-14.2901,11.7935,74.2789,-14.2283,33.7129,66.1614,-14.2283,12.0163,75.5221,-14.0469,34.2812,67.2767,-14.0469,12.2317,76.7238,-13.7514,34.8306,68.3548,-13.7514,12.4386,77.8785,-13.3478,35.3584,69.3906,-13.3478,12.636,78.9803,-12.8416,35.862,70.379,-12.8416,12.823,80.0234,-12.2387,36.3389,71.3148,-12.2387,12.9984,81.0023,-11.5447,36.7864,72.1929,-11.5447,13.1613,81.9111,-10.7653,37.2018,73.0082,-10.7653,13.3106,82.7442,-9.90639,37.5826,73.7555,-9.90639,13.4241,83.3773,-9.1205,37.8721,74.3235,-9.1205,-9.93454,62.7454,-9.29238,-10.058,63.5247,-10.2012,-10.1941,64.3837,-11.0342,-10.3419,65.3165,-11.7858,-10.5005,66.3174,-12.45,-10.6689,67.3808,-13.0214,-10.8464,68.5008,-13.494,-11.0319,69.6718,-13.8622,-11.2246,70.888,-14.1203,-11.3566,71.7211,-14.2283,-11.5592,73,-14.2901,-11.7618,74.2789,-14.2283,-11.9588,75.5221,-14.0469,-12.1492,76.7238,-13.7514,-12.3321,77.8785,-13.3478,-12.5067,78.9803,-12.8416,-12.672,80.0234,-12.2387,-12.8271,81.0023,-11.5447,-12.9711,81.9111,-10.7653,-13.103,82.7441,-9.90639,-13.2034,83.3773,-9.1205,-28.8366,56.6017,-9.29238,-29.1948,57.3047,-10.2012,-29.5896,58.0796,-11.0342,-30.0183,58.9211,-11.7858,-30.4784,59.824,-12.45,-30.9671,60.7833,-13.0214,-31.4819,61.7937,-13.494,-32.0202,62.85,-13.8622,-32.5792,63.9472,-14.1203,-32.9621,64.6987,-14.2283,-33.5499,65.8524,-14.2901,-34.1377,67.0061,-14.2283,-34.7091,68.1276,-14.0469,-35.2614,69.2117,-13.7514,-35.7922,70.2533,-13.3478,-36.2986,71.2472,-12.8416,-36.778,72.1883,-12.2387,-37.2279,73.0713,-11.5447,-37.6457,73.8912,-10.7653,-38.0285,74.6426,-9.90639,-38.3196,75.2138,-9.1205,9.70463,62.6236,-9.1205,28.3848,55.7057,-9.1205,-9.91523,62.6236,-9.1205,-28.7806,56.4918,-9.1205],
    "materials":[{
        "mapDiffuseAnisotropy":1,
        "transparent":false,
        "wireframe":false,
        "mapDiffuseRepeat":[1,1],
        "depthTest":true,
        "depthWrite":true,
        "DbgColor":15658734,
        "colorSpecular":[0.5,0.5,0.5],
        "colorEmissive":[0,0,0],
        "colorDiffuse":[0.64,0.64,0.64],
        "DbgIndex":0,
        "vertexColors":false,
        "specularCoef":50,
        "doubleSided":false,
        "shading":"phong",
        "opacity":1,
        "blending":"NormalBlending",
        "visible":true,
        "mapDiffuseWrap":["repeat","repeat"],
        "mapDiffuse":null,
        "DbgName":"Mat_2.003"
    }],
    "faces":[43,0,1,2,3,0,0,1,2,3,0,1,2,3,43,1,4,5,2,0,1,4,5,2,1,4,5,2,43,4,6,7,5,0,4,6,7,5,4,6,7,5,43,6,8,9,7,0,6,8,9,7,6,8,9,7,43,8,10,11,9,0,8,10,11,9,8,10,11,9,43,10,12,13,11,0,10,12,13,11,10,12,13,11,43,12,14,15,13,0,12,14,15,13,12,14,15,13,43,14,16,17,15,0,14,16,17,15,14,16,17,15,43,16,18,19,17,0,16,18,19,17,16,18,19,17,43,18,20,21,19,0,18,20,21,19,18,20,21,19,43,20,22,23,21,0,20,22,23,21,20,22,23,21,43,22,24,25,23,0,22,24,25,23,22,24,25,23,43,24,26,27,25,0,24,26,27,25,24,26,27,25,43,26,28,29,27,0,26,28,29,27,26,28,29,27,43,28,30,31,29,0,28,30,31,29,28,30,31,29,43,30,32,33,31,0,30,32,33,31,30,32,33,31,43,32,34,35,33,0,32,34,35,33,32,34,35,33,43,34,36,37,35,0,34,36,37,35,34,36,37,35,43,36,38,39,37,0,36,38,39,37,36,38,39,37,43,38,40,41,39,0,38,40,41,39,38,40,41,39,43,1,0,42,43,0,1,0,42,43,1,0,42,43,43,43,44,4,1,0,43,44,4,1,43,44,4,1,43,44,45,6,4,0,44,45,6,4,44,45,6,4,43,45,46,8,6,0,45,46,8,6,45,46,8,6,43,46,47,10,8,0,46,47,10,8,46,47,10,8,43,47,48,12,10,0,47,48,12,10,47,48,12,10,43,48,49,14,12,0,48,49,14,12,48,49,14,12,43,49,50,16,14,0,49,50,16,14,49,50,16,14,43,50,51,18,16,0,50,51,18,16,50,51,18,16,43,51,52,20,18,0,51,52,20,18,51,52,20,18,43,52,53,22,20,0,52,53,22,20,52,53,22,20,43,53,54,24,22,0,53,54,24,22,53,54,24,22,43,54,55,26,24,0,54,55,26,24,54,55,26,24,43,55,56,28,26,0,55,56,28,26,55,56,28,26,43,56,57,30,28,0,56,57,30,28,56,57,30,28,43,57,58,32,30,0,57,58,32,30,57,58,32,30,43,58,59,34,32,0,58,59,34,32,58,59,34,32,43,59,60,36,34,0,59,60,36,34,59,60,36,34,43,60,61,38,36,0,60,61,38,36,60,61,38,36,43,61,62,40,38,0,61,62,40,38,61,62,40,38,43,63,64,43,42,0,63,64,43,42,63,64,43,42,43,64,65,44,43,0,64,65,44,43,64,65,44,43,43,65,66,45,44,0,65,66,45,44,65,66,45,44,43,66,67,46,45,0,66,67,46,45,66,67,46,45,43,67,68,47,46,0,67,68,47,46,67,68,47,46,43,68,69,48,47,0,68,69,48,47,68,69,48,47,43,69,70,49,48,0,69,70,49,48,69,70,49,48,43,70,71,50,49,0,70,71,50,49,70,71,50,49,43,71,72,51,50,0,71,72,51,50,71,72,51,50,43,72,73,52,51,0,72,73,52,51,72,73,52,51,43,73,74,53,52,0,73,74,53,52,73,74,53,52,43,74,75,54,53,0,74,75,54,53,74,75,54,53,43,75,76,55,54,0,75,76,55,54,75,76,55,54,43,76,77,56,55,0,76,77,56,55,76,77,56,55,43,77,78,57,56,0,77,78,57,56,77,78,57,56,43,78,79,58,57,0,78,79,58,57,78,79,58,57,43,79,80,59,58,0,79,80,59,58,79,80,59,58,43,80,81,60,59,0,80,81,60,59,80,81,60,59,43,81,82,61,60,0,81,82,61,60,81,82,61,60,43,82,83,62,61,0,82,83,62,61,82,83,62,61,43,84,0,3,85,0,84,0,3,85,84,0,3,85,43,0,84,86,42,0,0,84,86,42,0,84,86,42,43,87,63,42,86,0,87,63,42,86,87,63,42,86],