{
    "faces":[43,0,1,2,3,0,0,1,2,3,0,0,1,1,43,4,5,6,7,0,4,5,6,7,2,2,3,3,43,7,6,8,9,0,7,6,8,9,3,3,4,4,43,10,11,12,13,0,10,11,12,13,5,5,6,6,43,14,15,16,17,0,14,15,16,17,7,7,8,8,43,18,19,20,21,0,18,19,20,21,9,9,10,10,43,22,23,24,25,0,22,23,24,25,11,11,12,12,43,26,27,28,29,0,26,27,28,29,13,13,14,14,43,13,12,30,31,0,13,12,30,31,6,6,15,15,43,19,18,29,28,0,19,18,29,28,9,9,14,14,43,27,26,5,4,0,27,26,5,4,13,13,2,2,43,11,10,32,33,0,11,10,32,33,5,5,16,16,43,9,8,34,35,0,9,8,34,35,4,4,17,17,43,35,34,33,32,0,35,34,33,32,17,17,16,16,43,23,22,3,2,0,23,22,3,2,11,11,1,1,43,31,30,15,14,0,31,30,15,14,15,15,7,7,43,1,0,17,16,0,1,0,17,16,0,0,8,8],
    "materials":[{
        "specularCoef":50,
        "depthWrite":true,
        "opacity":1,
        "depthTest":true,
        "visible":true,
        "vertexColors":false,
        "doubleSided":false,
        "transparent":false,
        "wireframe":false,
        "colorSpecular":[0.5,0.5,0.5],
        "DbgIndex":0,
        "colorEmissive":[0,0,0],
        "DbgColor":15658734,
        "DbgName":"Mat_1",
        "shading":"phong",
        "blending":"NormalBlending"
    }],
    "uvs":[[0.359343,0.002502,0.210312,0.013677,0.183642,0.015255,0.368461,0.002566,0.279762,0.002883,0.292071,0.01494,0.296732,0.014825,0.29047,0.002998,0.269616,0.01475,0.294031,0.003075,0.320596,0.002191,0.270788,0.010207,0.259495,0.008985,0.327124,0.001914,0.341862,0.002269,0.237448,0.011202,0.23358,0.008513,0.35177,0.001654,0.323144,0.015398,0.256336,0.002422,0.249158,0.0023,0.317382,0.015524,0.37411,0.002449,0.168009,0.015372,0.163221,0.01364,0.381091,0.00205,0.293241,0.015083,0.269619,0.00274,0.26353,0.002552,0.324281,0.015269,0.241051,0.013615,0.332554,0.002847,0.313399,0.003156,0.278169,0.014663,0.266589,0.014701,0.302213,0.003124]],
    "vertices":[-29.6606,60.316,-19.9996,-29.3821,60.316,20.3529,-28.5077,62.316,20.3469,-28.7863,62.316,-20.0057,-30.2764,40.316,-19.9954,-29.9979,40.316,20.3572,-30.5774,42.316,20.3612,-30.8559,42.316,-19.9914,-30.9738,44.316,20.3639,-31.2523,44.316,-19.9886,-31.6567,50.316,-19.9858,-31.3782,50.316,20.3667,-31.2658,52.316,20.3659,-31.5444,52.316,-19.9866,-30.8771,56.316,-19.9912,-30.5985,56.316,20.3613,-30.0806,58.316,20.3577,-30.3591,58.316,-19.9948,-27.8796,35.2423,20.3425,-28.1581,35.2423,-20.01,-27.6413,34.3137,-20.0136,-27.3555,34.3007,20.3389,-28.2717,63.4102,-20.0092,-27.9932,63.4102,20.3433,-27.4837,64.316,20.3398,-27.7622,64.316,-20.0127,-29.3033,38.316,20.3524,-29.5818,38.316,-20.0002,-28.7239,36.316,-20.0061,-28.4454,36.316,20.3465,-31.0151,54.316,20.3642,-31.2936,54.316,-19.9883,-31.6923,48.316,-19.9856,-31.4137,48.316,20.3669,-31.2353,46.316,20.3657,-31.5138,46.316,-19.9868],
    "normals":[-0.930815,0.365398,0.00640889,-0.910642,0.413099,0.00625629,-0.952849,-0.303293,0.00656148,-0.971557,-0.236579,0.00668355,-0.986724,-0.162114,0.00680563,-0.999268,0.0369274,0.00689718,-0.99588,0.0902738,0.00686666,-0.973754,0.227363,0.00671407,-0.956847,0.290445,0.006592,-0.879238,-0.476272,0.00604266,-0.873745,-0.486282,0.00601215,-0.888791,0.458205,0.00613422,-0.871548,0.490249,0.00601215,-0.932371,-0.36137,0.00640889,-0.902524,-0.430555,0.00622578,-0.986389,0.164281,0.00680563,-0.999329,-0.0355846,0.00689718,-0.993957,-0.109256,0.00683615],
    "metadata":{
        "type":"Geometry",
        "vertices":36,
        "version":3,
        "normals":18,
        "materials":1,
        "uvs":1,
        "generator":"io_three",
        "faces":17,
        "colors":0
    },
    "colors":[]
}