{
    "faces":[43,0,1,2,3,0,0,1,2,3,0,0,1,1,43,4,5,6,7,0,4,5,6,7,2,2,3,3,43,7,6,8,9,0,7,6,8,9,3,3,4,4,43,10,11,12,13,0,10,11,12,13,5,5,6,6,43,14,15,16,17,0,14,15,16,17,7,7,8,8,43,18,19,20,21,0,18,19,20,21,9,9,10,10,43,22,23,24,25,0,22,23,24,25,11,11,12,12,43,26,27,28,29,0,26,27,28,29,13,13,14,14,43,13,12,30,31,0,13,12,30,31,6,6,15,15,43,19,18,29,28,0,19,18,29,28,9,9,14,14,43,27,26,5,4,0,27,26,5,4,13,13,2,2,43,11,10,32,33,0,11,10,32,33,5,5,16,16,43,9,8,34,35,0,9,8,34,35,4,4,17,17,43,35,34,33,32,0,35,34,33,32,17,17,16,16,43,23,22,3,2,0,23,22,3,2,11,11,1,1,43,31,30,15,14,0,31,30,15,14,15,15,7,7,43,1,0,17,16,0,1,0,17,16,0,0,8,8],
    "colors":[],
    "metadata":{
        "colors":0,
        "normals":18,
        "type":"Geometry",
        "generator":"io_three",
        "vertices":36,
        "version":3,
        "faces":17,
        "materials":1,
        "uvs":1
    },
    "vertices":[-20.0165,60.316,29.4458,20.3365,60.316,29.245,20.3321,62.316,28.3706,-20.0209,62.316,28.5715,-20.0135,40.316,30.0616,20.3396,40.316,29.8608,20.3424,42.316,30.4403,-20.0106,42.316,30.6411,20.3444,44.316,30.8367,-20.0086,44.316,31.0375,-20.0066,50.316,31.4419,20.3464,50.316,31.2411,20.3459,52.316,31.1287,-20.0071,52.316,31.3295,-20.0105,56.316,30.6622,20.3425,56.316,30.4614,20.34,58.316,29.9435,-20.013,58.316,30.1443,20.329,35.2423,27.7425,-20.024,35.2423,27.9433,-20.0266,34.3137,27.4265,20.3264,34.3007,27.2184,-20.0234,63.4102,28.0569,20.3296,63.4102,27.8561,20.327,64.316,27.3466,-20.026,64.316,27.5474,20.3361,38.316,29.1662,-20.0169,38.316,29.367,-20.0212,36.316,28.5091,20.3318,36.316,28.3083,20.3446,54.316,30.878,-20.0084,54.316,31.0788,-20.0064,48.316,31.4775,20.3466,48.316,31.2767,20.3457,46.316,31.0982,-20.0073,46.316,31.299],
    "materials":[{
        "wireframe":false,
        "transparent":false,
        "colorDiffuse":[0.64,0.64,0.64],
        "DbgIndex":0,
        "mapDiffuseRepeat":[1,1],
        "vertexColors":false,
        "colorEmissive":[0,0,0],
        "doubleSided":false,
        "depthTest":true,
        "DbgColor":15658734,
        "mapDiffuse":null,
        "blending":"NormalBlending",
        "mapDiffuseAnisotropy":1,
        "depthWrite":true,
        "specularCoef":50,
        "mapDiffuseWrap":["repeat","repeat"],
        "visible":true,
        "colorSpecular":[0.5,0.5,0.5],
        "shading":"phong",
        "DbgName":"Material",
        "opacity":1
    }],
    "normals":[0.004608,0.365398,0.930815,0.004517,0.413099,0.910642,0.00473,-0.303293,0.952879,0.004822,-0.236579,0.971587,0.004883,-0.162114,0.986755,0.004944,0.036927,0.999298,0.004944,0.090274,0.99588,0.004822,0.227363,0.973785,0.004761,0.290445,0.956847,0.004364,-0.476272,0.879269,0.004334,-0.486282,0.873775,0.004395,0.458205,0.888821,0.004334,0.490249,0.871548,0.004639,-0.36137,0.932401,0.004486,-0.430555,0.902524,0.004883,0.164281,0.986389,0.004944,-0.035585,0.999329,0.004944,-0.109256,0.993988],
    "uvs":[[0.00747,0.785299,1.00025,0.785299,1.00015,0.835195,0.007363,0.835195,0.007545,0.286341,1.00033,0.286341,1.0004,0.336237,0.007616,0.336237,1.00045,0.386132,0.007665,0.386132,0.007714,0.53582,1.0005,0.53582,1.00048,0.585716,0.0077,0.585716,0.007619,0.685508,1.0004,0.685508,1.00034,0.735403,0.007555,0.735403,1.00007,0.159763,0.007286,0.159763,0.007222,0.136597,1,0.136272,0.0073,0.862493,1.00008,0.862493,1.00002,0.885091,0.007237,0.885091,1.00024,0.236445,0.00746,0.236445,0.007355,0.186549,1.00014,0.186549,1.00045,0.635612,0.00767,0.635612,0.007718,0.485924,1.0005,0.485924,1.00048,0.436028,0.007697,0.436028]]
}