{
    "faces":[43,0,1,2,3,0,0,1,2,3,0,0,1,1,43,4,5,6,7,0,4,5,6,7,2,2,3,3,43,7,6,8,9,0,7,6,8,9,3,3,4,4,43,10,11,12,13,0,10,11,12,13,5,5,6,6,43,14,15,16,17,0,14,15,16,17,7,7,8,8,43,18,19,20,21,0,18,19,20,21,9,9,10,10,43,22,23,24,25,0,22,23,24,25,11,11,12,12,43,26,27,28,29,0,26,27,28,29,13,13,14,14,43,13,12,30,31,0,13,12,30,31,6,6,15,15,43,19,18,29,28,0,19,18,29,28,9,9,14,14,43,27,26,5,4,0,27,26,5,4,13,13,2,2,43,11,10,32,33,0,11,10,32,33,5,5,16,16,43,9,8,34,35,0,9,8,34,35,4,4,17,17,43,35,34,33,32,0,35,34,33,32,17,17,16,16,43,23,22,3,2,0,23,22,3,2,11,11,1,1,43,31,30,15,14,0,31,30,15,14,15,15,7,7,43,1,0,17,16,0,1,0,17,16,0,0,8,8],
    "materials":[{
        "specularCoef":50,
        "depthWrite":true,
        "opacity":1,
        "depthTest":true,
        "visible":true,
        "vertexColors":false,
        "doubleSided":false,
        "transparent":false,
        "wireframe":false,
        "colorSpecular":[0.5,0.5,0.5],
        "DbgIndex":0,
        "colorEmissive":[0,0,0],
        "DbgColor":15658734,
        "DbgName":"Mat_1",
        "shading":"phong",
        "blending":"NormalBlending"
    }],
    "uvs":[[0.359343,0.002502,0.210312,0.013677,0.183642,0.015255,0.368461,0.002566,0.279762,0.002883,0.292071,0.01494,0.296732,0.014825,0.29047,0.002998,0.269616,0.01475,0.294031,0.003075,0.320596,0.002191,0.270788,0.010207,0.259495,0.008985,0.327124,0.001914,0.341862,0.002269,0.237448,0.011202,0.23358,0.008513,0.35177,0.001654,0.323144,0.015398,0.256336,0.002422,0.249158,0.0023,0.317382,0.015524,0.37411,0.002449,0.168009,0.015372,0.163221,0.01364,0.381091,0.00205,0.293241,0.015083,0.269619,0.00274,0.26353,0.002552,0.324281,0.015269,0.241051,0.013615,0.332554,0.002847,0.313399,0.003156,0.278169,0.014663,0.266589,0.014701,0.302213,0.003124]],
    "vertices":[-20.0165,60.316,29.4458,20.3365,60.316,29.245,20.3321,62.316,28.3706,-20.0209,62.316,28.5715,-20.0135,40.316,30.0616,20.3396,40.316,29.8608,20.3424,42.316,30.4403,-20.0106,42.316,30.6411,20.3444,44.316,30.8367,-20.0086,44.316,31.0375,-20.0066,50.316,31.4419,20.3464,50.316,31.2411,20.3459,52.316,31.1287,-20.0071,52.316,31.3295,-20.0105,56.316,30.6622,20.3425,56.316,30.4614,20.34,58.316,29.9435,-20.013,58.316,30.1443,20.329,35.2423,27.7425,-20.024,35.2423,27.9433,-20.0266,34.3137,27.4265,20.3264,34.3007,27.2184,-20.0234,63.4102,28.0569,20.3296,63.4102,27.8561,20.327,64.316,27.3466,-20.026,64.316,27.5474,20.3361,38.316,29.1662,-20.0169,38.316,29.367,-20.0212,36.316,28.5091,20.3318,36.316,28.3083,20.3446,54.316,30.878,-20.0084,54.316,31.0788,-20.0064,48.316,31.4775,20.3466,48.316,31.2767,20.3457,46.316,31.0982,-20.0073,46.316,31.299],
    "normals":[0.00460829,0.365398,0.930815,0.00451674,0.413099,0.910642,0.00473037,-0.303293,0.952879,0.00482192,-0.236579,0.971587,0.00488296,-0.162114,0.986755,0.004944,0.0369274,0.999298,0.004944,0.0902738,0.99588,0.00482192,0.227363,0.973785,0.00476089,0.290445,0.956847,0.00436415,-0.476272,0.879269,0.00433363,-0.486282,0.873775,0.00439467,0.458205,0.888821,0.00433363,0.490249,0.871548,0.00463881,-0.36137,0.932401,0.00448622,-0.430555,0.902524,0.00488296,0.164281,0.986389,0.004944,-0.0355846,0.999329,0.004944,-0.109256,0.993988],
    "metadata":{
        "type":"Geometry",
        "vertices":36,
        "version":3,
        "normals":18,
        "materials":1,
        "uvs":1,
        "generator":"io_three",
        "faces":17,
        "colors":0
    },
    "colors":[]
}