{
    "faces":[43,0,1,2,3,0,0,1,2,3,0,0,1,1,43,4,5,6,7,0,4,5,6,7,2,2,3,3,43,7,6,8,9,0,7,6,8,9,3,3,4,4,43,10,11,12,13,0,10,11,12,13,5,5,6,6,43,14,15,16,17,0,14,15,16,17,7,7,8,8,43,18,19,20,21,0,18,19,20,21,9,9,10,10,43,22,23,24,25,0,22,23,24,25,11,11,12,12,43,26,27,28,29,0,26,27,28,29,13,13,14,14,43,13,12,30,31,0,13,12,30,31,6,6,15,15,43,19,18,29,28,0,19,18,29,28,9,9,14,14,43,27,26,5,4,0,27,26,5,4,13,13,2,2,43,11,10,32,33,0,11,10,32,33,5,5,16,16,43,9,8,34,35,0,9,8,34,35,4,4,17,17,43,35,34,33,32,0,35,34,33,32,17,17,16,16,43,23,22,3,2,0,23,22,3,2,11,11,1,1,43,31,30,15,14,0,31,30,15,14,15,15,7,7,43,1,0,17,16,0,1,0,17,16,0,0,8,8],
    "materials":[{
        "specularCoef":50,
        "depthWrite":true,
        "opacity":1,
        "depthTest":true,
        "visible":true,
        "vertexColors":false,
        "doubleSided":false,
        "transparent":false,
        "wireframe":false,
        "colorSpecular":[0.5,0.5,0.5],
        "DbgIndex":0,
        "colorEmissive":[0,0,0],
        "DbgColor":15658734,
        "DbgName":"Mat_1",
        "shading":"phong",
        "blending":"NormalBlending"
    }],
    "uvs":[[0.359343,0.002502,0.210312,0.013677,0.183642,0.015255,0.368461,0.002566,0.279762,0.002883,0.292071,0.01494,0.296732,0.014825,0.29047,0.002998,0.269616,0.01475,0.294031,0.003075,0.320596,0.002191,0.270788,0.010207,0.259495,0.008985,0.327124,0.001914,0.341862,0.002269,0.237448,0.011202,0.23358,0.008513,0.35177,0.001654,0.323144,0.015398,0.256336,0.002422,0.249158,0.0023,0.317382,0.015524,0.37411,0.002449,0.168009,0.015372,0.163221,0.01364,0.381091,0.00205,0.293241,0.015083,0.269619,0.00274,0.26353,0.002552,0.324281,0.015269,0.241051,0.013615,0.332554,0.002847,0.313399,0.003156,0.278169,0.014663,0.266589,0.014701,0.302213,0.003124]],
    "vertices":[29.5141,60.316,20.0838,29.5141,60.316,-20.2697,28.6397,62.316,-20.2697,28.6397,62.316,20.0838,30.1299,40.316,20.0838,30.1299,40.316,-20.2697,30.7094,42.316,-20.2697,30.7094,42.316,20.0838,31.1058,44.316,-20.2697,31.1058,44.316,20.0838,31.5102,50.316,20.0838,31.5102,50.316,-20.2697,31.3978,52.316,-20.2697,31.3978,52.316,20.0838,30.7305,56.316,20.0838,30.7305,56.316,-20.2697,30.2126,58.316,-20.2697,30.2126,58.316,20.0838,28.0115,35.2423,-20.2697,28.0115,35.2423,20.0838,27.4947,34.3137,20.0838,27.4875,34.3007,-20.2697,28.1251,63.4102,20.0838,28.1251,63.4102,-20.2697,27.6156,64.316,-20.2697,27.6156,64.316,20.0838,29.4353,38.316,-20.2697,29.4353,38.316,20.0838,28.5774,36.316,20.0838,28.5774,36.316,-20.2697,31.1471,54.316,-20.2697,31.1471,54.316,20.0838,31.5458,48.316,20.0838,31.5458,48.316,-20.2697,31.3673,46.316,-20.2697,31.3673,46.316,20.0838],
    "normals":[0.930845,0.365398,0,0.910672,0.413099,0,0.952879,-0.303293,0,0.971587,-0.236579,0,0.986755,-0.162114,0,0.999298,0.0369274,0,0.995911,0.0902738,0,0.973785,0.227363,0,0.956877,0.290445,0,0.879269,-0.476272,0,0.873775,-0.486282,0,0.888821,0.458205,0,0.871578,0.490249,0,0.932401,-0.36137,0,0.902554,-0.430555,0,0.986389,0.164281,0,0.999359,-0.0355846,0,0.993988,-0.109256,0],
    "metadata":{
        "type":"Geometry",
        "vertices":36,
        "version":3,
        "normals":18,
        "materials":1,
        "uvs":1,
        "generator":"io_three",
        "faces":17,
        "colors":0
    },
    "colors":[]
}