{
    "faces":[43,0,1,2,3,0,0,1,2,3,0,0,1,1,43,4,5,6,7,0,4,5,6,7,2,2,3,3,43,7,6,8,9,0,7,6,8,9,3,3,4,4,43,10,11,12,13,0,10,11,12,13,5,5,6,6,43,14,15,16,17,0,14,15,16,17,7,7,8,8,43,18,19,20,21,0,18,19,20,21,9,9,10,10,43,22,23,24,25,0,22,23,24,25,11,11,12,12,43,26,27,28,29,0,26,27,28,29,13,13,14,14,43,13,12,30,31,0,13,12,30,31,6,6,15,15,43,19,18,29,28,0,19,18,29,28,9,9,14,14,43,27,26,5,4,0,27,26,5,4,13,13,2,2,43,11,10,32,33,0,11,10,32,33,5,5,16,16,43,9,8,34,35,0,9,8,34,35,4,4,17,17,43,35,34,33,32,0,35,34,33,32,17,17,16,16,43,23,22,3,2,0,23,22,3,2,11,11,1,1,43,31,30,15,14,0,31,30,15,14,15,15,7,7,43,1,0,17,16,0,1,0,17,16,0,0,8,8],
    "colors":[],
    "metadata":{
        "colors":0,
        "normals":18,
        "type":"Geometry",
        "generator":"io_three",
        "vertices":36,
        "version":3,
        "faces":17,
        "materials":1,
        "uvs":1
    },
    "vertices":[20.1244,60.316,-29.5391,-20.2291,60.316,-29.5391,-20.2291,62.316,-28.6647,20.1244,62.316,-28.6647,20.1244,40.316,-30.1549,-20.2291,40.316,-30.1549,-20.2291,42.316,-30.7344,20.1244,42.316,-30.7344,-20.2291,44.316,-31.1308,20.1244,44.316,-31.1308,20.1244,50.316,-31.5352,-20.2291,50.316,-31.5352,-20.2291,52.316,-31.4228,20.1244,52.316,-31.4228,20.1244,56.316,-30.7555,-20.2291,56.316,-30.7555,-20.2291,58.316,-30.2375,20.1244,58.316,-30.2375,-20.2291,35.2423,-28.0365,20.1244,35.2423,-28.0365,20.1244,34.3137,-27.5197,-20.2291,34.3007,-27.5125,20.1244,63.4102,-28.1501,-20.2291,63.4102,-28.1501,-20.2291,64.316,-27.6406,20.1244,64.316,-27.6406,-20.2291,38.316,-29.4603,20.1244,38.316,-29.4603,20.1244,36.316,-28.6023,-20.2291,36.316,-28.6024,-20.2291,54.316,-31.1721,20.1244,54.316,-31.1721,20.1244,48.316,-31.5708,-20.2291,48.316,-31.5708,-20.2291,46.316,-31.3923,20.1244,46.316,-31.3923],
    "materials":[{
        "wireframe":false,
        "transparent":false,
        "colorDiffuse":[0.64,0.64,0.64],
        "DbgIndex":0,
        "mapDiffuseRepeat":[1,1],
        "vertexColors":false,
        "colorEmissive":[0,0,0],
        "doubleSided":false,
        "depthTest":true,
        "DbgColor":15658734,
        "mapDiffuse":null,
        "blending":"NormalBlending",
        "mapDiffuseAnisotropy":1,
        "depthWrite":true,
        "specularCoef":50,
        "mapDiffuseWrap":["repeat","repeat"],
        "visible":true,
        "colorSpecular":[0.5,0.5,0.5],
        "shading":"phong",
        "DbgName":"Mat_1",
        "opacity":1
    }],
    "normals":[0,0.365398,-0.930845,0,0.413099,-0.910672,0,-0.303293,-0.952879,0,-0.236579,-0.971587,0,-0.162114,-0.986755,0,0.036927,-0.999298,0,0.090274,-0.995911,0,0.227363,-0.973785,0,0.290445,-0.956877,0,-0.476272,-0.879269,0,-0.486282,-0.873775,0,0.458205,-0.888821,0,0.490249,-0.871578,0,-0.36137,-0.932401,0,-0.430555,-0.902554,0,0.164281,-0.986389,0,-0.035585,-0.999359,0,-0.109256,-0.993988],
    "uvs":[[0.00188,0.774973,0.997822,0.774972,0.997822,0.824333,0.00188,0.824334,0.00188,0.281364,0.997822,0.281364,0.997822,0.330725,0.00188,0.330725,0.997822,0.380085,0.00188,0.380085,0.00188,0.528168,0.997822,0.528168,0.997822,0.577529,0.00188,0.577529,0.00188,0.676251,0.997822,0.676251,0.997822,0.725612,0.00188,0.725612,0.997822,0.156143,0.00188,0.156143,0.00188,0.133225,0.997822,0.132903,0.00188,0.851339,0.997822,0.851339,0.997822,0.873694,0.00188,0.873694,0.997822,0.232003,0.00188,0.232003,0.00188,0.182642,0.997822,0.182642,0.997822,0.62689,0.00188,0.62689,0.00188,0.478807,0.997822,0.478807,0.997822,0.429446,0.00188,0.429446]]
}