{
    "faces":[43,0,1,2,3,0,0,1,2,3,0,0,1,1,43,4,5,6,7,0,4,5,6,7,2,2,3,3,43,7,6,8,9,0,7,6,8,9,3,3,4,4,43,10,11,12,13,0,10,11,12,13,5,5,6,6,43,14,15,16,17,0,14,15,16,17,7,7,8,8,43,18,19,20,21,0,18,19,20,21,9,9,10,10,43,22,23,24,25,0,22,23,24,25,11,11,12,12,43,26,27,28,29,0,26,27,28,29,13,13,14,14,43,13,12,30,31,0,13,12,30,31,6,6,15,15,43,19,18,29,28,0,19,18,29,28,9,9,14,14,43,27,26,5,4,0,27,26,5,4,13,13,2,2,43,11,10,32,33,0,11,10,32,33,5,5,16,16,43,9,8,34,35,0,9,8,34,35,4,4,17,17,43,35,34,33,32,0,35,34,33,32,17,17,16,16,43,23,22,3,2,0,23,22,3,2,11,11,1,1,43,31,30,15,14,0,31,30,15,14,15,15,7,7,43,1,0,17,16,0,1,0,17,16,0,0,8,8],
    "colors":[],
    "metadata":{
        "colors":0,
        "normals":18,
        "type":"Geometry",
        "generator":"io_three",
        "vertices":36,
        "version":3,
        "faces":17,
        "materials":1,
        "uvs":1
    },
    "vertices":[-29.6606,60.316,-19.9996,-29.3821,60.316,20.3529,-28.5077,62.316,20.3469,-28.7863,62.316,-20.0057,-30.2764,40.316,-19.9954,-29.9979,40.316,20.3572,-30.5774,42.316,20.3612,-30.8559,42.316,-19.9914,-30.9738,44.316,20.3639,-31.2523,44.316,-19.9886,-31.6567,50.316,-19.9858,-31.3782,50.316,20.3667,-31.2658,52.316,20.3659,-31.5444,52.316,-19.9866,-30.8771,56.316,-19.9912,-30.5985,56.316,20.3613,-30.0806,58.316,20.3577,-30.3591,58.316,-19.9948,-27.8796,35.2423,20.3425,-28.1581,35.2423,-20.01,-27.6413,34.3137,-20.0136,-27.3555,34.3007,20.3389,-28.2717,63.4102,-20.0092,-27.9932,63.4102,20.3433,-27.4837,64.316,20.3398,-27.7622,64.316,-20.0127,-29.3033,38.316,20.3524,-29.5818,38.316,-20.0002,-28.7239,36.316,-20.0061,-28.4454,36.316,20.3465,-31.0151,54.316,20.3642,-31.2936,54.316,-19.9883,-31.6923,48.316,-19.9856,-31.4137,48.316,20.3669,-31.2353,46.316,20.3657,-31.5138,46.316,-19.9868],
    "materials":[{
        "wireframe":false,
        "transparent":false,
        "colorDiffuse":[0.64,0.64,0.64],
        "DbgIndex":0,
        "mapDiffuseRepeat":[1,1],
        "vertexColors":false,
        "colorEmissive":[0,0,0],
        "doubleSided":false,
        "depthTest":true,
        "DbgColor":15658734,
        "mapDiffuse":null,
        "blending":"NormalBlending",
        "mapDiffuseAnisotropy":1,
        "depthWrite":true,
        "specularCoef":50,
        "mapDiffuseWrap":["repeat","repeat"],
        "visible":true,
        "colorSpecular":[0.5,0.5,0.5],
        "shading":"phong",
        "DbgName":"Mat_1",
        "opacity":1
    }],
    "normals":[-0.930815,0.365398,0.006409,-0.910642,0.413099,0.006256,-0.952849,-0.303293,0.006561,-0.971557,-0.236579,0.006684,-0.986724,-0.162114,0.006806,-0.999268,0.036927,0.006897,-0.99588,0.090274,0.006867,-0.973754,0.227363,0.006714,-0.956847,0.290445,0.006592,-0.879238,-0.476272,0.006043,-0.873745,-0.486282,0.006012,-0.888791,0.458205,0.006134,-0.871548,0.490249,0.006012,-0.932371,-0.36137,0.006409,-0.902524,-0.430555,0.006226,-0.986389,0.164281,0.006806,-0.999329,-0.035585,0.006897,-0.993957,-0.109256,0.006836],
    "uvs":[[0.001799,0.784432,0.995518,0.784432,0.995369,0.833684,0.00165,0.833684,0.001903,0.291913,0.995622,0.291913,0.995721,0.341165,0.002002,0.341165,0.995788,0.390417,0.002069,0.390417,0.002138,0.538173,0.995857,0.538173,0.995838,0.587425,0.002119,0.587425,0.002006,0.685928,0.995724,0.685928,0.995637,0.73518,0.001917,0.73518,0.995262,0.166969,0.001543,0.166969,0.001455,0.144102,0.995173,0.143781,0.001563,0.86063,0.995282,0.860629,0.995195,0.882936,0.001476,0.882936,0.995504,0.242661,0.001785,0.242662,0.001639,0.19341,0.995359,0.193409,0.995795,0.636676,0.002076,0.636676,0.002144,0.488921,0.995863,0.488921,0.995833,0.439669,0.002114,0.439669]]
}