{
    "metadata":{
        "type":"BufferGeometry",
        "position":24,
        "generator":"io_three",
        "uv":24,
        "normal":24,
        "version":3
    },
    "data":{
        "attributes":{
            "normal":{
                "type":"Float32Array",
                "array":[0,-1.19209e-07,1,0,-1.19209e-07,1,0,-1.19209e-07,1,1,-0,0,1,-0,0,1,-0,0,0,1.19209e-07,-1,0,1.19209e-07,-1,0,1.19209e-07,-1,-1,0,0,-1,0,0,-1,0,0,0,1,0,0,1,0,0,1,0,0,-1,0,0,-1,0,0,-1,0,0,-1.19209e-07,1,1,-0,0,0,1.19209e-07,-1,-1,-0,0,-0,1,0,0,-1,0],
                "itemSize":3
            },
            "position":{
                "type":"Float32Array",
                "array":[10.599,40.2015,0.200005,0.598987,10.2015,0.200001,10.599,10.2015,0.200001,10.599,40.2015,-0.199995,10.599,10.2015,0.200001,10.599,10.2015,-0.199999,0.598987,40.2015,-0.199995,10.599,10.2015,-0.199999,0.598987,10.2015,-0.199999,0.598987,10.2015,0.200001,0.598987,40.2015,-0.199995,0.598987,10.2015,-0.199999,10.599,40.2015,-0.199995,0.598987,40.2015,0.200005,10.599,40.2015,0.200005,10.599,10.2015,0.200001,0.598987,10.2015,-0.199999,10.599,10.2015,-0.199999,0.598987,40.2015,0.200005,10.599,40.2015,0.200005,10.599,40.2015,-0.199995,0.598987,40.2015,0.200005,0.598987,40.2015,-0.199995,0.598987,10.2015,0.200001],
                "itemSize":3
            },
            "uv":{
                "type":"Float32Array",
                "array":[1.10188,0.296229,-0.110728,0.70043,-0.110728,0.296229,0.0292409,0.887903,0.0191061,0.127788,0.029241,0.127788,1.10188,0.296229,-0.110728,0.70043,-0.110728,0.296229,0.0191061,0.127788,0.0292409,0.887903,0.029241,0.127788,0.055455,0.633262,0.0453201,0.886633,0.0453201,0.633262,0.0453202,0.633262,0.0554551,0.886633,0.0554551,0.633262,1.10188,0.70043,0.019106,0.887903,1.10188,0.70043,0.019106,0.887903,0.055455,0.886633,0.0453202,0.886633],
                "itemSize":2
            }
        },
        "index":{
            "type":"Uint16Array",
            "array":[0,1,2,3,4,5,6,7,8,9,10,11,12,13,14,15,16,17,0,18,1,3,19,4,6,20,7,9,21,10,12,22,13,15,23,16],
            "itemSize":1
        }
    }
}