{
    "uvs":[[-0.110728,0.296229,1.10188,0.296229,1.10188,0.70043,-0.110728,0.70043,0.029241,0.127788,0.029241,0.887903,0.019106,0.887903,0.019106,0.127788,-0.110728,0.296229,1.10188,0.296229,-0.110728,0.70043,0.04532,0.633262,0.055455,0.633262,0.055455,0.886633,0.04532,0.886633,0.055455,0.633262,0.04532,0.633262,0.04532,0.886633,0.055455,0.886633]],
    "colors":[],
    "metadata":{
        "generator":"io_three",
        "faces":6,
        "colors":0,
        "materials":1,
        "version":3,
        "uvs":1,
        "vertices":8,
        "normals":6,
        "type":"Geometry"
    },
    "vertices":[10.599,10.2015,0.200001,10.599,40.2015,0.200005,0.598987,40.2015,0.200005,0.598987,10.2015,0.200001,10.599,10.2015,-0.199999,10.599,40.2015,-0.199995,0.598987,10.2015,-0.199999,0.598987,40.2015,-0.199995],
    "normals":[0,-0,1,1,0,-0,0,0,-1,-1,0,0,-0,1,0,0,-1,0],
    "faces":[43,0,1,2,3,0,0,1,2,3,0,0,0,0,43,1,0,4,5,0,6,7,4,5,1,1,1,1,43,6,7,5,4,0,8,9,2,10,2,2,2,2,43,3,2,7,6,0,7,6,5,4,3,3,3,3,43,1,5,7,2,0,11,12,13,14,4,4,4,4,43,4,0,3,6,0,15,16,17,18,5,5,5,5],
    "materials":[{
        "mapDiffuse":null,
        "DbgIndex":0,
        "depthWrite":true,
        "colorSpecular":[0.5,0.5,0.5],
        "DbgName":"Mat_2",
        "specularCoef":50,
        "blending":"NormalBlending",
        "depthTest":true,
        "visible":true,
        "vertexColors":false,
        "transparent":false,
        "colorEmissive":[0,0,0],
        "DbgColor":15658734,
        "shading":"phong",
        "mapDiffuseWrap":["repeat","repeat"],
        "colorDiffuse":[0.64,0.64,0.64],
        "wireframe":false,
        "doubleSided":false,
        "opacity":1,
        "mapDiffuseRepeat":[1,1],
        "mapDiffuseAnisotropy":1
    }]
}