{
    "uvs":[[0.635,0.838346,0.635,0.968807,0.62,0.968575,0.62,0.837143,0.65,0.839633,0.65,0.969056,0.665,0.840991,0.665,0.969318,0.695,0.843875,0.695,0.969874,0.68,0.969591,0.68,0.842409,0.71,0.845379,0.71,0.970164,0.765,0.851025,0.765,0.971254,0.75,0.970959,0.75,0.849499,0.795,0.853857,0.795,0.9718,0.78,0.971534,0.78,0.852478,0.81,0.855157,0.81,0.972051,0.84,0.857512,0.84,0.972506,0.825,0.972286,0.825,0.856377,0.855,0.858562,0.855,0.972708,0.87,0.859523,0.87,0.972894,0.61889,0.96856,0.61889,0.837062,0.735,0.970659,0.735,0.847942,0.725,0.84691,0.725,0.97046,0.881026,0.860163,0.881026,0.973017]],
    "vertices":[-85.5279,51.9516,11.9229,-85.5279,10.0246,11.9229,-84.4839,10.0246,10.9104,-84.4839,51.9516,10.9104,-86.6616,51.9516,12.8363,-86.6616,10.0246,12.8363,-87.8781,51.9516,13.6437,-87.8781,10.0246,13.6437,-90.5318,51.9516,14.9125,-90.5318,10.0246,14.9125,-89.1705,10.0246,14.338,-89.1705,51.9516,14.338,-91.955,51.9516,15.36,-91.955,10.0246,15.36,-97.5543,51.9516,15.8049,-97.5543,10.0246,15.8049,-96,10.0246,15.88,-96,51.9516,15.88,-100.526,51.9516,15.2254,-100.526,10.0246,15.2254,-99.0653,10.0246,15.5844,-99.0653,51.9516,15.5844,-101.929,51.9516,14.7348,-101.929,10.0246,14.7348,-104.536,51.9516,13.3867,-104.536,10.0246,13.3867,-103.268,10.0246,14.1196,-103.268,51.9516,14.1196,-105.726,51.9516,12.5433,-105.726,10.0246,12.5433,-106.83,51.9516,11.5961,-106.83,10.0246,11.5961,-84.4138,10.0246,10.8287,-84.4138,51.9516,10.8287,-94.4457,10.0246,15.8049,-94.4457,51.9516,15.8049,-93.4331,51.9516,15.6737,-93.4331,10.0246,15.6737,-107.575,51.9516,10.8287,-107.575,10.0246,10.8287],
    "faces":[43,0,1,2,3,0,0,1,2,3,0,0,1,1,43,1,0,4,5,0,1,0,4,5,0,0,2,2,43,6,7,5,4,0,6,7,5,4,3,3,2,2,43,8,9,10,11,0,8,9,10,11,4,4,5,5,43,12,13,9,8,0,12,13,9,8,6,6,4,4,43,14,15,16,17,0,14,15,16,17,7,7,8,8,43,18,19,20,21,0,18,19,20,21,9,9,10,10,43,22,23,19,18,0,22,23,19,18,11,11,9,9,43,24,25,26,27,0,24,25,26,27,12,12,13,13,43,28,29,25,24,0,28,29,25,24,14,14,12,12,43,30,31,29,28,0,30,31,29,28,15,15,14,14,43,3,2,32,33,0,3,2,32,33,1,1,16,16,43,34,35,17,16,0,34,35,17,16,17,17,8,8,43,15,14,21,20,0,15,14,21,20,7,7,10,10,43,7,6,11,10,0,7,6,11,10,3,3,5,5,43,13,12,36,37,0,13,12,36,37,6,6,18,18,43,37,36,35,34,0,37,36,35,34,18,18,17,17,43,23,22,27,26,0,23,22,27,26,11,11,13,13,43,31,30,38,39,0,31,30,38,39,15,15,19,19],
    "metadata":{
        "materials":1,
        "type":"Geometry",
        "generator":"io_three",
        "uvs":1,
        "vertices":40,
        "colors":0,
        "version":3,
        "normals":20,
        "faces":19
    },
    "materials":[{
        "shading":"phong",
        "visible":true,
        "DbgIndex":0,
        "DbgColor":15658734,
        "blending":"NormalBlending",
        "specularCoef":50,
        "colorSpecular":[0.5,0.5,0.5],
        "depthWrite":true,
        "colorDiffuse":[0.64,0.64,0.64],
        "transparent":false,
        "DbgName":"Mat_2",
        "doubleSided":false,
        "colorEmissive":[0,0,0],
        "vertexColors":false,
        "opacity":1,
        "wireframe":false,
        "depthTest":true
    }],
    "normals":[0.662465,0,0.749046,0.728385,0,0.68511,0.590777,0,0.806787,0.513688,0,0.857967,0.344737,0,0.938688,0.431501,0,0.902097,0.254036,0,0.967162,-0.096438,0,0.995331,0,0,0.999969,-0.284677,0,0.958617,-0.191778,0,0.981414,-0.374126,0,0.927366,-0.539964,0,0.84167,-0.459426,0,0.88818,-0.615314,0,0.788263,-0.68511,0,0.728416,0.759056,0,0.65099,0.088473,0,0.996063,0.168187,0,0.985748,-0.717826,0,0.696188],
    "colors":[]
}