{
    "vertices":[0.543744,8.11918,-0.198342,-0.187213,8.38151,-0.198342,0.242926,22.2273,-0.19834,1.58094,37.3424,-0.198338,2.16538,40.4332,-0.198338,2.48997,41.5354,-0.198338,2.83467,42.3487,-0.198338,3.21999,43.0773,-0.198338,3.83204,44.037,-0.198338,4.58175,44.9969,-0.198337,5.2754,45.7262,-0.198337,6.04819,46.3891,-0.198337,6.67732,46.8248,-0.198337,7.34707,47.1939,-0.198337,8.05573,47.4839,-0.198337,8.54897,47.6272,-0.198337,9.05826,47.7261,-0.198337,9.58311,47.7769,-0.198337,10.123,47.7759,-0.198337,10.6775,47.7194,-0.198337,11.2461,47.6036,-0.198337,11.8282,47.425,-0.198337,12.2853,47.2331,-0.198337,12.6957,47.0056,-0.198337,13.0618,46.746,-0.198337,13.386,46.4581,-0.198337,13.6707,46.1456,-0.198337,13.9183,45.8122,-0.198337,14.131,45.4616,-0.198337,14.3902,44.9117,-0.198337,14.5846,44.3439,-0.198338,14.757,43.5808,-0.198338,14.8476,42.8379,-0.198338,14.8749,41.9829,-0.198338,14.8195,41.0272,-0.198338,14.7371,40.4388,-0.198338],
    "colors":[],
    "normals":[0,0,-0.999969,0,0,-1],
    "uvs":[[-0.606382,0.425586,-0.604813,0.458475,-0.038118,0.612774,0.591297,0.746008,0.723861,0.76065,0.772575,0.761161,0.809824,0.757273,0.844143,0.750688,0.890643,0.737777,0.938863,0.719288,0.977035,0.700211,1.01349,0.677101,1.03896,0.656997,1.06224,0.634422,1.08279,0.609288,1.09471,0.591068,1.10504,0.571646,1.11361,0.550996,1.12026,0.529094,1.12485,0.505912,1.12721,0.481426,1.12719,0.455609,1.12508,0.434696,1.12094,0.415232,1.11496,0.397169,1.10731,0.380453,1.09817,0.365035,1.08772,0.350864,1.07615,0.33789,1.05707,0.320559,1.03646,0.305635,1.00766,0.289182,0.978661,0.276295,0.944336,0.264583,0.9049,0.254971,0.880024,0.251018]],
    "metadata":{
        "normals":2,
        "uvs":1,
        "faces":34,
        "colors":0,
        "type":"Geometry",
        "materials":1,
        "vertices":36,
        "version":3,
        "generator":"io_three"
    },
    "faces":[42,35,0,1,0,35,0,1,0,1,1,42,1,2,3,0,1,2,3,1,1,0,42,3,4,5,0,3,4,5,0,1,1,42,5,6,7,0,5,6,7,1,1,1,42,7,8,9,0,7,8,9,1,0,1,42,9,10,11,0,9,10,11,1,1,0,42,11,12,13,0,11,12,13,0,0,1,42,13,14,15,0,13,14,15,1,1,1,42,15,16,17,0,15,16,17,1,0,0,42,17,18,19,0,17,18,19,0,1,1,42,19,20,21,0,19,20,21,1,1,1,42,21,22,23,0,21,22,23,1,1,0,42,23,24,25,0,23,24,25,0,0,1,42,25,26,27,0,25,26,27,1,1,1,42,27,28,29,0,27,28,29,1,1,1,42,29,30,31,0,29,30,31,1,1,1,42,31,32,33,0,31,32,33,1,1,1,42,33,34,35,0,33,34,35,1,1,0,42,35,1,3,0,35,1,3,0,1,0,42,3,5,7,0,3,5,7,0,1,1,42,7,9,11,0,7,9,11,1,1,0,42,11,13,15,0,11,13,15,0,1,1,42,15,17,19,0,15,17,19,1,0,1,42,19,21,23,0,19,21,23,1,1,0,42,23,25,27,0,23,25,27,0,1,1,42,27,29,31,0,27,29,31,1,1,1,42,31,33,35,0,31,33,35,1,1,0,42,35,3,7,0,35,3,7,0,0,1,42,7,11,15,0,7,11,15,1,0,1,42,15,19,23,0,15,19,23,1,1,0,42,23,27,31,0,23,27,31,0,1,1,42,31,35,7,0,31,35,7,1,0,1,42,7,15,23,0,7,15,23,1,1,0,42,7,23,31,0,7,23,31,1,0,1],
    "materials":[{
        "depthWrite":true,
        "blending":"NormalBlending",
        "specularCoef":50,
        "doubleSided":false,
        "wireframe":false,
        "opacity":1,
        "mapDiffuseAnisotropy":1,
        "colorEmissive":[0,0,0],
        "mapDiffuseWrap":["repeat","repeat"],
        "depthTest":true,
        "transparent":false,
        "mapDiffuseRepeat":[1,1],
        "mapDiffuse":null,
        "visible":true,
        "DbgIndex":0,
        "shading":"phong",
        "colorDiffuse":[0.64,0.64,0.64],
        "vertexColors":false,
        "DbgName":"Mat_1",
        "colorSpecular":[0.5,0.5,0.5],
        "DbgColor":15658734
    }]
}