{
    "vertices":[14.7371,40.4388,-0.198338,14.8195,41.0272,-0.198338,14.8195,41.0272,0.201662,14.7371,40.4388,0.201662,14.8749,41.9829,-0.198338,14.8749,41.9829,0.201662,14.8476,42.8379,-0.198338,14.8476,42.8379,0.201662,14.757,43.5808,-0.198338,14.757,43.5808,0.201662,14.5846,44.3439,-0.198338,14.5846,44.3439,0.201662,14.3902,44.9117,-0.198337,14.3902,44.9117,0.201663,14.131,45.4616,-0.198337,14.131,45.4616,0.201663,13.9183,45.8122,-0.198337,13.9183,45.8122,0.201663,13.6707,46.1456,-0.198337,13.6707,46.1456,0.201663,13.386,46.4581,-0.198337,13.386,46.4581,0.201663,13.0618,46.746,-0.198337,13.0618,46.746,0.201663,12.6957,47.0056,-0.198337,12.6957,47.0056,0.201663,12.2853,47.2331,-0.198337,12.2853,47.2331,0.201663,11.8282,47.425,-0.198337,11.8282,47.425,0.201663,11.2461,47.6036,-0.198337,11.2461,47.6036,0.201663,10.6775,47.7194,-0.198337,10.6775,47.7194,0.201663,10.123,47.7759,-0.198337,10.123,47.7759,0.201663,9.58311,47.7769,-0.198337,9.58311,47.7769,0.201663,9.05826,47.7261,-0.198337,9.05826,47.7261,0.201663,8.54897,47.6272,-0.198337,8.54897,47.6272,0.201663,8.05573,47.4839,-0.198337,8.05573,47.4839,0.201663,7.34707,47.1939,-0.198337,7.34707,47.1939,0.201663,6.67732,46.8248,-0.198337,6.67732,46.8248,0.201663,6.04819,46.3891,-0.198337,6.04819,46.3891,0.201663,5.2754,45.7262,-0.198337,5.2754,45.7262,0.201663,4.58175,44.9969,-0.198337,4.58175,44.9969,0.201663,3.83204,44.037,-0.198338,3.83204,44.037,0.201662,3.21999,43.0773,-0.198338,3.21999,43.0773,0.201662,2.83467,42.3487,-0.198338,2.83467,42.3487,0.201662,2.48997,41.5354,-0.198338,2.48997,41.5354,0.201662,2.16538,40.4332,-0.198338,2.16538,40.4332,0.201662,1.58094,37.3424,-0.198338,1.58094,37.3424,0.201662,0.242926,22.2273,-0.19834,0.242926,22.2273,0.20166,-0.187213,8.38151,-0.198342,-0.187213,8.38151,0.201658,0.543744,8.11918,-0.198342,0.543744,8.11918,0.201658],
    "colors":[],
    "normals":[0.962004,-0.273019,0,0.995117,-0.098392,0,0.999908,-0.01294,0,0.99704,0.07654,0,0.98529,0.170873,0,0.962127,0.2725,0,0.926725,0.375713,0,0.880917,0.47322,0,0.829768,0.558092,0,0.772027,0.635578,0,0.702597,0.71157,0,0.622089,0.782922,0,0.532456,0.846431,0,0.436598,0.899625,0,0.340617,0.940184,0,0.246712,0.969085,0,0.150609,0.988586,0,0.051698,0.998657,0,-0.047273,0.998871,0,-0.14362,0.989624,0,-0.235023,0.971984,0,-0.329325,0.944182,0,-0.43144,0.902127,0,-0.526658,0.850032,0,-0.610981,0.79162,0,-0.688681,0.725028,0,-0.757256,0.653096,0,-0.816523,0.577258,0,-0.864254,0.503006,0,-0.903165,0.429243,0,-0.941527,0.336894,0,-0.972106,0.234413,0,-0.990539,0.13715,0,-0.998199,0.059633,0,-0.826685,-0.562639,0,0.395123,-0.918607,0],
    "uvs":[[0,0,0.006611,0,0.006611,1,0,1,0.017264,0,0.017264,1,0.026782,0,0.026782,1,0.03511,0,0.03511,1,0.043815,0,0.043815,1,0.050493,0,0.050493,1,0.057258,0,0.057258,1,0.061821,0,0.061821,1,0.066442,0,0.066442,1,0.071146,0,0.071146,1,0.07597,0,0.07597,1,0.080964,0,0.080964,1,0.086186,0,0.086186,1,0.091703,0,0.091703,1,0.098479,0,0.098479,1,0.104935,0,0.104935,1,0.111137,0,0.111137,1,0.117144,0,0.117144,1,0.123012,0,0.123012,1,0.128785,0,0.128785,1,0.1345,0,0.1345,1,0.143021,0,0.143021,1,0.15153,0,0.15153,1,0.160046,0,0.160046,1,0.171375,0,0.171375,1,0.182574,0,0.182574,1,0.196128,0,0.196128,1,0.208793,0,0.208793,1,0.217965,0,0.217965,1,0.227794,0,0.227794,1,0.240579,0,0.240579,1,0.275582,0,0.275582,1,0.444431,0,0.444431,1,0.598573,0,0.598573,1,0.607215,0,0.607215,1,1,0,1,1]],
    "metadata":{
        "normals":36,
        "uvs":1,
        "faces":36,
        "colors":0,
        "type":"Geometry",
        "materials":1,
        "vertices":72,
        "version":3,
        "generator":"io_three"
    },
    "faces":[43,0,1,2,3,0,0,1,2,3,0,1,1,0,43,1,4,5,2,0,1,4,5,2,1,2,2,1,43,4,6,7,5,0,4,6,7,5,2,3,3,2,43,6,8,9,7,0,6,8,9,7,3,4,4,3,43,8,10,11,9,0,8,10,11,9,4,5,5,4,43,10,12,13,11,0,10,12,13,11,5,6,6,5,43,12,14,15,13,0,12,14,15,13,6,7,7,6,43,14,16,17,15,0,14,16,17,15,7,8,8,7,43,16,18,19,17,0,16,18,19,17,8,9,9,8,43,18,20,21,19,0,18,20,21,19,9,10,10,9,43,20,22,23,21,0,20,22,23,21,10,11,11,10,43,22,24,25,23,0,22,24,25,23,11,12,12,11,43,24,26,27,25,0,24,26,27,25,12,13,13,12,43,26,28,29,27,0,26,28,29,27,13,14,14,13,43,28,30,31,29,0,28,30,31,29,14,15,15,14,43,30,32,33,31,0,30,32,33,31,15,16,16,15,43,32,34,35,33,0,32,34,35,33,16,17,17,16,43,34,36,37,35,0,34,36,37,35,17,18,18,17,43,36,38,39,37,0,36,38,39,37,18,19,19,18,43,38,40,41,39,0,38,40,41,39,19,20,20,19,43,40,42,43,41,0,40,42,43,41,20,21,21,20,43,42,44,45,43,0,42,44,45,43,21,22,22,21,43,44,46,47,45,0,44,46,47,45,22,23,23,22,43,46,48,49,47,0,46,48,49,47,23,24,24,23,43,48,50,51,49,0,48,50,51,49,24,25,25,24,43,50,52,53,51,0,50,52,53,51,25,26,26,25,43,52,54,55,53,0,52,54,55,53,26,27,27,26,43,54,56,57,55,0,54,56,57,55,27,28,28,27,43,56,58,59,57,0,56,58,59,57,28,29,29,28,43,58,60,61,59,0,58,60,61,59,29,30,30,29,43,60,62,63,61,0,60,62,63,61,30,31,31,30,43,62,64,65,63,0,62,64,65,63,31,32,32,31,43,64,66,67,65,0,64,66,67,65,32,33,33,32,43,66,68,69,67,0,66,68,69,67,33,34,34,33,43,68,70,71,69,0,68,70,71,69,34,35,35,34,43,70,0,3,71,0,70,72,73,71,35,0,0,35],
    "materials":[{
        "depthWrite":true,
        "blending":"NormalBlending",
        "specularCoef":50,
        "doubleSided":false,
        "wireframe":false,
        "opacity":1,
        "mapDiffuseAnisotropy":1,
        "colorEmissive":[0,0,0],
        "mapDiffuseWrap":["repeat","repeat"],
        "depthTest":true,
        "transparent":false,
        "mapDiffuseRepeat":[1,1],
        "mapDiffuse":null,
        "visible":true,
        "DbgIndex":0,
        "shading":"phong",
        "colorDiffuse":[0.64,0.64,0.64],
        "vertexColors":false,
        "DbgName":"Mat_1",
        "colorSpecular":[0.5,0.5,0.5],
        "DbgColor":15658734
    }]
}