{
    "vertices":[6.84875,63.081,-7.20072,6.95671,63.7627,-7.74991,20.1863,59.4644,-7.74991,19.873,58.8494,-7.20072,7.07256,64.4941,-8.23536,20.5224,60.1242,-8.23536,7.19563,65.2712,-8.65287,20.8796,60.8252,-8.65287,7.32526,66.0897,-8.99825,21.2558,61.5636,-8.99825,7.46079,66.9454,-9.26733,21.6491,62.3356,-9.26733,7.60155,67.8342,-9.45592,22.0576,63.1374,-9.45592,7.69797,68.443,-9.53486,22.3374,63.6866,-9.53486,7.84598,69.3776,-9.57999,22.767,64.5297,-9.57999,7.99399,70.3121,-9.53486,23.1965,65.3728,-9.53486,8.13788,71.2206,-9.40226,23.614,66.1923,-9.40226,8.27697,72.0988,-9.18638,24.0177,66.9846,-9.18638,8.4106,72.9426,-8.89139,24.4055,67.7458,-8.89139,8.53812,73.7478,-8.5215,24.7756,68.4722,-8.5215,8.65885,74.5101,-8.08088,25.1259,69.1599,-8.08088,8.77215,75.2254,-7.57372,25.4547,69.8052,-7.57372,8.87733,75.8895,-7.00421,25.76,70.4043,-7.00421,8.91598,76.1336,-6.75259,25.8721,70.6245,-6.75259,-6.84537,63.081,-7.20072,-6.95332,63.7627,-7.74991,-7.06917,64.4941,-8.23536,-7.19224,65.2712,-8.65287,-7.32187,66.0897,-8.99825,-7.4574,66.9454,-9.26733,-7.59816,67.8342,-9.45592,-7.69458,68.443,-9.53486,-7.84259,69.3776,-9.57999,-7.99061,70.3121,-9.53486,-8.13449,71.2206,-9.40226,-8.27358,72.0988,-9.18638,-8.40722,72.9426,-8.89139,-8.53473,73.7478,-8.5215,-8.65547,74.5101,-8.08088,-8.76876,75.2254,-7.57372,-8.87394,75.8895,-7.00421,-8.91259,76.1336,-6.75259,-19.8695,58.8494,-7.20072,-20.1828,59.4644,-7.74991,-20.519,60.1242,-8.23536,-20.8762,60.8252,-8.65287,-21.2524,61.5636,-8.99825,-21.6457,62.3356,-9.26733,-22.0542,63.1374,-9.45592,-22.334,63.6866,-9.53486,-22.7635,64.5297,-9.57999,-23.1931,65.3728,-9.53486,-23.6106,66.1923,-9.40226,-24.0143,66.9846,-9.18638,-24.4021,67.7458,-8.89139,-24.7722,68.4722,-8.5215,-25.1225,69.1599,-8.08088,-25.4513,69.8052,-7.57372,-25.7566,70.4043,-7.00421,-25.8687,70.6245,-6.75259,6.77558,62.619,-6.75259,19.6606,58.4326,-6.75259,-6.77219,62.619,-6.75259,-19.6572,58.4326,-6.75259],
    "colors":[],
    "uvs":[[0.332454,0.342694,0.329546,0.361058,-0.026863,0.245259,-0.018422,0.228693,0.326425,0.380764,-0.03592,0.263036,0.32311,0.401698,-0.045542,0.281922,0.319617,0.423748,-0.055676,0.301814,0.315966,0.446802,-0.066272,0.322611,0.312174,0.470746,-0.077277,0.344212,0.309576,0.487147,-0.084816,0.359008,0.305589,0.512325,-0.096388,0.381721,0.301601,0.537502,-0.10796,0.404434,0.297725,0.561977,-0.119209,0.426514,0.293978,0.585636,-0.130083,0.447858,0.290378,0.608368,-0.140531,0.468365,0.286942,0.630059,-0.1505,0.487933,0.28369,0.650597,-0.15994,0.50646,0.280638,0.669868,-0.168797,0.523845,0.277804,0.68776,-0.177021,0.539986,0.276763,0.694334,-0.180042,0.545917,0.701379,0.342694,0.704288,0.361058,0.707408,0.380764,0.710724,0.401698,0.714216,0.423748,0.717868,0.446802,0.72166,0.470746,0.724257,0.487147,0.728245,0.512325,0.732232,0.537502,0.736109,0.561977,0.739856,0.585636,0.743456,0.608368,0.746891,0.630059,0.750144,0.650597,0.753196,0.669868,0.75603,0.68776,0.757071,0.694334,1.05225,0.228693,1.0607,0.245259,1.06975,0.263036,1.07937,0.281922,1.08951,0.301814,1.10011,0.322611,1.11111,0.344212,1.11865,0.359008,1.13022,0.381721,1.14179,0.404434,1.15304,0.426514,1.16392,0.447858,1.17436,0.468365,1.18433,0.487933,1.19377,0.50646,1.20263,0.523845,1.21085,0.539986,1.21388,0.545917,0.334426,0.330246,-0.012701,0.217463,0.699408,0.330246,1.04653,0.217463]],
    "metadata":{
        "type":"Geometry",
        "colors":0,
        "uvs":1,
        "normals":76,
        "generator":"io_three",
        "vertices":76,
        "faces":54,
        "materials":1,
        "version":3
    },
    "materials":[{
        "doubleSided":false,
        "DbgName":"Mat_2.002",
        "opacity":1,
        "wireframe":false,
        "depthTest":true,
        "colorSpecular":[0.5,0.5,0.5],
        "specularCoef":50,
        "DbgColor":15658734,
        "blending":"NormalBlending",
        "depthWrite":true,
        "transparent":false,
        "visible":true,
        "DbgIndex":0,
        "colorDiffuse":[0.64,0.64,0.64],
        "shading":"phong",
        "vertexColors":false,
        "colorEmissive":[0,0,0]
    }],
    "faces":[43,0,1,2,3,0,0,1,2,3,0,1,2,3,43,1,4,5,2,0,1,4,5,2,1,4,5,2,43,4,6,7,5,0,4,6,7,5,4,6,7,5,43,6,8,9,7,0,6,8,9,7,6,8,9,7,43,8,10,11,9,0,8,10,11,9,8,10,11,9,43,10,12,13,11,0,10,12,13,11,10,12,13,11,43,12,14,15,13,0,12,14,15,13,12,14,15,13,43,14,16,17,15,0,14,16,17,15,14,16,17,15,43,16,18,19,17,0,16,18,19,17,16,18,19,17,43,18,20,21,19,0,18,20,21,19,18,20,21,19,43,20,22,23,21,0,20,22,23,21,20,22,23,21,43,22,24,25,23,0,22,24,25,23,22,24,25,23,43,24,26,27,25,0,24,26,27,25,24,26,27,25,43,26,28,29,27,0,26,28,29,27,26,28,29,27,43,28,30,31,29,0,28,30,31,29,28,30,31,29,43,30,32,33,31,0,30,32,33,31,30,32,33,31,43,32,34,35,33,0,32,34,35,33,32,34,35,33,43,1,0,36,37,0,1,0,36,37,1,0,36,37,43,37,38,4,1,0,37,38,4,1,37,38,4,1,43,38,39,6,4,0,38,39,6,4,38,39,6,4,43,39,40,8,6,0,39,40,8,6,39,40,8,6,43,40,41,10,8,0,40,41,10,8,40,41,10,8,43,41,42,12,10,0,41,42,12,10,41,42,12,10,43,42,43,14,12,0,42,43,14,12,42,43,14,12,43,43,44,16,14,0,43,44,16,14,43,44,16,14,43,44,45,18,16,0,44,45,18,16,44,45,18,16,43,45,46,20,18,0,45,46,20,18,45,46,20,18,43,46,47,22,20,0,46,47,22,20,46,47,22,20,43,47,48,24,22,0,47,48,24,22,47,48,24,22,43,48,49,26,24,0,48,49,26,24,48,49,26,24,43,49,50,28,26,0,49,50,28,26,49,50,28,26,43,50,51,30,28,0,50,51,30,28,50,51,30,28,43,51,52,32,30,0,51,52,32,30,51,52,32,30,43,52,53,34,32,0,52,53,34,32,52,53,34,32,43,54,55,37,36,0,54,55,37,36,54,55,37,36,43,55,56,38,37,0,55,56,38,37,55,56,38,37,43,56,57,39,38,0,56,57,39,38,56,57,39,38,43,57,58,40,39,0,57,58,40,39,57,58,40,39,43,58,59,41,40,0,58,59,41,40,58,59,41,40,43,59,60,42,41,0,59,60,42,41,59,60,42,41,43,60,61,43,42,0,60,61,43,42,60,61,43,42,43,61,62,44,43,0,61,62,44,43,61,62,44,43,43,62,63,45,44,0,62,63,45,44,62,63,45,44,43,63,64,46,45,0,63,64,46,45,63,64,46,45,43,64,65,47,46,0,64,65,47,46,64,65,47,46,43,65,66,48,47,0,65,66,48,47,65,66,48,47,43,66,67,49,48,0,66,67,49,48,66,67,49,48,43,67,68,50,49,0,67,68,50,49,67,68,50,49,43,68,69,51,50,0,68,69,51,50,68,69,51,50,43,69,70,52,51,0,69,70,52,51,69,70,52,51,43,70,71,53,52,0,70,71,53,52,70,71,53,52,43,72,0,3,73,0,72,0,3,73,72,0,3,73,43,0,72,74,36,0,0,72,74,36,0,72,74,36,43,75,54,36,74,0,75,54,36,74,75,54,36,74],