{
    "vertices":[-6.84875,63.081,7.20073,-6.95671,63.7627,7.74993,-20.1863,59.4644,7.74993,-19.873,58.8494,7.20073,-7.07256,64.4941,8.23537,-20.5224,60.1242,8.23537,-7.19563,65.2712,8.65288,-20.8796,60.8252,8.65288,-7.32526,66.0897,8.99827,-21.2558,61.5636,8.99827,-7.46079,66.9454,9.26735,-21.6491,62.3356,9.26735,-7.60155,67.8342,9.45594,-22.0576,63.1374,9.45594,-7.69797,68.443,9.53488,-22.3374,63.6866,9.53488,-7.84598,69.3776,9.58001,-22.767,64.5297,9.58001,-7.99399,70.3121,9.53488,-23.1965,65.3728,9.53488,-8.13788,71.2206,9.40228,-23.614,66.1923,9.40228,-8.27697,72.0988,9.18639,-24.0177,66.9846,9.18639,-8.4106,72.9426,8.89141,-24.4055,67.7458,8.89141,-8.53812,73.7478,8.52152,-24.7756,68.4722,8.52152,-8.65885,74.5101,8.0809,-25.1259,69.1599,8.0809,-8.77215,75.2254,7.57374,-25.4547,69.8052,7.57374,-8.87733,75.8895,7.00423,-25.76,70.4043,7.00423,-8.91598,76.1336,6.75261,-25.8721,70.6245,6.75261,6.84537,63.081,7.20073,6.95332,63.7627,7.74993,7.06917,64.4941,8.23537,7.19224,65.2712,8.65288,7.32187,66.0897,8.99827,7.4574,66.9454,9.26735,7.59816,67.8342,9.45594,7.69458,68.443,9.53488,7.84259,69.3776,9.58001,7.99061,70.3121,9.53488,8.13449,71.2206,9.40228,8.27358,72.0988,9.18639,8.40722,72.9426,8.89141,8.53473,73.7478,8.52152,8.65547,74.5101,8.0809,8.76876,75.2254,7.57374,8.87394,75.8895,7.00423,8.91259,76.1336,6.75261,19.8695,58.8494,7.20073,20.1828,59.4644,7.74993,20.519,60.1242,8.23537,20.8762,60.8252,8.65288,21.2524,61.5636,8.99827,21.6457,62.3356,9.26735,22.0542,63.1374,9.45594,22.334,63.6866,9.53488,22.7635,64.5297,9.58001,23.1931,65.3728,9.53488,23.6106,66.1923,9.40228,24.0143,66.9846,9.18639,24.4021,67.7458,8.89141,24.7722,68.4722,8.52152,25.1225,69.1599,8.0809,25.4513,69.8052,7.57374,25.7566,70.4043,7.00423,25.8687,70.6245,6.75261,-6.77558,62.619,6.75261,-19.6606,58.4326,6.75261,6.77219,62.619,6.75261,19.6572,58.4326,6.75261],
    "colors":[],
    "uvs":[[0.336604,0.355178,0.333929,0.372066,0.006159,0.265572,0.013921,0.250337,0.331059,0.390188,-0.002171,0.281921,0.32801,0.409441,-0.01102,0.299289,0.324798,0.42972,-0.02034,0.317583,0.321441,0.450921,-0.030084,0.336709,0.317953,0.472941,-0.040205,0.356574,0.315564,0.488024,-0.047138,0.370181,0.311897,0.511179,-0.05778,0.391069,0.30823,0.534333,-0.068422,0.411957,0.304665,0.556841,-0.078767,0.432263,0.301219,0.5786,-0.088768,0.451892,0.297908,0.599505,-0.098376,0.470751,0.294749,0.619453,-0.107545,0.488747,0.291758,0.63834,-0.116226,0.505785,0.288951,0.656063,-0.124371,0.521773,0.286345,0.672517,-0.131934,0.536617,0.285387,0.678563,-0.134713,0.542071,0.675885,0.355178,0.67856,0.372066,0.68143,0.390188,0.684479,0.409441,0.687691,0.42972,0.691049,0.450921,0.694536,0.472941,0.696925,0.488024,0.700592,0.511179,0.704259,0.534333,0.707824,0.556841,0.71127,0.5786,0.714581,0.599505,0.717741,0.619453,0.720732,0.63834,0.723539,0.656063,0.726144,0.672517,0.727102,0.678563,0.998568,0.250337,1.00633,0.265572,1.01466,0.281921,1.02351,0.299289,1.03283,0.317583,1.04257,0.336709,1.05269,0.356574,1.05963,0.370181,1.07027,0.391069,1.08091,0.411957,1.09126,0.432263,1.10126,0.451892,1.11086,0.470751,1.12003,0.488747,1.12871,0.505785,1.13686,0.521773,1.14442,0.536617,1.1472,0.542071,0.338417,0.34373,0.019182,0.240009,0.674072,0.34373,0.993306,0.24001]],
    "metadata":{
        "type":"Geometry",
        "colors":0,
        "uvs":1,
        "normals":76,
        "generator":"io_three",
        "vertices":76,
        "faces":54,
        "materials":1,
        "version":3
    },
    "materials":[{
        "doubleSided":false,
        "DbgName":"Mat_2.002",
        "opacity":1,
        "wireframe":false,
        "depthTest":true,
        "colorSpecular":[0.5,0.5,0.5],
        "specularCoef":50,
        "DbgColor":15658734,
        "blending":"NormalBlending",
        "depthWrite":true,
        "transparent":false,
        "visible":true,
        "DbgIndex":0,
        "colorDiffuse":[0.64,0.64,0.64],
        "shading":"phong",
        "vertexColors":false,
        "colorEmissive":[0,0,0]
    }],
    "faces":[43,0,1,2,3,0,0,1,2,3,0,1,2,3,43,1,4,5,2,0,1,4,5,2,1,4,5,2,43,4,6,7,5,0,4,6,7,5,4,6,7,5,43,6,8,9,7,0,6,8,9,7,6,8,9,7,43,8,10,11,9,0,8,10,11,9,8,10,11,9,43,10,12,13,11,0,10,12,13,11,10,12,13,11,43,12,14,15,13,0,12,14,15,13,12,14,15,13,43,14,16,17,15,0,14,16,17,15,14,16,17,15,43,16,18,19,17,0,16,18,19,17,16,18,19,17,43,18,20,21,19,0,18,20,21,19,18,20,21,19,43,20,22,23,21,0,20,22,23,21,20,22,23,21,43,22,24,25,23,0,22,24,25,23,22,24,25,23,43,24,26,27,25,0,24,26,27,25,24,26,27,25,43,26,28,29,27,0,26,28,29,27,26,28,29,27,43,28,30,31,29,0,28,30,31,29,28,30,31,29,43,30,32,33,31,0,30,32,33,31,30,32,33,31,43,32,34,35,33,0,32,34,35,33,32,34,35,33,43,1,0,36,37,0,1,0,36,37,1,0,36,37,43,37,38,4,1,0,37,38,4,1,37,38,4,1,43,38,39,6,4,0,38,39,6,4,38,39,6,4,43,39,40,8,6,0,39,40,8,6,39,40,8,6,43,40,41,10,8,0,40,41,10,8,40,41,10,8,43,41,42,12,10,0,41,42,12,10,41,42,12,10,43,42,43,14,12,0,42,43,14,12,42,43,14,12,43,43,44,16,14,0,43,44,16,14,43,44,16,14,43,44,45,18,16,0,44,45,18,16,44,45,18,16,43,45,46,20,18,0,45,46,20,18,45,46,20,18,43,46,47,22,20,0,46,47,22,20,46,47,22,20,43,47,48,24,22,0,47,48,24,22,47,48,24,22,43,48,49,26,24,0,48,49,26,24,48,49,26,24,43,49,50,28,26,0,49,50,28,26,49,50,28,26,43,50,51,30,28,0,50,51,30,28,50,51,30,28,43,51,52,32,30,0,51,52,32,30,51,52,32,30,43,52,53,34,32,0,52,53,34,32,52,53,34,32,43,54,55,37,36,0,54,55,37,36,54,55,37,36,43,55,56,38,37,0,55,56,38,37,55,56,38,37,43,56,57,39,38,0,56,57,39,38,56,57,39,38,43,57,58,40,39,0,57,58,40,39,57,58,40,39,43,58,59,41,40,0,58,59,41,40,58,59,41,40,43,59,60,42,41,0,59,60,42,41,59,60,42,41,43,60,61,43,42,0,60,61,43,42,60,61,43,42,43,61,62,44,43,0,61,62,44,43,61,62,44,43,43,62,63,45,44,0,62,63,45,44,62,63,45,44,43,63,64,46,45,0,63,64,46,45,63,64,46,45,43,64,65,47,46,0,64,65,47,46,64,65,47,46,43,65,66,48,47,0,65,66,48,47,65,66,48,47,43,66,67,49,48,0,66,67,49,48,66,67,49,48,43,67,68,50,49,0,67,68,50,49,67,68,50,49,43,68,69,51,50,0,68,69,51,50,68,69,51,50,43,69,70,52,51,0,69,70,52,51,69,70,52,51,43,70,71,53,52,0,70,71,53,52,70,71,53,52,43,72,0,3,73,0,72,0,3,73,72,0,3,73,43,0,72,74,36,0,0,72,74,36,0,72,74,36,43,75,54,36,74,0,75,54,36,74,75,54,36,74],