{
    "vertices":[42.607,26.5961,6.59197,42.7726,26.6223,6.7526,38.5826,39.5072,6.7526,38.4332,39.4311,6.59198,43.2346,26.6955,7.20073,43.9163,26.8036,7.74992,39.6143,40.033,7.74992,38.9994,39.7196,7.20073,44.6478,26.9195,8.23537,40.2741,40.3693,8.23537,45.4248,27.0427,8.65288,40.9751,40.7265,8.65288,46.2433,27.1724,8.99826,41.7134,41.1028,8.99826,47.099,27.3081,9.26735,42.4853,41.4962,9.26735,47.9878,27.4489,9.45593,43.287,41.9048,9.45594,48.5966,27.5454,9.53487,43.8362,42.1847,9.53487,49.5312,27.6936,9.58,44.6792,42.6143,9.58,50.4657,27.8417,9.53487,45.5222,43.0439,9.53487,51.3742,27.9857,9.40227,46.3417,43.4616,9.40227,52.2524,28.1249,9.18639,47.1339,43.8653,9.18639,53.0962,28.2587,8.89141,47.8951,44.2532,8.89141,53.9014,28.3863,8.52151,48.6213,44.6234,8.52152,54.6637,28.5071,8.08089,49.309,44.9738,8.08089,55.379,28.6205,7.57374,49.9543,45.3027,7.57374,56.0431,28.7258,7.00422,50.5533,45.608,7.00423,56.2872,28.7645,6.7526,50.7735,45.7202,6.75261],
    "colors":[],
    "uvs":[[0.864756,0.136674,0.866173,0.14722,0.134806,0.14722,0.13622,0.136674,0.870126,0.176638,0.875958,0.218786,0.125037,0.218787,0.13086,0.176638,0.882217,0.262849,0.118789,0.262849,0.888865,0.308558,0.112152,0.308559,0.895868,0.355647,0.105161,0.355647,0.90319,0.403847,0.097852,0.403847,0.910794,0.452891,0.090261,0.452891,0.916004,0.485923,0.08506,0.485923,0.923999,0.535777,0.077077,0.535777,0.931996,0.58462,0.069095,0.584619,0.939769,0.631106,0.061335,0.631105,0.947283,0.675059,0.053834,0.67506,0.954503,0.716309,0.046627,0.716308,0.961391,0.75468,0.03975,0.754678,0.967914,0.789996,0.033238,0.789995,0.974034,0.822085,0.027128,0.822084,0.979716,0.850772,0.021456,0.850771,0.981804,0.860839,0.019371,0.86084]],
    "metadata":{
        "type":"Geometry",
        "colors":0,
        "uvs":1,
        "normals":22,
        "generator":"io_three",
        "vertices":40,
        "faces":19,
        "materials":1,
        "version":3
    },
    "materials":[{
        "doubleSided":false,
        "DbgName":"Mat_2.002",
        "opacity":1,
        "wireframe":false,
        "depthTest":true,
        "colorSpecular":[0.5,0.5,0.5],
        "specularCoef":50,
        "DbgColor":15658734,
        "blending":"NormalBlending",
        "depthWrite":true,
        "transparent":false,
        "visible":true,
        "DbgIndex":0,
        "colorDiffuse":[0.64,0.64,0.64],
        "shading":"phong",
        "vertexColors":false,
        "colorEmissive":[0,0,0]
    }],
    "faces":[43,0,1,2,3,0,0,1,2,3,0,0,0,0,43,4,5,6,7,0,4,5,6,7,1,2,2,1,43,5,8,9,6,0,5,8,9,6,2,3,3,2,43,8,10,11,9,0,8,10,11,9,3,4,4,3,43,10,12,13,11,0,10,12,13,11,4,5,5,4,43,12,14,15,13,0,12,14,15,13,5,6,7,5,43,14,16,17,15,0,14,16,17,15,6,8,8,7,43,16,18,19,17,0,16,18,19,17,8,9,9,8,43,18,20,21,19,0,18,20,21,19,9,10,10,9,43,20,22,23,21,0,20,22,23,21,10,11,11,10,43,22,24,25,23,0,22,24,25,23,11,12,12,11,43,24,26,27,25,0,24,26,27,25,12,13,13,12,43,26,28,29,27,0,26,28,29,27,13,14,15,13,43,28,30,31,29,0,28,30,31,29,14,16,17,15,43,30,32,33,31,0,30,32,33,31,16,18,18,17,43,32,34,35,33,0,32,34,35,33,18,19,19,18,43,34,36,37,35,0,34,36,37,35,19,20,20,19,43,36,38,39,37,0,36,38,39,37,20,21,21,20,43,1,4,7,2,0,1,4,7,2,0,1,1,0],
    "normals":[-0.662069,-0.215278,0.717826,-0.627552,-0.204047,0.751335,-0.558977,-0.181768,0.808985,-0.485244,-0.157781,0.860012,-0.40672,-0.132237,0.903897,-0.323893,-0.105319,0.940184,-0.237342,-0.077181,0.968352,-0.237342,-0.077181,0.968322,-0.156255,-0.050813,0.986389,-0.080325,-0.026124,0.996399,0.004578,0.001465,0.999969,0.096255,0.031281,0.994842,0.186773,0.060732,0.980499,0.27488,0.089389,0.957305,0.359661,0.116947,0.925687,0.359661,0.116947,0.925718,0.440413,0.143193,0.886258,0.440413,0.143193,0.886288,0.516617,0.167974,0.839534,0.587878,0.191168,0.786004,0.653859,0.212622,0.726096,0.682638,0.221961,0.696188]
}