{
    "faces":[43,0,1,2,3,0,0,1,2,3,0,0,0,0,43,4,5,6,7,0,4,5,6,7,1,2,2,1,43,5,8,9,6,0,5,8,9,6,2,3,3,2,43,8,10,11,9,0,8,10,11,9,3,4,4,3,43,10,12,13,11,0,10,12,13,11,4,5,5,4,43,12,14,15,13,0,12,14,15,13,5,6,6,5,43,14,16,17,15,0,14,16,17,15,6,7,7,6,43,16,18,19,17,0,16,18,19,17,7,8,8,7,43,18,20,21,19,0,18,20,21,19,8,9,9,8,43,20,22,23,21,0,20,22,23,21,9,10,10,9,43,22,24,25,23,0,22,24,25,23,10,11,11,10,43,24,26,27,25,0,24,26,27,25,11,12,12,11,43,26,28,29,27,0,26,28,29,27,12,13,13,12,43,28,30,31,29,0,28,30,31,29,13,14,14,13,43,30,32,33,31,0,30,32,33,31,14,15,15,14,43,32,34,35,33,0,32,34,35,33,15,16,16,15,43,34,36,37,35,0,34,36,37,35,16,17,17,16,43,36,38,39,37,0,36,38,39,37,17,18,18,17,43,1,4,7,2,0,1,4,7,2,0,1,1,0],
    "normals":[-0.66213,-0.215125,-0.717826,-0.627613,-0.203894,-0.751335,-0.559008,-0.181616,-0.808985,-0.485275,-0.157659,-0.860012,-0.406751,-0.132145,-0.903897,-0.323923,-0.105228,-0.940184,-0.237373,-0.07712,-0.968322,-0.156255,-0.050752,-0.986389,-0.080325,-0.026093,-0.996399,0.004578,0.001465,-0.999969,0.096255,0.031251,-0.994842,0.186804,0.060671,-0.980499,0.274911,0.089297,-0.957305,0.359691,0.116855,-0.925687,0.440443,0.143101,-0.886258,0.516678,0.167852,-0.839534,0.587939,0.191015,-0.786004,0.65392,0.212439,-0.726096,0.682699,0.221809,-0.696188],
    "vertices":[38.4368,39.4308,-6.59197,38.5862,39.507,-6.7526,42.7726,26.6219,-6.7526,42.607,26.5957,-6.59197,39.0031,39.7193,-7.20072,39.618,40.0326,-7.74991,43.9163,26.8031,-7.74992,43.2346,26.6951,-7.20072,40.2779,40.3688,-8.23536,44.6478,26.9189,-8.23536,40.9789,40.726,-8.65287,45.4248,27.042,-8.65287,41.7173,41.1022,-8.99826,46.2433,27.1716,-8.99826,42.4892,41.4955,-9.26734,47.099,27.3072,-9.26734,43.291,41.904,-9.45593,47.9878,27.4479,-9.45593,43.8403,42.1838,-9.53486,48.5966,27.5443,-9.53486,44.6834,42.6133,-9.58,49.5312,27.6923,-9.58,45.5264,43.0429,-9.53486,50.4657,27.8404,-9.53486,46.346,43.4604,-9.40226,51.3742,27.9842,-9.40227,47.1383,43.8641,-9.18638,52.2524,28.1233,-9.18638,47.8995,44.2519,-8.8914,53.0962,28.257,-8.8914,48.6258,44.6219,-8.5215,53.9014,28.3845,-8.52151,49.3135,44.9723,-8.08088,54.6637,28.5052,-8.08089,49.9588,45.3011,-7.57373,55.379,28.6185,-7.57373,50.558,45.6063,-7.00421,56.0431,28.7237,-7.00422,50.7781,45.7185,-6.7526,56.2872,28.7623,-6.7526],
    "metadata":{
        "generator":"io_three",
        "materials":1,
        "normals":19,
        "uvs":1,
        "vertices":40,
        "faces":19,
        "type":"Geometry",
        "version":3,
        "colors":0
    },
    "materials":[{
        "doubleSided":false,
        "specularCoef":50,
        "depthTest":true,
        "wireframe":false,
        "DbgIndex":0,
        "DbgName":"Mat_2.002",
        "transparent":false,
        "opacity":1,
        "shading":"phong",
        "DbgColor":15658734,
        "colorDiffuse":[0.64,0.64,0.64],
        "depthWrite":true,
        "colorSpecular":[0.5,0.5,0.5],
        "colorEmissive":[0,0,0],
        "visible":true,
        "vertexColors":false,
        "blending":"NormalBlending"
    }],
    "uvs":[[0.62,0.778862,0.623958,0.778862,0.623958,0.858531,0.62,0.858531,0.635,0.778862,0.65,0.778862,0.65,0.858531,0.635,0.858531,0.665,0.778862,0.665,0.858531,0.68,0.778862,0.68,0.858531,0.695,0.778862,0.695,0.858531,0.71,0.778862,0.71,0.858531,0.725,0.778862,0.725,0.858531,0.735,0.778862,0.735,0.858531,0.75,0.778862,0.75,0.858531,0.765,0.778862,0.765,0.858531,0.78,0.778862,0.78,0.858531,0.795,0.778862,0.795,0.858531,0.81,0.778862,0.81,0.858531,0.825,0.778862,0.825,0.858531,0.84,0.778862,0.84,0.858531,0.855,0.778862,0.855,0.858531,0.87,0.778862,0.87,0.858531,0.876013,0.778862,0.876013,0.858531]],
    "colors":[]
}