{
    "faces":[43,0,1,2,3,0,0,1,2,3,0,0,0,0,43,4,5,6,7,0,4,5,6,7,1,2,2,1,43,5,8,9,6,0,5,8,9,6,2,3,3,2,43,8,10,11,9,0,8,10,11,9,3,4,4,3,43,10,12,13,11,0,10,12,13,11,4,5,5,4,43,12,14,15,13,0,12,14,15,13,5,6,7,5,43,14,16,17,15,0,14,16,17,15,6,8,8,7,43,16,18,19,17,0,16,18,19,17,8,9,9,8,43,18,20,21,19,0,18,20,21,19,9,10,10,9,43,20,22,23,21,0,20,22,23,21,10,11,11,10,43,22,24,25,23,0,22,24,25,23,11,12,12,11,43,24,26,27,25,0,24,26,27,25,12,13,13,12,43,26,28,29,27,0,26,28,29,27,13,14,15,13,43,28,30,31,29,0,28,30,31,29,14,16,17,15,43,30,32,33,31,0,30,32,33,31,16,18,18,17,43,32,34,35,33,0,32,34,35,33,18,19,19,18,43,34,36,37,35,0,34,36,37,35,19,20,20,19,43,36,38,39,37,0,36,38,39,37,20,21,21,20,43,1,4,7,2,0,1,4,7,2,0,1,1,0],
    "normals":[0.662069,-0.215278,-0.717826,0.627552,-0.204047,-0.751335,0.558977,-0.181768,-0.808985,0.485244,-0.157781,-0.860012,0.40672,-0.132237,-0.903897,0.323893,-0.105319,-0.940184,0.237342,-0.077181,-0.968352,0.237342,-0.077181,-0.968322,0.156255,-0.050813,-0.986389,0.080325,-0.026124,-0.996399,-0.004578,0.001465,-0.999969,-0.096255,0.031281,-0.994842,-0.186773,0.060732,-0.980499,-0.27488,0.089389,-0.957305,-0.359661,0.116947,-0.925687,-0.359661,0.116947,-0.925718,-0.440413,0.143193,-0.886258,-0.440413,0.143193,-0.886288,-0.516617,0.167974,-0.839534,-0.587878,0.191168,-0.786004,-0.653859,0.212622,-0.726096,-0.682638,0.221961,-0.696188],
    "vertices":[-42.607,26.5961,-6.59197,-42.7726,26.6223,-6.7526,-38.5826,39.5072,-6.7526,-38.4332,39.4311,-6.59197,-43.2346,26.6955,-7.20072,-43.9163,26.8036,-7.74992,-39.6143,40.033,-7.74991,-38.9994,39.7196,-7.20072,-44.6478,26.9195,-8.23536,-40.2741,40.3693,-8.23536,-45.4248,27.0427,-8.65287,-40.9751,40.7265,-8.65287,-46.2433,27.1724,-8.99826,-41.7134,41.1028,-8.99826,-47.099,27.3081,-9.26734,-42.4853,41.4962,-9.26734,-47.9878,27.449,-9.45593,-43.287,41.9048,-9.45593,-48.5966,27.5455,-9.53486,-43.8362,42.1847,-9.53486,-49.5312,27.6936,-9.58,-44.6792,42.6143,-9.58,-50.4657,27.8417,-9.53486,-45.5222,43.0439,-9.53486,-51.3742,27.9857,-9.40227,-46.3417,43.4616,-9.40226,-52.2524,28.1249,-9.18638,-47.1339,43.8653,-9.18638,-53.0962,28.2587,-8.8914,-47.8951,44.2532,-8.8914,-53.9014,28.3863,-8.52151,-48.6213,44.6234,-8.5215,-54.6637,28.5071,-8.08089,-49.309,44.9738,-8.08088,-55.379,28.6205,-7.57373,-49.9543,45.3027,-7.57373,-56.0431,28.7258,-7.00422,-50.5533,45.608,-7.00421,-56.2872,28.7645,-6.7526,-50.7735,45.7202,-6.7526],
    "metadata":{
        "generator":"io_three",
        "materials":1,
        "normals":22,
        "uvs":1,
        "vertices":40,
        "faces":19,
        "type":"Geometry",
        "version":3,
        "colors":0
    },
    "materials":[{
        "doubleSided":false,
        "specularCoef":50,
        "depthTest":true,
        "wireframe":false,
        "DbgIndex":0,
        "DbgName":"Mat_2.002",
        "transparent":false,
        "opacity":1,
        "shading":"phong",
        "DbgColor":15658734,
        "colorDiffuse":[0.64,0.64,0.64],
        "depthWrite":true,
        "colorSpecular":[0.5,0.5,0.5],
        "colorEmissive":[0,0,0],
        "visible":true,
        "vertexColors":false,
        "blending":"NormalBlending"
    }],
    "uvs":[[0.62,0.141475,0.623958,0.141475,0.623958,0.221149,0.62,0.221149,0.635,0.141475,0.65,0.141475,0.65,0.221149,0.635,0.221149,0.665,0.141475,0.665,0.221149,0.68,0.141475,0.68,0.221149,0.695,0.141475,0.695,0.221149,0.71,0.141475,0.71,0.221149,0.725,0.141475,0.725,0.221149,0.735,0.141475,0.735,0.221149,0.75,0.141475,0.75,0.221149,0.765,0.141475,0.765,0.221149,0.78,0.141475,0.78,0.221149,0.795,0.141475,0.795,0.221149,0.81,0.141475,0.81,0.221149,0.825,0.141475,0.825,0.221149,0.84,0.141475,0.84,0.221149,0.855,0.141475,0.855,0.221149,0.87,0.141475,0.87,0.221149,0.876013,0.141475,0.876013,0.221149]],
    "colors":[]
}