{
    "uvs":[[0.627181,0.978187,0.627181,0.830605,0.635,0.831294,0.635,0.978276,0.725,0.840707,0.725,0.979488,0.71,0.979272,0.71,0.839028,0.81,0.849718,0.81,0.980648,0.795,0.980466,0.795,0.848301,0.84,0.852282,0.84,0.980978,0.825,0.980819,0.825,0.851046,0.855,0.853423,0.855,0.981125,0.87,0.854467,0.87,0.98126,0.65,0.978458,0.65,0.832712,0.665,0.834207,0.665,0.978651,0.695,0.979059,0.695,0.837377,0.765,0.980068,0.765,0.845209,0.78,0.846797,0.78,0.980272,0.68,0.835766,0.68,0.978852,0.735,0.841837,0.735,0.979633,0.75,0.843541,0.75,0.979853,0.872887,0.85465,0.872887,0.981283]],
    "metadata":{
        "materials":1,
        "faces":18,
        "uvs":1,
        "normals":19,
        "version":3,
        "generator":"io_three",
        "vertices":38,
        "colors":0,
        "type":"Geometry"
    },
    "normals":[0.696188,0,0.717826,0.662465,0,0.749046,0.168187,0,0.985748,0.254036,0,0.967162,-0.374126,0,0.927366,-0.284677,0,0.958617,-0.539964,0,0.84167,-0.459426,0,0.88818,-0.615314,0,0.788263,-0.68511,0,0.728416,0.590777,0,0.806787,0.513688,0,0.857967,0.344737,0,0.938688,-0.0964385,0,0.995331,-0.191778,0,0.981414,0.431501,0,0.902097,0.0884732,0,0.996063,0,0,1,-0.717826,0,0.696188],
    "faces":[43,0,1,2,3,0,0,1,2,3,0,0,1,1,43,4,5,6,7,0,4,5,6,7,2,2,3,3,43,8,9,10,11,0,8,9,10,11,4,4,5,5,43,12,13,14,15,0,12,13,14,15,6,6,7,7,43,16,17,13,12,0,16,17,13,12,8,8,6,6,43,18,19,17,16,0,18,19,17,16,9,9,8,8,43,20,21,22,23,0,20,21,22,23,10,10,11,11,43,24,25,7,6,0,24,25,7,6,12,12,3,3,43,26,27,28,29,0,26,27,28,29,13,13,14,14,43,9,8,15,14,0,9,8,15,14,4,4,7,7,43,3,2,21,20,0,3,2,21,20,1,1,10,10,43,23,22,30,31,0,23,22,30,31,11,11,15,15,43,31,30,25,24,0,31,30,25,24,15,15,12,12,43,5,4,32,33,0,5,4,32,33,2,2,16,16,43,33,32,34,35,0,33,32,34,35,16,16,17,17,43,35,34,27,26,0,35,34,27,26,17,17,13,13,43,29,28,11,10,0,29,28,11,10,14,14,5,5,43,19,18,36,37,0,19,18,36,37,9,9,18,18],
    "vertices":[-63.9819,5.36513,9.38994,-63.9819,41.3796,9.38994,-64.4296,41.3796,9.82416,-64.4296,5.36513,9.82415,-70.934,41.3796,12.9102,-70.934,5.36513,12.9102,-69.7178,5.36513,12.6522,-69.7178,41.3796,12.6522,-77.9244,41.3796,12.1377,-77.9244,5.36513,12.1377,-76.7698,5.36513,12.5414,-76.7698,41.3796,12.5414,-80.0694,41.3796,11.0286,-80.0694,5.36513,11.0286,-79.0262,5.36513,11.6315,-79.0262,41.3796,11.6315,-81.0483,41.3796,10.3346,-81.0483,5.36513,10.3346,-81.9571,41.3796,9.55525,-81.9571,5.36513,9.55525,-65.3624,5.36513,10.5757,-65.3624,41.3796,10.5757,-66.3634,41.3796,11.24,-66.3634,5.36513,11.24,-68.5468,5.36513,12.2839,-68.5468,41.3796,12.2839,-74.3248,5.36513,13.0182,-74.3248,41.3796,13.0182,-75.568,41.3796,12.8368,-75.568,5.36513,12.8368,-67.4267,41.3796,11.8113,-67.4267,5.36513,11.8113,-71.7671,41.3796,13.0182,-71.7671,5.36513,13.0182,-73.046,41.3796,13.08,-73.046,5.36513,13.08,-82.1174,41.3796,9.38994,-82.1174,5.36513,9.38994],
    "materials":[{
        "DbgName":"Mat_2",
        "DbgIndex":0,
        "depthWrite":true,
        "transparent":false,
        "specularCoef":50,
        "blending":"NormalBlending",
        "DbgColor":15658734,
        "vertexColors":false,
        "doubleSided":false,
        "opacity":1,
        "depthTest":true,
        "colorSpecular":[0.5,0.5,0.5],
        "shading":"phong",
        "wireframe":false,
        "visible":true,
        "colorEmissive":[0,0,0]
    }],
    "colors":[]
}