{
    "uvs":[[0.635,0.663967,0.635,0.337357,0.65,0.338724,0.65,0.662589,0.665,0.661136,0.665,0.340165,0.68,0.341668,0.68,0.659621,0.695,0.343221,0.695,0.658055,0.725,0.654819,0.725,0.346432,0.735,0.347522,0.735,0.65372,0.75,0.349165,0.75,0.652064,0.78,0.6489,0.78,0.352303,0.795,0.353753,0.795,0.647438,0.81,0.35512,0.81,0.64606,0.765,0.650443,0.765,0.350773,0.71,0.656451,0.71,0.344813,0.84,0.357592,0.84,0.643568,0.825,0.644769,0.825,0.3564,0.855,0.358692,0.855,0.642459,0.87,0.359699,0.87,0.641444,0.872914,0.359876,0.872914,0.641265,0.627153,0.664639,0.627153,0.336691]],
    "metadata":{
        "materials":1,
        "faces":18,
        "uvs":1,
        "normals":19,
        "version":3,
        "generator":"io_three",
        "vertices":38,
        "colors":0,
        "type":"Geometry"
    },
    "normals":[0,-0.662465,-0.749046,0,-0.590777,-0.806787,0,-0.513657,-0.857967,0,-0.431501,-0.902097,0,-0.344737,-0.938688,0,-0.168187,-0.985748,0,-0.0884732,-0.996063,0,0,-0.999969,0,0.191778,-0.981414,0,0.284677,-0.958617,0,0.374126,-0.927366,0,0.0964385,-0.995331,0,-0.254036,-0.967162,0,0.539964,-0.84167,0,0.459426,-0.88818,0,0.615314,-0.788263,0,0.68511,-0.728416,0,0.717826,-0.696188,0,-0.696188,-0.717826],
    "faces":[43,0,1,2,3,0,0,1,2,3,0,0,1,1,43,4,5,6,7,0,4,5,6,7,2,2,3,3,43,7,6,8,9,0,7,6,8,9,3,3,4,4,43,10,11,12,13,0,10,11,12,13,5,5,6,6,43,13,12,14,15,0,13,12,14,15,6,6,7,7,43,16,17,18,19,0,16,17,18,19,8,8,9,9,43,19,18,20,21,0,19,18,20,21,9,9,10,10,43,3,2,5,4,0,3,2,5,4,1,1,2,2,43,22,23,17,16,0,22,23,17,16,11,11,8,8,43,11,10,24,25,0,11,10,24,25,5,5,12,12,43,23,22,15,14,0,23,22,15,14,11,11,7,7,43,26,27,28,29,0,26,27,28,29,13,13,14,14,43,30,31,27,26,0,30,31,27,26,15,15,13,13,43,32,33,31,30,0,32,33,31,30,16,16,15,15,43,34,35,33,32,0,34,35,33,32,17,17,16,16,43,25,24,9,8,0,25,24,9,8,12,12,4,4,43,29,28,21,20,0,29,28,21,20,14,14,10,10,43,1,0,36,37,0,1,0,36,37,0,0,18,18],
    "vertices":[40.1763,64.4744,-9.82415,-39.8517,64.4744,-9.82415,-39.8517,65.4072,-10.5757,40.1763,65.4072,-10.5757,40.1763,66.4082,-11.24,-39.8517,66.4082,-11.24,-39.8517,67.4715,-11.8113,40.1763,67.4715,-11.8113,-39.8517,68.5916,-12.2839,40.1763,68.5916,-12.2839,40.1763,70.9788,-12.9102,-39.8517,70.9788,-12.9102,-39.8517,71.8119,-13.0182,40.1763,71.8119,-13.0182,-39.8517,73.0908,-13.08,40.1763,73.0908,-13.08,40.1763,75.6128,-12.8368,-39.8517,75.6128,-12.8368,-39.8517,76.8146,-12.5414,40.1763,76.8146,-12.5414,-39.8517,77.9692,-12.1377,40.1763,77.9693,-12.1377,40.1763,74.3696,-13.0182,-39.8517,74.3696,-13.0182,40.1763,69.7626,-12.6521,-39.8517,69.7626,-12.6521,-39.8517,80.1142,-11.0286,40.1763,80.1142,-11.0286,40.1763,79.071,-11.6315,-39.8517,79.071,-11.6315,-39.8517,81.0931,-10.3346,40.1763,81.0931,-10.3346,-39.8517,82.0019,-9.55524,40.1763,82.0019,-9.55524,-39.8517,82.1637,-9.38837,40.1763,82.1637,-9.38837,40.1763,64.0251,-9.38837,-39.8517,64.0251,-9.38837],
    "materials":[{
        "DbgName":"Mat_2",
        "DbgIndex":0,
        "depthWrite":true,
        "transparent":false,
        "specularCoef":50,
        "blending":"NormalBlending",
        "DbgColor":15658734,
        "vertexColors":false,
        "doubleSided":false,
        "opacity":1,
        "depthTest":true,
        "colorSpecular":[0.5,0.5,0.5],
        "shading":"phong",
        "wireframe":false,
        "visible":true,
        "colorEmissive":[0,0,0]
    }],
    "colors":[]
}