{
    "uvs":[[0.635,0.797962,0.635,0.701906,0.65,0.703262,0.65,0.79661,0.665,0.795242,0.665,0.704634,0.68,0.706006,0.68,0.793873,0.695,0.707364,0.695,0.792518,0.725,0.789892,0.725,0.709997,0.735,0.71084,0.735,0.789051,0.75,0.712069,0.75,0.787826,0.78,0.785622,0.78,0.714278,0.795,0.715243,0.795,0.78466,0.81,0.716121,0.81,0.783783,0.765,0.786675,0.765,0.713222,0.71,0.791188,0.71,0.708698,0.84,0.717642,0.84,0.782267,0.825,0.782987,0.825,0.71692,0.855,0.718291,0.855,0.781619,0.87,0.718871,0.87,0.781041,0.8724,0.718954,0.8724,0.780958,0.627684,0.798596,0.627684,0.701272]],
    "metadata":{
        "materials":1,
        "faces":18,
        "uvs":1,
        "normals":19,
        "version":3,
        "generator":"io_three",
        "vertices":38,
        "colors":0,
        "type":"Geometry"
    },
    "normals":[-0.468429,-0.468429,-0.749046,-0.417737,-0.417737,-0.806787,-0.363231,-0.363231,-0.857967,-0.305124,-0.305124,-0.902097,-0.243782,-0.243782,-0.938688,-0.118931,-0.118931,-0.985748,-0.0625629,-0.0625629,-0.996063,0,0,-0.999969,0.135594,0.135594,-0.981414,0.2013,0.2013,-0.958617,0.264565,0.264565,-0.927366,0.0681783,0.0681783,-0.995331,-0.179632,-0.179632,-0.967162,0.381817,0.381817,-0.84167,0.32487,0.32487,-0.88818,0.435072,0.435072,-0.788263,0.484451,0.484451,-0.728416,0.507584,0.507584,-0.696188,-0.492264,-0.492264,-0.717826],
    "faces":[43,0,1,2,3,0,0,1,2,3,0,0,1,1,43,4,5,6,7,0,4,5,6,7,2,2,3,3,43,7,6,8,9,0,7,6,8,9,3,3,4,4,43,10,11,12,13,0,10,11,12,13,5,5,6,6,43,13,12,14,15,0,13,12,14,15,6,6,7,7,43,16,17,18,19,0,16,17,18,19,8,8,9,9,43,19,18,20,21,0,19,18,20,21,9,9,10,10,43,3,2,5,4,0,3,2,5,4,1,1,2,2,43,22,23,17,16,0,22,23,17,16,11,11,8,8,43,11,10,24,25,0,11,10,24,25,5,5,12,12,43,23,22,15,14,0,23,22,15,14,11,11,7,7,43,26,27,28,29,0,26,27,28,29,13,13,14,14,43,30,31,27,26,0,30,31,27,26,15,15,13,13,43,32,33,31,30,0,32,33,31,30,16,16,15,15,43,34,35,33,32,0,34,35,33,32,17,17,16,16,43,25,24,9,8,0,25,24,9,8,12,12,4,4,43,29,28,21,20,0,29,28,21,20,14,14,10,10,43,1,0,36,37,0,1,0,36,37,0,0,18,18],
    "vertices":[62.0788,47.9883,-9.82415,47.9256,62.1414,-9.82415,48.5852,62.801,-10.5757,62.7383,48.6478,-10.5757,63.4461,49.3556,-11.24,49.293,63.5088,-11.24,50.0449,64.2607,-11.8113,64.198,50.1075,-11.8113,50.8369,65.0527,-12.2839,64.99,50.8995,-12.2839,66.678,52.5875,-12.9102,52.5249,66.7407,-12.9102,53.114,67.3298,-13.0182,67.2671,53.1766,-13.0182,54.0183,68.2341,-13.08,68.1714,54.0809,-13.08,69.9548,55.8643,-12.8368,55.8016,70.0174,-12.8368,56.6514,70.8672,-12.5414,70.8046,56.7141,-12.5414,57.4679,71.6837,-12.1377,71.621,57.5305,-12.1377,69.0757,54.9852,-13.0182,54.9226,69.1384,-13.0182,65.818,51.7275,-12.6521,51.6649,65.8807,-12.6521,58.9846,73.2004,-11.0286,73.1377,59.0472,-11.0286,72.4001,58.3096,-11.6315,58.2469,72.4628,-11.6315,59.6767,73.8926,-10.3346,73.8299,59.7394,-10.3346,60.3194,74.5352,-9.55524,74.4725,60.382,-9.55524,60.4136,74.6294,-9.41783,74.5668,60.4763,-9.41784,61.7825,47.692,-9.41784,47.6294,61.8452,-9.41783],
    "materials":[{
        "DbgName":"Mat",
        "DbgIndex":0,
        "depthWrite":true,
        "transparent":false,
        "specularCoef":50,
        "blending":"NormalBlending",
        "DbgColor":15658734,
        "vertexColors":false,
        "doubleSided":false,
        "opacity":1,
        "depthTest":true,
        "colorSpecular":[0.5,0.5,0.5],
        "shading":"phong",
        "wireframe":false,
        "visible":true,
        "colorEmissive":[0,0,0]
    }],
    "colors":[]
}