{
    "uvs":[[0.91613,0.493463,0.831039,0.650398,0.170727,0.650146,0.08496,0.49318,0.67897,0.833828,0.506302,0.993934,0.495178,0.993983,0.323166,0.833908]],
    "colors":[],
    "metadata":{
        "uvs":1,
        "normals":6,
        "faces":3,
        "colors":0,
        "version":3,
        "generator":"io_three",
        "type":"Geometry",
        "vertices":8,
        "materials":1
    },
    "normals":[0.88937,0.457137,0,0.841609,0.540056,0,0.841243,0.540605,0,0.642903,0.765923,0,0.417707,0.908567,0,0.642659,0.766137,0],
    "vertices":[41.7729,41.417,-30.6149,35.6002,53.4261,-24.4422,35.6002,53.4261,24.2136,41.7729,41.4169,30.3864,24.5908,64.7445,-13.3184,11.6524,70.6931,-0.380089,11.6524,70.6931,0.380191,24.5908,64.7445,13.3186],
    "faces":[43,0,1,2,3,0,0,1,2,3,0,1,2,0,43,4,5,6,7,0,4,5,6,7,3,4,4,5,43,1,4,7,2,0,1,4,7,2,1,3,5,2],
    "materials":[{
        "DbgColor":15658734,
        "colorSpecular":[0.5,0.5,0.5],
        "colorEmissive":[0,0,0],
        "opacity":1,
        "depthTest":true,
        "wireframe":false,
        "shading":"phong",
        "transparent":false,
        "doubleSided":false,
        "visible":true,
        "colorDiffuse":[0.64,0.64,0.64],
        "DbgIndex":0,
        "vertexColors":false,
        "specularCoef":50,
        "blending":"NormalBlending",
        "depthWrite":true,
        "DbgName":"__1.001"
    }]
}