{
    "uvs":[[0.167431,0.176666,0.182095,0.176666,0.182095,0.361633,0.167431,0.361633,0.196846,0.176666,0.196846,0.361633,0.211731,0.176666,0.211731,0.361633,0.226803,0.176666,0.226799,0.361633,0.23698,0.176666,0.23698,0.361633,0.252487,0.176666,0.252487,0.361633,0.267998,0.176666,0.267998,0.361633,0.283218,0.176666,0.283218,0.361633,0.298218,0.176666,0.298218,0.361633,0.064831,0.176666,0.079668,0.176666,0.079668,0.361633,0.064829,0.361633,0.0944,0.176666,0.0944,0.361633,0.109055,0.176666,0.109055,0.361633,0.123661,0.176666,0.123661,0.361633,0.138241,0.176666,0.138241,0.361633,0.152824,0.176666,0.152824,0.361633,0.313057,0.176666,0.313057,0.361633,0.327774,0.176666,0.327774,0.361633,0.342415,0.176666,0.342415,0.361633,0.35701,0.176666,0.35701,0.361633,0.37159,0.176666,0.37159,0.361633,0.386177,0.176666,0.386177,0.361633,0.400795,0.176666,0.400795,0.361633,0.415474,0.176666,0.415474,0.361633,0.430237,0.176666,0.430237,0.361633,0.445122,0.176666,0.445122,0.361633,0.460159,0.176666,0.460159,0.361633,0.475395,0.176666,0.475395,0.361633,0.485695,0.176666,0.485695,0.361633,0.501404,0.176651,0.501404,0.361618,0.003577,0.176666,0.019279,0.176666,0.019279,0.361633,0.003577,0.361633,0.034682,0.176666,0.034682,0.361633,0.04985,0.176666,0.04985,0.361633]],
    "colors":[],
    "metadata":{
        "uvs":1,
        "normals":37,
        "faces":34,
        "colors":0,
        "version":3,
        "generator":"io_three",
        "type":"Geometry",
        "vertices":70,
        "materials":1
    },
    "normals":[0.939573,0.265542,-0.21601,0.911039,0.279092,-0.303415,0.874294,0.290292,-0.388928,0.829432,0.29902,-0.471816,0.781426,0.304697,-0.544481,0.73217,0.307871,-0.607532,0.672475,0.309061,-0.672475,0.601489,0.307657,-0.737236,0.525132,0.303385,-0.795068,0.444533,0.296396,-0.845271,0.908902,0.116886,0.40022,0.938139,0.143132,0.315226,0.958983,0.167913,0.228309,0.971526,0.191046,0.14008,0.975799,0.2125,0.051057,0.971923,0.232154,-0.03827,0.959838,0.249855,-0.127445,0.360668,0.286813,-0.887478,0.274453,0.274819,-0.921476,0.18659,0.260567,-0.947233,0.097781,0.244179,-0.964782,0.008484,0.225806,-0.97412,-0.080782,0.205542,-0.97528,-0.169591,0.183538,-0.968261,-0.257454,0.159825,-0.952971,-0.343822,0.134556,-0.929319,-0.427992,0.107852,-0.897305,-0.509201,0.079897,-0.856899,-0.580798,0.053194,-0.812281,-0.641865,0.028565,-0.766259,-0.673818,0.014893,-0.738701,0.738701,0.014893,0.673818,0.771538,0.031281,0.635365,0.771538,0.031281,0.635395,0.825404,0.060701,0.561235,0.871303,0.089328,0.482498,0.871303,0.089328,0.482528],
    "vertices":[49.8574,20.6331,-44.1143,49.646,20.6881,-44.8168,44.9462,41.1388,-40.117,45.1816,40.9792,-39.4386,49.3678,20.7336,-45.5011,44.6481,41.2708,-40.7815,49.0228,20.769,-46.1625,44.2877,41.3737,-41.4274,48.6111,20.7939,-46.796,43.8651,41.4458,-42.05,48.2995,20.8043,-47.2005,43.549,41.4759,-42.4499,47.7765,20.8102,-47.7765,43.0234,41.4932,-43.0234,47.2005,20.8043,-48.2995,42.4499,41.4759,-43.5489,46.5883,20.7868,-48.7558,41.8453,41.4252,-44.0128,45.9449,20.7584,-49.1452,41.2144,41.3427,-44.4147,49.4679,20.0283,-39.1054,49.7239,20.1344,-39.7964,45.266,39.5322,-35.3386,45.0565,39.2244,-34.694,49.913,20.2348,-40.5037,45.4113,39.8236,-36.002,50.0354,20.3291,-41.2226,45.4925,40.0971,-36.6797,50.0911,20.4166,-41.948,45.5099,40.351,-37.3668,50.0799,20.4968,-42.675,45.4638,40.5837,-38.0588,50.0021,20.5691,-43.3988,45.3542,40.7936,-38.751,45.2753,20.7195,-49.4679,40.5618,41.23,-44.7544,44.5844,20.6708,-49.7239,39.8922,41.0886,-45.0316,43.877,20.6127,-49.913,39.2102,40.9201,-45.2462,43.1582,20.5459,-50.0354,38.5205,40.7263,-45.3978,42.4328,20.4709,-50.0911,37.8279,40.5085,-45.4862,41.7058,20.3882,-50.0799,37.137,40.2686,-45.5112,40.982,20.2984,-50.002,36.4525,40.008,-45.4726,40.2664,20.202,-49.8574,35.7791,39.7284,-45.37,39.564,20.0997,-49.646,35.1214,39.4314,-45.2033,38.8796,19.9918,-49.3678,34.4841,39.1185,-44.9723,38.2182,19.8791,-49.0228,33.872,38.7914,-44.6766,37.5847,19.762,-48.6111,33.2897,38.4516,-44.316,37.1803,19.6818,-48.2995,32.9203,38.2189,-44.0395,36.6042,19.5587,-47.7765,32.398,37.8616,-43.5703,47.7765,19.5587,-36.6042,48.2995,19.6818,-37.1803,44.0395,38.2189,-32.9203,43.5703,37.8616,-32.398,48.7558,19.8015,-37.7925,44.4434,38.5662,-33.4802,49.1452,19.9172,-38.4358,44.7823,38.9019,-34.0729],
    "faces":[43,0,1,2,3,0,0,1,2,3,0,1,1,0,43,1,4,5,2,0,1,4,5,2,1,2,2,1,43,4,6,7,5,0,4,6,7,5,2,3,3,2,43,6,8,9,7,0,6,8,9,7,3,4,4,3,43,8,10,11,9,0,8,10,11,9,4,5,5,4,43,10,12,13,11,0,10,12,13,11,5,6,6,5,43,12,14,15,13,0,12,14,15,13,6,7,7,6,43,14,16,17,15,0,14,16,17,15,7,8,8,7,43,16,18,19,17,0,16,18,19,17,8,9,9,8,43,20,21,22,23,0,20,21,22,23,10,11,11,10,43,21,24,25,22,0,21,24,25,22,11,12,12,11,43,24,26,27,25,0,24,26,27,25,12,13,13,12,43,26,28,29,27,0,26,28,29,27,13,14,14,13,43,28,30,31,29,0,28,30,31,29,14,15,15,14,43,30,32,33,31,0,30,32,33,31,15,16,16,15,43,32,0,3,33,0,32,0,3,33,16,0,0,16,43,18,34,35,19,0,18,34,35,19,9,17,17,9,43,34,36,37,35,0,34,36,37,35,17,18,18,17,43,36,38,39,37,0,36,38,39,37,18,19,19,18,43,38,40,41,39,0,38,40,41,39,19,20,20,19,43,40,42,43,41,0,40,42,43,41,20,21,21,20,43,42,44,45,43,0,42,44,45,43,21,22,22,21,43,44,46,47,45,0,44,46,47,45,22,23,23,22,43,46,48,49,47,0,46,48,49,47,23,24,24,23,43,48,50,51,49,0,48,50,51,49,24,25,25,24,43,50,52,53,51,0,50,52,53,51,25,26,26,25,43,52,54,55,53,0,52,54,55,53,26,27,27,26,43,54,56,57,55,0,54,56,57,55,27,28,28,27,43,56,58,59,57,0,56,58,59,57,28,29,29,28,43,58,60,61,59,0,58,60,61,59,29,30,30,29,43,62,63,64,65,0,62,63,64,65,31,32,33,31,43,63,66,67,64,0,63,66,67,64,32,34,34,33,43,66,68,69,67,0,66,68,69,67,34,35,36,34,43,68,20,23,69,0,68,20,23,69,35,10,10,36],
    "materials":[{
        "DbgColor":15658734,
        "colorSpecular":[0.5,0.5,0.5],
        "colorEmissive":[0,0,0],
        "opacity":1,
        "depthTest":true,
        "wireframe":false,
        "shading":"phong",
        "transparent":false,
        "doubleSided":false,
        "visible":true,
        "colorDiffuse":[0.64,0.64,0.64],
        "DbgIndex":0,
        "vertexColors":false,
        "specularCoef":50,
        "blending":"NormalBlending",
        "depthWrite":true,
        "DbgName":"__1.001"
    }]
}