{
    "uvs":[[0.373327,1,0.375,1,0.376673,1,0.671478,0.828659,0.499954,0.995668,0.499634,0.995668,0.328606,0.829334,0.828796,0.649773,0.172672,0.649773,0.943588,0.450851,0.056745,0.450317,1,0.236206,0.00062,0.235428,-0.000281,0.011993,0.999283,0.012527]],
    "colors":[],
    "metadata":{
        "uvs":1,
        "normals":8,
        "faces":6,
        "colors":0,
        "version":3,
        "generator":"io_three",
        "type":"Geometry",
        "vertices":13,
        "materials":1
    },
    "normals":[0,0.948332,-0.317209,0,1,0,0,0.766137,-0.642628,0,0.540391,-0.841395,0,0.316965,-0.948424,0,0.104099,-0.994537,0,0,-1,0,0,-0.999969],
    "vertices":[-0.380129,70.6931,-11.5524,1e-05,70.6931,-11.1723,0.380151,70.6931,-11.5524,-13.3185,64.7445,-24.4908,13.3185,64.7445,-24.4908,-24.3279,53.4316,-35.5002,24.3279,53.4315,-35.5002,-32.3309,37.8616,-43.5032,32.3309,37.8616,-43.5031,-36.5335,19.5587,-47.7058,36.5335,19.5587,-47.7058,36.5335,-5e-06,-47.7058,-36.5335,4e-06,-47.7058],
    "faces":[42,0,1,2,0,0,1,2,0,1,0,43,3,0,2,4,0,3,4,5,6,2,0,0,2,43,5,3,4,6,0,7,3,6,8,3,2,2,3,43,7,5,6,8,0,9,7,8,10,4,3,3,4,43,9,7,8,10,0,11,9,10,12,5,4,4,5,43,10,11,12,9,0,12,13,14,11,5,6,7,5],
    "materials":[{
        "DbgColor":15658734,
        "colorSpecular":[0.5,0.5,0.5],
        "colorEmissive":[0,0,0],
        "opacity":1,
        "depthTest":true,
        "wireframe":false,
        "shading":"phong",
        "transparent":false,
        "doubleSided":false,
        "visible":true,
        "colorDiffuse":[0.64,0.64,0.64],
        "DbgIndex":0,
        "vertexColors":false,
        "specularCoef":50,
        "blending":"NormalBlending",
        "depthWrite":true,
        "DbgName":"__2.001"
    }]
}