{
    "uvs":[[0.985382,0.281372,0.94136,0.44693,0.892105,0.315277,0.893387,0.309708,0.931374,0.280364,0.068448,0.280489,0.105316,0.309708,0.106308,0.314194,0.05953,0.44664,0.01622,0.281566,0.506302,0.993934,0.50029,0.999871,0.495178,0.993983,0.67897,0.833828,0.323166,0.833908,0.831039,0.650398,0.170727,0.650146,0.91613,0.493463,0.08496,0.49318,0.866241,0.280396,0.856537,0.280365,0.99968,0.2276,0.497589,0.280365,0.873935,0.28066,0.87355,0.280823,0.870705,0.280656,0.142273,0.280365,0.878239,0.280639,0.881616,0.280622,0.002154,0.227951,0.126938,0.28064,0.885121,0.280625,0.12163,0.280646,0.122757,0.281143,0.888791,0.280613,0.117214,0.28063,0.892611,0.280593,0.113747,0.280637,0.896583,0.280575,0.110123,0.28063,0.900703,0.280566,0.106358,0.280617,0.90493,0.280534,0.102436,0.280606,0.91071,0.280517,0.09843,0.280606,0.09427,0.280583,0.916559,0.28047,0.090044,0.280585,0.918216,0.280471,0.087197,0.280569,0.91989,0.280463,0.082888,0.280547,0.922643,0.280451,0.081258,0.280552,0.926741,0.280408,0.079091,0.280548,0.076418,0.280532,0.07295,0.280517,0.891464,0.317154,0.879959,0.346161,0.868668,0.371353,0.862442,0.381683,0.107254,0.317154,0.857483,0.388565,0.12088,0.351425,0.853058,0.394028,0.136276,0.381683,0.845383,0.4021,0.14476,0.392944,0.152359,0.401154,0.837967,0.408554,0.159698,0.407669,0.831024,0.413544,0.16655,0.412735,0.823471,0.41803,0.173981,0.417313,0.815277,0.422012,0.182068,0.421387,0.806366,0.425385,0.186356,0.423187,0.795868,0.428467,0.192352,0.425385,0.785461,0.430649,0.20195,0.428223,0.772171,0.432449,0.213257,0.430649,0.756561,0.433365,0.226578,0.432449,0.497589,0.433365,0.242233,0.433365,0.003167,0,1,0,0.87677,0.281281,0.879028,0.281784,0.881134,0.282471,0.883118,0.283325,0.119736,0.281784,0.884964,0.284378,0.11763,0.282471,0.886688,0.28566,0.115646,0.283325,0.888306,0.287201,0.1138,0.284378,0.889801,0.288986,0.112061,0.28566,0.891647,0.291855,0.110489,0.287201,0.108978,0.288986,0.893311,0.295258,0.10759,0.291092,0.893692,0.296387,0.10672,0.292648,0.893967,0.297638,0.105469,0.295258,0.894211,0.299957,0.105072,0.296387,0.894135,0.304016,0.104736,0.29808,0.104523,0.30043,0.104599,0.304016]],
    "colors":[],
    "metadata":{
        "uvs":1,
        "normals":18,
        "faces":115,
        "colors":0,
        "version":3,
        "generator":"io_three",
        "type":"Geometry",
        "vertices":121,
        "materials":1
    },
    "normals":[0.974609,0.223792,0,0.974609,0.223762,0,0.947966,0.318339,0,0.948729,0.316019,0,0.317209,0.948332,0,0,1,0,0.642903,0.765923,0,0.642659,0.766137,0,0.841609,0.540056,0,0.841243,0.540605,0,0.889187,0.457472,0,0.994537,0.104099,0,0.974639,0.22364,0,0.974639,0.223762,0,0.974639,0.223731,0,0.974609,0.223823,0,0.999969,0,0,0.974639,0.223701,0],
    "vertices":[46.6755,24.0459,-35.5031,43.5032,37.8616,-32.3308,45.9929,27.0184,-28.2335,46.1025,26.5414,-28.3258,46.6755,24.0459,-31.2591,46.6754,24.0459,31.2622,46.1024,26.5414,28.3307,46.0143,26.9253,28.2602,43.5031,37.8616,32.3309,46.6754,24.0459,35.5032,11.5524,70.6931,-0.38013,11.1723,70.6931,9e-06,11.5524,70.6931,0.38015,24.4908,64.7445,-13.3185,24.4908,64.7445,13.3185,35.5002,53.4261,-24.4422,35.5002,53.4261,24.2136,41.6729,41.417,-30.6149,41.6729,41.4169,30.3864,46.6804,24.0244,-26.3814,46.6812,24.0209,-25.6873,47.7058,19.5587,-36.5335,46.6812,24.0209,0.002554,46.6755,24.0459,-26.9343,46.6723,24.0596,-26.9049,46.6755,24.0459,-26.7011,46.6812,24.0209,25.6874,46.6755,24.0459,-27.2488,46.6755,24.0459,-27.4959,47.7058,19.5587,36.5336,46.6754,24.0459,26.7841,46.6755,24.0459,-27.7545,46.6754,24.0459,27.171,46.6657,24.0882,27.0826,46.6755,24.0459,-28.0258,46.6754,24.0459,27.4978,46.6755,24.0459,-28.3102,46.6754,24.0459,27.7562,46.6755,24.0459,-28.6072,46.6754,24.0459,28.0272,46.6755,24.0459,-28.9158,46.6754,24.0459,28.3113,46.6755,24.0459,-29.2344,46.6754,24.0459,28.608,46.6755,24.0459,-29.6709,46.6754,24.0459,28.9164,46.6754,24.0459,29.2348,46.6755,24.0459,-30.1151,46.6754,24.0459,29.561,46.6755,24.0459,-30.2413,46.6754,24.0459,29.7816,46.6755,24.0459,-30.3693,46.6754,24.0459,30.1152,46.6755,24.0459,-30.581,46.6754,24.0459,30.242,46.6755,24.0459,-30.8982,46.6754,24.0459,30.4135,46.6754,24.0459,30.6245,46.6754,24.0459,30.901,45.9558,27.1802,-28.1876,45.3838,29.6713,-27.3646,44.8873,31.8336,-26.5555,44.6834,32.7217,-26.11,45.9557,27.1802,28.1927,44.5477,33.3128,-25.7551,45.2802,30.1224,27.2169,44.4404,33.7799,-25.4392,44.6833,32.7217,26.1151,44.2807,34.4756,-24.8899,44.4614,33.6884,25.5086,44.2998,34.3923,24.9656,44.1537,35.0284,-24.3589,44.1711,34.9527,24.4411,44.0552,35.4577,-23.8616,44.0709,35.3891,23.9502,43.9666,35.8435,-23.3214,43.9806,35.7823,23.4175,43.8885,36.1834,-22.7346,43.9007,36.1301,22.8393,43.8215,36.4753,-22.0974,43.8649,36.2862,22.532,43.7611,36.7384,-21.3454,43.8215,36.4752,22.1025,43.7179,36.9266,-20.6014,43.7656,36.7188,21.4154,43.6824,37.0809,-19.6502,43.7178,36.9266,20.606,43.6641,37.1609,-18.5329,43.6824,37.0809,19.6535,43.664,37.1609,0.002553,43.664,37.1609,18.5329,47.7058,6e-06,36.5336,47.7058,6e-06,-36.5335,46.663,24.1002,-27.1365,46.6529,24.1442,-27.2978,46.6396,24.2021,-27.449,46.6228,24.2755,-27.5905,46.6529,24.1442,27.2998,46.6019,24.3664,-27.7229,46.6396,24.2021,27.4508,46.5766,24.4766,-27.8464,46.6227,24.2755,27.592,46.5464,24.608,-27.9616,46.6019,24.3664,27.7241,46.511,24.7624,-28.069,46.5766,24.4766,27.8473,46.4547,25.0073,-28.2006,46.5464,24.608,27.9623,46.5109,24.7624,28.0693,46.3873,25.3009,-28.32,46.4697,24.9417,28.169,46.3653,25.3967,-28.3471,46.4389,25.076,28.2316,46.3407,25.5038,-28.3667,46.3873,25.3009,28.32,46.2952,25.702,-28.3841,46.3653,25.3967,28.348,46.2149,26.0519,-28.379,46.332,25.5416,28.3735,46.2855,25.744,28.3884,46.2148,26.0519,28.3829],