{
    "faces":[43,0,1,2,3,0,0,1,2,3,0,0,1,1,43,4,5,6,7,0,4,5,6,7,2,2,3,3,43,5,4,3,2,0,5,4,3,2,2,2,1,1,43,8,9,7,6,0,8,9,7,6,4,4,3,3,43,10,11,12,13,0,10,11,12,13,5,5,6,6,43,14,15,16,17,0,14,15,16,17,7,7,8,8,43,18,19,15,14,0,18,19,15,14,9,9,7,7,43,20,21,22,23,0,20,21,22,23,10,10,11,11,43,24,25,26,27,0,24,25,26,27,12,12,13,13,43,19,18,28,29,0,19,18,28,29,9,9,14,14,43,30,31,23,22,0,30,31,23,22,15,15,11,11,43,9,8,13,12,0,9,8,13,12,4,4,6,6,43,11,10,17,16,0,11,10,17,16,5,5,8,8,43,29,28,31,30,0,29,28,31,30,14,14,15,15,43,21,20,27,26,0,21,20,27,26,10,10,13,13,43,25,24,32,33,0,25,24,32,33,12,12,16,16],
    "normals":[0.627369,0,0.77871,0.590777,0,0.806787,0.513688,0,0.857967,0.431501,0,0.902097,0.344737,0,0.938688,0.168187,0,0.985748,0.254036,0,0.967162,0,0,1,0.088473,0,0.996063,-0.096438,0,0.995331,-0.459426,0,0.88818,-0.374126,0,0.927366,-0.615314,0,0.788263,-0.539964,0,0.84167,-0.191778,0,0.981414,-0.284677,0,0.958617,-0.650929,0,0.759087],
    "vertices":[-43.2412,6.10122,7.17943,-43.2412,56.1012,7.17943,-43.9229,56.1012,7.72863,-43.9229,6.10122,7.72862,-44.6543,6.10122,8.21407,-44.6543,56.1012,8.21407,-45.4314,56.1012,8.63158,-45.4314,6.10122,8.63158,-46.2499,56.1012,8.97697,-46.2499,6.10122,8.97696,-47.9944,56.1012,9.43464,-47.9944,6.10122,9.43463,-47.1056,6.10122,9.24604,-47.1056,56.1012,9.24605,-49.5377,56.1012,9.55871,-49.5377,6.10122,9.5587,-48.6032,6.10122,9.51357,-48.6032,56.1012,9.51358,-50.4723,56.1012,9.51358,-50.4723,6.10122,9.51357,-53.9079,56.1012,8.50022,-53.9079,6.10122,8.50021,-53.1028,6.10122,8.87011,-53.1028,56.1012,8.87011,-55.3856,56.1012,7.55244,-55.3856,6.10122,7.55243,-54.6703,6.10122,8.05959,-54.6703,56.1012,8.0596,-51.3808,56.1012,9.38098,-51.3808,6.10122,9.38097,-52.259,6.10122,9.16509,-52.259,56.1012,9.16509,-56.0497,56.1012,6.98293,-56.0497,6.10122,6.98292],
    "metadata":{
        "generator":"io_three",
        "materials":1,
        "normals":17,
        "uvs":1,
        "vertices":34,
        "faces":16,
        "type":"Geometry",
        "version":3,
        "colors":0
    },
    "materials":[{
        "doubleSided":false,
        "specularCoef":50,
        "depthTest":true,
        "wireframe":false,
        "DbgIndex":0,
        "DbgName":"Mat",
        "transparent":false,
        "opacity":1,
        "shading":"phong",
        "DbgColor":15658734,
        "colorDiffuse":[0.64,0.64,0.64],
        "depthWrite":true,
        "colorSpecular":[0.5,0.5,0.5],
        "colorEmissive":[0,0,0],
        "visible":true,
        "vertexColors":false,
        "blending":"NormalBlending"
    }],
    "uvs":[[0.635,0.971411,0.635,0.740002,0.65,0.742786,0.65,0.971717,0.665,0.972038,0.665,0.745707,0.68,0.748738,0.68,0.972371,0.695,0.751854,0.695,0.972714,0.725,0.758243,0.725,0.973416,0.71,0.973063,0.71,0.755029,0.75,0.763628,0.75,0.974009,0.735,0.973653,0.735,0.760396,0.765,0.766773,0.765,0.974354,0.825,0.777651,0.825,0.97555,0.81,0.97528,0.81,0.775193,0.855,0.782023,0.855,0.976031,0.84,0.975801,0.84,0.779928,0.78,0.769752,0.78,0.974682,0.795,0.974991,0.795,0.772559,0.87,0.783933,0.87,0.976241]],
    "colors":[]
}