{
    "faces":[43,0,1,2,3,0,0,1,2,3,0,0,1,1,43,4,5,6,7,0,4,5,6,7,2,2,3,3,43,8,9,10,11,0,8,9,10,11,4,4,5,5,43,12,13,14,15,0,12,13,14,15,6,6,7,7,43,16,17,18,19,0,16,17,18,19,8,8,9,9,43,20,21,22,23,0,20,21,22,23,10,10,11,11,43,24,25,3,2,0,24,25,3,2,12,12,1,1,43,5,4,25,24,0,5,4,25,24,2,2,12,12,43,17,16,7,6,0,17,16,7,6,8,8,3,3,43,9,8,19,18,0,9,8,19,18,4,4,9,9,43,13,12,11,10,0,13,12,11,10,6,6,5,5,43,26,27,15,14,0,26,27,15,14,13,13,7,7,43,21,20,27,26,0,21,20,27,26,10,10,13,13,43,28,29,23,22,0,28,29,23,22,14,14,11,11,43,30,31,29,28,0,30,31,29,28,15,15,14,14,43,1,0,32,33,0,1,0,32,33,0,0,16,16],
    "normals":[-0.590777,0,0.806787,-0.513688,0,0.857967,-0.344737,0,0.938688,-0.254036,0,0.967162,0,0,1,0.096438,0,0.995331,0.191778,0,0.981414,0.284677,0,0.958617,-0.168187,0,0.985748,-0.088473,0,0.996063,0.459426,0,0.88818,0.539964,0,0.84167,-0.431501,0,0.902097,0.374126,0,0.927366,0.615314,0,0.788263,0.650929,0,0.759087,-0.627369,0,0.77871],
    "vertices":[43.9229,56.1012,7.72863,43.9229,6.10122,7.72862,44.6543,6.10122,8.21407,44.6543,56.1012,8.21407,46.2499,56.1012,8.97697,46.2499,6.10122,8.97696,47.1056,6.10122,9.24604,47.1056,56.1012,9.24605,49.5377,56.1012,9.55871,49.5377,6.10122,9.5587,50.4723,6.10122,9.51357,50.4723,56.1012,9.51358,51.3808,56.1012,9.38098,51.3808,6.10122,9.38097,52.259,6.10122,9.16509,52.259,56.1012,9.16509,47.9944,56.1012,9.43464,47.9944,6.10122,9.43463,48.6032,6.10122,9.51357,48.6032,56.1012,9.51358,53.9079,56.1012,8.50022,53.9079,6.10122,8.50021,54.6703,6.10122,8.05959,54.6703,56.1012,8.0596,45.4314,6.10122,8.63158,45.4314,56.1012,8.63158,53.1028,6.10122,8.87011,53.1028,56.1012,8.87011,55.3856,6.10122,7.55243,55.3856,56.1012,7.55244,56.0497,6.10122,6.98292,56.0497,56.1012,6.98293,43.2412,56.1012,7.17943,43.2412,6.10122,7.17943],
    "metadata":{
        "generator":"io_three",
        "materials":1,
        "normals":17,
        "uvs":1,
        "vertices":34,
        "faces":16,
        "type":"Geometry",
        "version":3,
        "colors":0
    },
    "materials":[{
        "doubleSided":false,
        "specularCoef":50,
        "depthTest":true,
        "wireframe":false,
        "DbgIndex":0,
        "DbgName":"Mat",
        "transparent":false,
        "opacity":1,
        "shading":"phong",
        "DbgColor":15658734,
        "colorDiffuse":[0.64,0.64,0.64],
        "depthWrite":true,
        "colorSpecular":[0.5,0.5,0.5],
        "colorEmissive":[0,0,0],
        "visible":true,
        "vertexColors":false,
        "blending":"NormalBlending"
    }],
    "uvs":[[0.65,0.257214,0.65,0.028283,0.665,0.027962,0.665,0.254293,0.695,0.248147,0.695,0.027286,0.71,0.026937,0.71,0.244971,0.75,0.236372,0.75,0.025991,0.765,0.025646,0.765,0.233227,0.78,0.230248,0.78,0.025318,0.795,0.025009,0.795,0.227441,0.725,0.241757,0.725,0.026584,0.735,0.026347,0.735,0.239604,0.825,0.22235,0.825,0.02445,0.84,0.024199,0.84,0.220072,0.68,0.027629,0.68,0.251262,0.81,0.02472,0.81,0.224807,0.855,0.023969,0.855,0.217977,0.87,0.023759,0.87,0.216067,0.635,0.259998,0.635,0.028589]],
    "colors":[]
}