{
    "colors":[],
    "vertices":[43.2412,6.10122,-7.16504,43.2412,56.1012,-7.16504,43.9229,56.1012,-7.71423,43.9229,6.10122,-7.71424,44.6543,6.10122,-8.19968,44.6543,56.1012,-8.19967,45.4314,56.1012,-8.61718,45.4314,6.10122,-8.61719,46.2499,56.1012,-8.96257,46.2499,6.10122,-8.96257,47.9944,56.1012,-9.42024,47.9944,6.10122,-9.42024,47.1056,6.10122,-9.23166,47.1056,56.1012,-9.23165,49.5377,56.1012,-9.54431,49.5377,6.10122,-9.54431,48.6032,6.10122,-9.49918,48.6032,56.1012,-9.49918,50.4723,56.1012,-9.49918,50.4723,6.10122,-9.49918,53.9079,56.1012,-8.48582,53.9079,6.10122,-8.48582,53.1028,6.10122,-8.85572,53.1028,56.1012,-8.85571,55.3856,56.1012,-7.53804,55.3856,6.10122,-7.53805,54.6703,6.10122,-8.0452,54.6703,56.1012,-8.0452,51.3808,56.1012,-9.36658,51.3808,6.10122,-9.36658,52.259,6.10122,-9.1507,52.259,56.1012,-9.15069,56.0497,56.1012,-6.96853,56.0497,6.10122,-6.96854],
    "materials":[{
        "DbgIndex":0,
        "DbgName":"Mat",
        "mapDiffuseAnisotropy":1,
        "specularCoef":50,
        "mapDiffuseRepeat":[1,1],
        "colorEmissive":[0,0,0],
        "colorDiffuse":[0.64,0.64,0.64],
        "mapDiffuse":null,
        "doubleSided":false,
        "shading":"phong",
        "DbgColor":15658734,
        "visible":true,
        "mapDiffuseWrap":["repeat","repeat"],
        "transparent":false,
        "colorSpecular":[0.5,0.5,0.5],
        "depthTest":true,
        "vertexColors":false,
        "depthWrite":true,
        "blending":"NormalBlending",
        "opacity":1,
        "wireframe":false
    }],
    "uvs":[[-0.123048,0.331268,1.10819,0.331268,1.10819,0.348054,-0.123048,0.348054,-0.123048,0.366066,1.10819,0.366065,1.10819,0.3852,-0.123048,0.385201,1.10819,0.405356,-0.123048,0.405356,1.10819,0.448313,-0.123048,0.448314,-0.123048,0.426428,1.10819,0.426428,1.10819,0.486319,-0.123048,0.486318,-0.123048,0.463305,1.10819,0.463305,1.10819,0.509332,-0.123048,0.509332,1.10819,0.593933,-0.123048,0.593933,-0.123048,0.574107,1.10819,0.574107,1.10819,0.63032,-0.123048,0.63032,-0.123048,0.612706,1.10819,0.612706,1.10819,0.531703,-0.123048,0.531703,-0.123048,0.553329,1.10819,0.553329,1.10819,0.646674,-0.123048,0.646674]],
    "normals":[-0.627369,0,-0.77871,-0.590777,0,-0.806787,-0.513688,0,-0.857967,-0.431501,0,-0.902097,-0.344737,0,-0.938688,-0.168187,0,-0.985748,-0.254036,0,-0.967162,0,0,-1,-0.088473,0,-0.996063,0.096438,0,-0.995331,0.459426,0,-0.88818,0.374126,0,-0.927366,0.615314,0,-0.788263,0.539964,0,-0.84167,0.191778,0,-0.981414,0.284677,0,-0.958617,0.650929,0,-0.759087],
    "metadata":{
        "colors":0,
        "vertices":34,
        "type":"Geometry",
        "version":3,
        "materials":1,
        "uvs":1,
        "normals":17,
        "faces":16,
        "generator":"io_three"
    },
    "faces":[43,0,1,2,3,0,0,1,2,3,0,0,1,1,43,4,5,6,7,0,4,5,6,7,2,2,3,3,43,5,4,3,2,0,5,4,3,2,2,2,1,1,43,8,9,7,6,0,8,9,7,6,4,4,3,3,43,10,11,12,13,0,10,11,12,13,5,5,6,6,43,14,15,16,17,0,14,15,16,17,7,7,8,8,43,18,19,15,14,0,18,19,15,14,9,9,7,7,43,20,21,22,23,0,20,21,22,23,10,10,11,11,43,24,25,26,27,0,24,25,26,27,12,12,13,13,43,19,18,28,29,0,19,18,28,29,9,9,14,14,43,30,31,23,22,0,30,31,23,22,15,15,11,11,43,9,8,13,12,0,9,8,13,12,4,4,6,6,43,11,10,17,16,0,11,10,17,16,5,5,8,8,43,29,28,31,30,0,29,28,31,30,14,14,15,15,43,21,20,27,26,0,21,20,27,26,10,10,13,13,43,25,24,32,33,0,25,24,32,33,12,12,16,16]
}