{
    "colors":[],
    "vertices":[40.0933,66.7861,-9.23165,-39.9067,66.7861,-9.23165,-39.9067,67.6749,-9.42024,40.0933,67.6749,-9.42024,40.0933,68.2837,-9.49918,-39.9067,68.2837,-9.49918,-39.9067,69.2183,-9.54431,40.0933,69.2183,-9.54431,-39.9067,70.1528,-9.49918,40.0933,70.1528,-9.49918,40.0933,71.0613,-9.36657,-39.9067,71.0613,-9.36657,-39.9067,71.9395,-9.15069,40.0933,71.9395,-9.15069,40.0933,72.7833,-8.85571,-39.9067,72.7833,-8.85571,-39.9067,73.5884,-8.48582,40.0933,73.5884,-8.48582,40.0933,65.9304,-8.96257,-39.9067,65.9304,-8.96257,-39.9067,64.3348,-8.19967,40.0933,64.3348,-8.19967,40.0933,63.6034,-7.71423,-39.9067,63.6034,-7.71423,40.0933,65.1119,-8.61718,-39.9067,65.1119,-8.61718,-39.9067,74.3508,-8.0452,40.0933,74.3508,-8.0452,-39.9067,75.0661,-7.53804,40.0933,75.0661,-7.53804,-39.9067,75.7302,-6.96853,40.0933,75.7302,-6.96853,40.0933,62.9217,-7.16503,-39.9067,62.9217,-7.16503,-39.9067,62.676,-6.92676,40.0933,62.676,-6.92676],
    "materials":[{
        "DbgIndex":0,
        "DbgName":"Mat_2",
        "mapDiffuseAnisotropy":1,
        "specularCoef":50,
        "mapDiffuseRepeat":[1,1],
        "colorEmissive":[0,0,0],
        "colorDiffuse":[0.64,0.64,0.64],
        "mapDiffuse":null,
        "doubleSided":false,
        "shading":"phong",
        "DbgColor":15658734,
        "visible":true,
        "mapDiffuseWrap":["repeat","repeat"],
        "transparent":false,
        "colorSpecular":[0.5,0.5,0.5],
        "depthTest":true,
        "vertexColors":false,
        "depthWrite":true,
        "blending":"NormalBlending",
        "opacity":1,
        "wireframe":false
    }],
    "uvs":[[-0.207652,0.458348,1.19084,0.458348,1.19084,0.473885,-0.207652,0.473885,-0.207652,0.484528,1.19084,0.484528,1.19084,0.500865,-0.207652,0.500865,1.19084,0.517202,-0.207652,0.517202,-0.207652,0.533083,1.19084,0.533083,1.19084,0.548436,-0.207652,0.548436,-0.207652,0.563186,1.19084,0.563186,1.19084,0.577261,-0.207652,0.577261,-0.207652,0.443389,1.19084,0.443389,1.19084,0.415497,-0.207652,0.415497,-0.207652,0.40271,1.19084,0.40271,-0.207652,0.429081,1.19084,0.429081,1.19084,0.590587,-0.207652,0.590587,1.19084,0.603092,-0.207652,0.603092,1.19084,0.614702,-0.207652,0.614702,-0.207652,0.390794,1.19084,0.390794,1.19084,0.386499,-0.207652,0.386499]],
    "normals":[0,-0.254036,-0.967162,0,-0.168187,-0.985748,0,-0.088473,-0.996063,0,0,-1,0,0.096438,-0.995331,0,0.191778,-0.981414,0,0.284677,-0.958617,0,0.374126,-0.927366,0,0.459426,-0.88818,0,-0.344737,-0.938688,0,-0.513688,-0.857967,0,-0.590777,-0.806787,0,-0.431501,-0.902097,0,0.539964,-0.84167,0,0.615314,-0.788263,0,0.65096,-0.759087,0,-0.662465,-0.749046,0,-0.696188,-0.717826],
    "metadata":{
        "colors":0,
        "vertices":36,
        "type":"Geometry",
        "version":3,
        "materials":1,
        "uvs":1,
        "normals":18,
        "faces":17,
        "generator":"io_three"
    },
    "faces":[43,0,1,2,3,0,0,1,2,3,0,0,1,1,43,4,5,6,7,0,4,5,6,7,2,2,3,3,43,7,6,8,9,0,7,6,8,9,3,3,4,4,43,10,11,12,13,0,10,11,12,13,5,5,6,6,43,14,15,16,17,0,14,15,16,17,7,7,8,8,43,1,0,18,19,0,1,0,18,19,0,0,9,9,43,13,12,15,14,0,13,12,15,14,6,6,7,7,43,20,21,22,23,0,20,21,22,23,10,10,11,11,43,19,18,24,25,0,19,18,24,25,9,9,12,12,43,5,4,3,2,0,5,4,3,2,2,2,1,1,43,11,10,9,8,0,11,10,9,8,5,5,4,4,43,26,27,17,16,0,26,27,17,16,13,13,8,8,43,28,29,27,26,0,28,29,27,26,14,14,13,13,43,30,31,29,28,0,30,31,29,28,15,15,14,14,43,23,22,32,33,0,23,22,32,33,11,11,16,16,43,25,24,21,20,0,25,24,21,20,12,12,10,10,43,34,33,32,35,0,34,33,32,35,17,16,16,17]
}