{
    "colors":[],
    "vertices":[-43.9229,56.1012,-7.71423,-43.9229,6.10122,-7.71424,-44.6543,6.10122,-8.19968,-44.6543,56.1012,-8.19967,-46.2499,56.1012,-8.96257,-46.2499,6.10122,-8.96257,-47.1056,6.10122,-9.23166,-47.1056,56.1012,-9.23165,-49.5377,56.1012,-9.54431,-49.5377,6.10122,-9.54431,-50.4723,6.10122,-9.49918,-50.4723,56.1012,-9.49918,-51.3808,56.1012,-9.36658,-51.3808,6.10122,-9.36658,-52.259,6.10122,-9.1507,-52.259,56.1012,-9.15069,-47.9944,56.1012,-9.42024,-47.9944,6.10122,-9.42024,-48.6032,6.10122,-9.49918,-48.6032,56.1012,-9.49918,-53.9079,56.1012,-8.48582,-53.9079,6.10122,-8.48582,-54.6703,6.10122,-8.0452,-54.6703,56.1012,-8.0452,-45.4314,6.10122,-8.61719,-45.4314,56.1012,-8.61718,-53.1028,6.10122,-8.85572,-53.1028,56.1012,-8.85571,-55.3856,6.10122,-7.53805,-55.3856,56.1012,-7.53804,-56.0497,6.10122,-6.96854,-56.0497,56.1012,-6.96853,-43.2412,56.1012,-7.16504,-43.2412,6.10122,-7.16504],
    "materials":[{
        "DbgIndex":0,
        "DbgName":"Mat",
        "mapDiffuseAnisotropy":1,
        "specularCoef":50,
        "mapDiffuseRepeat":[1,1],
        "colorEmissive":[0,0,0],
        "colorDiffuse":[0.64,0.64,0.64],
        "mapDiffuse":null,
        "doubleSided":false,
        "shading":"phong",
        "DbgColor":15658734,
        "visible":true,
        "mapDiffuseWrap":["repeat","repeat"],
        "transparent":false,
        "colorSpecular":[0.5,0.5,0.5],
        "depthTest":true,
        "vertexColors":false,
        "depthWrite":true,
        "blending":"NormalBlending",
        "opacity":1,
        "wireframe":false
    }],
    "uvs":[[-0.097604,0.353179,1.08885,0.353179,1.08885,0.370536,-0.097604,0.370536,-0.097604,0.408397,1.08885,0.408397,1.08885,0.428702,-0.097604,0.428702,-0.097604,0.486415,1.08885,0.486415,1.08885,0.508591,-0.097604,0.508591,-0.097604,0.530149,1.08885,0.530149,1.08885,0.550988,-0.097604,0.550988,-0.097604,0.449792,1.08885,0.449792,1.08885,0.464239,-0.097604,0.464239,-0.097604,0.590116,1.08885,0.590116,1.08885,0.608205,-0.097604,0.608205,1.08885,0.388975,-0.097604,0.388975,1.08885,0.57101,-0.097604,0.57101,1.08885,0.625179,-0.097604,0.625179,1.08885,0.640938,-0.097604,0.640938,-0.097604,0.337004,1.08885,0.337004]],
    "normals":[0.590777,0,-0.806787,0.513688,0,-0.857967,0.344737,0,-0.938688,0.254036,0,-0.967162,0,0,-1,-0.096438,0,-0.995331,-0.191778,0,-0.981414,-0.284677,0,-0.958617,0.168187,0,-0.985748,0.088473,0,-0.996063,-0.459426,0,-0.88818,-0.539964,0,-0.84167,0.431501,0,-0.902097,-0.374126,0,-0.927366,-0.615314,0,-0.788263,-0.650929,0,-0.759087,0.627369,0,-0.77871],
    "metadata":{
        "colors":0,
        "vertices":34,
        "type":"Geometry",
        "version":3,
        "materials":1,
        "uvs":1,
        "normals":17,
        "faces":16,
        "generator":"io_three"
    },
    "faces":[43,0,1,2,3,0,0,1,2,3,0,0,1,1,43,4,5,6,7,0,4,5,6,7,2,2,3,3,43,8,9,10,11,0,8,9,10,11,4,4,5,5,43,12,13,14,15,0,12,13,14,15,6,6,7,7,43,16,17,18,19,0,16,17,18,19,8,8,9,9,43,20,21,22,23,0,20,21,22,23,10,10,11,11,43,24,25,3,2,0,24,25,3,2,12,12,1,1,43,5,4,25,24,0,5,4,25,24,2,2,12,12,43,17,16,7,6,0,17,16,7,6,8,8,3,3,43,9,8,19,18,0,9,8,19,18,4,4,9,9,43,13,12,11,10,0,13,12,11,10,6,6,5,5,43,26,27,15,14,0,26,27,15,14,13,13,7,7,43,21,20,27,26,0,21,20,27,26,10,10,13,13,43,28,29,23,22,0,28,29,23,22,14,14,11,11,43,30,31,29,28,0,30,31,29,28,15,15,14,14,43,1,0,32,33,0,1,0,32,33,0,0,16,16]
}