{
    "faces":[43,0,1,2,3,0,0,1,2,3,0,1,2,0,43,1,4,5,2,0,1,4,5,2,1,3,4,2,43,4,6,7,5,0,4,6,7,5,3,5,6,4,43,6,8,9,7,0,6,8,9,7,5,7,8,6,43,8,10,11,9,0,8,10,11,9,7,9,10,8,43,10,12,13,11,0,10,12,13,11,9,11,12,10,43,12,14,15,13,0,12,14,15,13,11,13,14,12,43,14,16,17,15,0,14,16,17,15,13,15,16,14,43,16,18,19,17,0,16,18,19,17,15,17,18,16,43,18,20,21,19,0,18,20,21,19,17,19,20,18,43,20,22,23,21,0,20,22,23,21,19,21,22,20,43,22,24,25,23,0,22,24,25,23,21,23,24,22,43,24,26,27,25,0,24,26,27,25,23,25,26,24,43,26,28,29,27,0,26,28,29,27,25,27,28,26,43,28,30,31,29,0,28,30,31,29,27,29,30,28,43,30,32,33,31,0,30,32,33,31,29,31,31,30],
    "materials":[],
    "uvs":[[0.635,0.800669,0.65,0.798824,0.65,0.655649,0.635,0.653776,0.665,0.796945,0.665,0.657557,0.68,0.795055,0.68,0.659475,0.695,0.793174,0.695,0.661386,0.71,0.791316,0.71,0.663272,0.725,0.789496,0.725,0.665121,0.735,0.788308,0.735,0.666327,0.75,0.786571,0.75,0.66809,0.765,0.784932,0.765,0.669755,0.78,0.783423,0.78,0.671287,0.795,0.782039,0.795,0.672692,0.81,0.780773,0.81,0.673978,0.825,0.779619,0.825,0.67515,0.84,0.778572,0.84,0.676213,0.855,0.777627,0.855,0.677172,0.87,0.776781,0.87,0.678032]],
    "vertices":[-46.9781,30.203,-8.82973,-47.707,30.6195,-9.50611,-32.6668,56.67,-9.5061,-31.9388,56.2519,-8.82973,-48.4892,31.0665,-10.104,-33.448,57.1186,-10.104,-49.3201,31.5413,-10.6182,-34.2779,57.5952,-10.6182,-50.1953,32.0414,-11.0435,-35.152,58.0972,-11.0435,-51.1103,32.5643,-11.3749,-36.0659,58.6221,-11.3749,-52.0607,33.1074,-11.6072,-37.0151,59.1672,-11.6072,-52.7117,33.4794,-11.7044,-37.6653,59.5406,-11.7044,-53.7111,34.0505,-11.76,-38.6635,60.1138,-11.76,-54.7104,34.6215,-11.7044,-39.6616,60.687,-11.7044,-55.6819,35.1766,-11.5411,-40.6318,61.2442,-11.5411,-56.621,35.7133,-11.2752,-41.5698,61.7829,-11.2752,-57.5233,36.2289,-10.9119,-42.4709,62.3004,-10.9119,-58.3842,36.7208,-10.4564,-43.3308,62.7942,-10.4564,-59.1994,37.1866,-9.91372,-44.145,63.2618,-9.91372,-59.9643,37.6237,-9.28912,-44.9089,63.7005,-9.28911,-60.6745,38.0296,-8.58772,-45.6182,64.1078,-8.58772],
    "normals":[0.543321,-0.313669,-0.77871,0.511551,-0.295358,-0.806848,0.511673,-0.295419,-0.806757,0.444777,-0.256783,-0.858028,0.444899,-0.256844,-0.857936,0.373608,-0.215674,-0.902127,0.37373,-0.215766,-0.902066,0.298471,-0.172308,-0.938719,0.298624,-0.172399,-0.938658,0.219886,-0.126957,-0.967193,0.220069,-0.127049,-0.967162,0.145573,-0.084048,-0.985748,0.145695,-0.084109,-0.985717,0.0765099,-0.0441603,-0.996063,0.0766625,-0.0442518,-0.996063,-9.15555e-05,6.1037e-05,-1,3.05185e-05,-3.05185e-05,-1,-0.0836207,0.0482803,-0.9953,-0.0834376,0.0481582,-0.995331,-0.166204,0.0959502,-0.981384,-0.166021,0.0958586,-0.981445,-0.246651,0.142399,-0.958556,-0.246467,0.142308,-0.958617,-0.324107,0.187109,-0.927305,-0.323954,0.187017,-0.927366,-0.397961,0.229743,-0.88815,-0.397839,0.229682,-0.888211,-0.467696,0.270028,-0.841609,-0.467574,0.269936,-0.8417,-0.532945,0.307688,-0.788202,-0.532823,0.307627,-0.788293,-0.563738,0.32548,-0.759087],
    "metadata":{
        "type":"Geometry",
        "vertices":34,
        "version":3,
        "normals":32,
        "materials":0,
        "uvs":1,
        "generator":"io_three",
        "faces":16,
        "colors":0
    },
    "colors":[]
}