{
    "metadata":{
        "generator":"io_three",
        "uvs":1,
        "colors":0,
        "normals":1,
        "type":"Geometry",
        "version":3,
        "materials":1,
        "faces":4,
        "vertices":6
    },
    "faces":[42,5,0,1,0,5,0,1,0,0,0,42,1,2,3,0,1,2,3,0,0,0,42,3,4,5,0,3,4,5,0,0,0,42,1,3,5,0,1,3,5,0,0,0],
    "normals":[0,0,1],
    "colors":[],
    "materials":[{
        "colorDiffuse":[0.64,0.64,0.64],
        "opacity":1,
        "depthWrite":true,
        "DbgIndex":0,
        "specularCoef":50,
        "doubleSided":false,
        "vertexColors":false,
        "colorSpecular":[0.5,0.5,0.5],
        "DbgColor":15658734,
        "transparent":false,
        "shading":"phong",
        "blending":"NormalBlending",
        "visible":true,
        "colorEmissive":[0,0,0],
        "DbgName":"_",
        "wireframe":false,
        "depthTest":true
    }],
    "vertices":[-25.6657,68.6761,11.8365,-42.4194,39.6578,11.8365,-25.6657,10.6396,11.8365,25.6657,10.6396,11.8365,42.4194,39.6578,11.8365,25.6657,68.6761,11.8365],
    "uvs":[[0.197477,1,0,0.65796,0.197477,0.31592,0.802523,0.31592,1,0.65796,0.802523,1]]
}