{
    "vertices":[32.6668,56.67,-9.5061,47.707,30.6195,-9.50611,46.9781,30.203,-8.82973,31.9388,56.2519,-8.82973,33.448,57.1186,-10.104,48.4892,31.0665,-10.104,34.2779,57.5952,-10.6182,49.3201,31.5413,-10.6182,35.152,58.0972,-11.0435,50.1953,32.0414,-11.0435,36.0659,58.6221,-11.3749,51.1103,32.5643,-11.3749,37.0151,59.1672,-11.6072,52.0607,33.1074,-11.6072,37.6653,59.5406,-11.7044,52.7117,33.4794,-11.7044,38.6635,60.1138,-11.76,53.7111,34.0505,-11.76,39.6616,60.687,-11.7044,54.7104,34.6215,-11.7044,40.6318,61.2442,-11.5411,55.6819,35.1766,-11.5411,41.5698,61.7829,-11.2752,56.621,35.7133,-11.2752,42.4709,62.3004,-10.9119,57.5233,36.2289,-10.9119,43.3308,62.7942,-10.4564,58.3842,36.7208,-10.4564,44.145,63.2618,-9.91372,59.1994,37.1866,-9.91372,44.9089,63.7005,-9.28912,59.9643,37.6237,-9.28912,45.6182,64.1078,-8.58771,60.6745,38.0296,-8.58772],
    "uvs":[[0.65,0.655649,0.65,0.798824,0.635,0.800669,0.635,0.653776,0.665,0.657557,0.665,0.796945,0.68,0.659475,0.68,0.795055,0.695,0.661386,0.695,0.793174,0.71,0.663272,0.71,0.791316,0.725,0.665121,0.725,0.789496,0.735,0.666327,0.735,0.788308,0.75,0.66809,0.75,0.786571,0.765,0.669755,0.765,0.784932,0.78,0.671287,0.78,0.783423,0.795,0.672692,0.795,0.782039,0.81,0.673978,0.81,0.780773,0.825,0.67515,0.825,0.779619,0.84,0.676213,0.84,0.778572,0.855,0.677172,0.855,0.777627,0.87,0.678032,0.87,0.776781]],
    "metadata":{
        "uvs":1,
        "generator":"io_three",
        "type":"Geometry",
        "colors":0,
        "version":3,
        "normals":32,
        "vertices":34,
        "faces":16,
        "materials":0
    },
    "normals":[-0.511673,-0.295419,-0.806757,-0.511551,-0.295358,-0.806848,-0.543321,-0.313669,-0.77871,-0.444899,-0.256844,-0.857936,-0.444777,-0.256783,-0.858028,-0.37373,-0.215766,-0.902066,-0.373608,-0.215674,-0.902127,-0.298624,-0.172399,-0.938658,-0.298471,-0.172308,-0.938719,-0.220069,-0.127049,-0.967162,-0.219886,-0.126957,-0.967193,-0.145695,-0.084109,-0.985717,-0.145573,-0.084048,-0.985748,-0.076662,-0.044252,-0.996063,-0.07651,-0.04416,-0.996063,-6.1e-05,-3.1e-05,-1,9.2e-05,6.1e-05,-1,0.083438,0.048158,-0.995331,0.083621,0.04828,-0.9953,0.166021,0.095859,-0.981445,0.166204,0.09595,-0.981384,0.246467,0.142308,-0.958617,0.246651,0.142399,-0.958556,0.323954,0.187017,-0.927366,0.324107,0.187109,-0.927305,0.397839,0.229682,-0.888211,0.397961,0.229743,-0.88815,0.467574,0.269936,-0.8417,0.467696,0.270028,-0.841609,0.532823,0.307627,-0.788293,0.532945,0.307688,-0.788202,0.563738,0.32548,-0.759087],
    "faces":[43,0,1,2,3,0,0,1,2,3,0,1,2,2,43,1,0,4,5,0,1,0,4,5,1,0,3,4,43,6,7,5,4,0,6,7,5,4,5,6,4,3,43,8,9,7,6,0,8,9,7,6,7,8,6,5,43,10,11,9,8,0,10,11,9,8,9,10,8,7,43,12,13,11,10,0,12,13,11,10,11,12,10,9,43,14,15,13,12,0,14,15,13,12,13,14,12,11,43,16,17,15,14,0,16,17,15,14,15,16,14,13,43,18,19,17,16,0,18,19,17,16,17,18,16,15,43,20,21,19,18,0,20,21,19,18,19,20,18,17,43,22,23,21,20,0,22,23,21,20,21,22,20,19,43,24,25,23,22,0,24,25,23,22,23,24,22,21,43,26,27,25,24,0,26,27,25,24,25,26,24,23,43,28,29,27,26,0,28,29,27,26,27,28,26,25,43,30,31,29,28,0,30,31,29,28,29,30,28,27,43,32,33,31,30,0,32,33,31,30,31,31,30,29],
    "colors":[],
    "materials":[]
}