{
    "metadata":{
        "type":"Geometry",
        "colors":0,
        "generator":"io_three",
        "faces":16,
        "normals":32,
        "vertices":34,
        "version":3,
        "materials":1,
        "uvs":1
    },
    "colors":[],
    "uvs":[[0.910504,0.303168,0.910604,0.328899,0.105714,0.328899,0.105662,0.303168,0.910711,0.3558,0.105769,0.3558,0.910825,0.383706,0.105828,0.383706,0.910945,0.412454,0.10589,0.412454,0.91107,0.44188,0.105955,0.44188,0.911201,0.471821,0.106023,0.471821,0.91129,0.491987,0.106069,0.491987,0.911427,0.522423,0.106139,0.522423,0.911564,0.552241,0.10621,0.552241,0.911697,0.580621,0.106279,0.580621,0.911826,0.607455,0.106346,0.607455,0.911949,0.632638,0.10641,0.632638,0.912067,0.656063,0.10647,0.656063,0.912179,0.677624,0.106528,0.677624,0.912284,0.697215,0.106583,0.697215,0.912381,0.714728,0.106633,0.714728]],
    "materials":[{
        "depthWrite":true,
        "specularCoef":50,
        "depthTest":true,
        "DbgIndex":0,
        "colorSpecular":[0.5,0.5,0.5],
        "mapDiffuseWrap":["repeat","repeat"],
        "DbgColor":15658734,
        "colorEmissive":[0,0,0],
        "DbgName":"Material.005",
        "transparent":false,
        "visible":true,
        "vertexColors":false,
        "mapDiffuse":null,
        "colorDiffuse":[0.64,0.64,0.64],
        "opacity":1,
        "wireframe":false,
        "blending":"NormalBlending",
        "mapDiffuseAnisotropy":1,
        "shading":"phong",
        "mapDiffuseRepeat":[1,1],
        "doubleSided":false
    }],
    "faces":[43,0,1,2,3,0,0,1,2,3,0,1,2,0,43,1,4,5,2,0,1,4,5,2,1,3,4,2,43,4,6,7,5,0,4,6,7,5,3,5,6,4,43,6,8,9,7,0,6,8,9,7,5,7,8,6,43,8,10,11,9,0,8,10,11,9,7,9,10,8,43,10,12,13,11,0,10,12,13,11,9,11,12,10,43,12,14,15,13,0,12,14,15,13,11,13,14,12,43,14,16,17,15,0,14,16,17,15,13,15,16,14,43,16,18,19,17,0,16,18,19,17,15,17,18,16,43,18,20,21,19,0,18,20,21,19,17,19,20,18,43,20,22,23,21,0,20,22,23,21,19,21,22,20,43,22,24,25,23,0,22,24,25,23,21,23,24,22,43,24,26,27,25,0,24,26,27,25,23,25,26,24,43,26,28,29,27,0,26,28,29,27,25,27,28,26,43,28,30,31,29,0,28,30,31,29,27,29,30,28,43,30,32,33,31,0,30,32,33,31,29,31,31,30],
    "normals":[0.543321,-0.313669,-0.77871,0.511551,-0.295358,-0.806848,0.511673,-0.295419,-0.806757,0.444777,-0.256783,-0.858028,0.444899,-0.256844,-0.857936,0.373608,-0.215674,-0.902127,0.37373,-0.215766,-0.902066,0.298471,-0.172308,-0.938719,0.298624,-0.172399,-0.938658,0.219886,-0.126957,-0.967193,0.220069,-0.127049,-0.967162,0.145573,-0.084048,-0.985748,0.145695,-0.084109,-0.985717,0.07651,-0.04416,-0.996063,0.076662,-0.044252,-0.996063,-9.2e-05,6.1e-05,-1,3.1e-05,-3.1e-05,-1,-0.083621,0.04828,-0.9953,-0.083438,0.048158,-0.995331,-0.166204,0.09595,-0.981384,-0.166021,0.095859,-0.981445,-0.246651,0.142399,-0.958556,-0.246467,0.142308,-0.958617,-0.324107,0.187109,-0.927305,-0.323954,0.187017,-0.927366,-0.397961,0.229743,-0.88815,-0.397839,0.229682,-0.888211,-0.467696,0.270028,-0.841609,-0.467574,0.269936,-0.8417,-0.532945,0.307688,-0.788202,-0.532823,0.307627,-0.788293,-0.563738,0.32548,-0.759087],
    "vertices":[-46.9781,30.203,-8.82973,-47.707,30.6195,-9.50611,-32.6668,56.67,-9.5061,-31.9388,56.2519,-8.82973,-48.4892,31.0665,-10.104,-33.448,57.1186,-10.104,-49.3201,31.5413,-10.6182,-34.2779,57.5952,-10.6182,-50.1953,32.0414,-11.0435,-35.152,58.0972,-11.0435,-51.1103,32.5643,-11.3749,-36.0659,58.6221,-11.3749,-52.0607,33.1074,-11.6072,-37.0151,59.1672,-11.6072,-52.7117,33.4794,-11.7044,-37.6653,59.5406,-11.7044,-53.7111,34.0505,-11.76,-38.6635,60.1138,-11.76,-54.7104,34.6215,-11.7044,-39.6616,60.687,-11.7044,-55.6819,35.1766,-11.5411,-40.6318,61.2442,-11.5411,-56.621,35.7133,-11.2752,-41.5698,61.7829,-11.2752,-57.5233,36.2289,-10.9119,-42.4709,62.3004,-10.9119,-58.3842,36.7208,-10.4564,-43.3308,62.7942,-10.4564,-59.1994,37.1866,-9.91372,-44.145,63.2618,-9.91372,-59.9643,37.6237,-9.28912,-44.9089,63.7005,-9.28912,-60.6745,38.0296,-8.58772,-45.6182,64.1078,-8.58771]
}