{
    "vertices":[25.1945,60.1844,9.50612,-25.1657,60.1844,9.50612,-25.1657,59.3448,8.82974,25.1945,59.3448,8.82974,25.1945,61.0852,10.104,-25.1657,61.0852,10.104,25.1945,62.0422,10.6182,-25.1657,62.0422,10.6182,25.1945,63.0503,11.0435,-25.1657,63.0503,11.0435,25.1945,64.1041,11.3749,-25.1657,64.1041,11.3749,25.1945,65.1987,11.6072,-25.1657,65.1987,11.6072,25.1945,65.9485,11.7044,-25.1657,65.9485,11.7044,25.1945,67.0995,11.76,-25.1657,67.0995,11.76,25.1945,68.2505,11.7044,-25.1657,68.2505,11.7044,25.1945,69.3694,11.5411,-25.1657,69.3694,11.5411,25.1945,70.451,11.2752,-25.1657,70.451,11.2752,25.1945,71.4902,10.9119,-25.1657,71.4902,10.9119,25.1945,72.4818,10.4564,-25.1657,72.4818,10.4564,25.1945,73.4206,9.91374,-25.1657,73.4206,9.91374,25.1945,74.3016,9.28913,-25.1657,74.3016,9.28913,25.1945,75.1195,8.58773,-25.1657,75.1195,8.58773],
    "uvs":[[0.65,0.387888,0.65,0.611984,0.635,0.613784,0.635,0.386086,0.665,0.389759,0.665,0.610115,0.68,0.39168,0.68,0.608196,0.695,0.393632,0.695,0.606246,0.71,0.395599,0.71,0.604281,0.725,0.397567,0.725,0.602316,0.735,0.398872,0.735,0.601012,0.75,0.400813,0.75,0.599073,0.765,0.402681,0.765,0.597208,0.78,0.40443,0.78,0.595461,0.795,0.406062,0.795,0.593831,0.81,0.407578,0.81,0.592316,0.825,0.40898,0.825,0.590916,0.84,0.410269,0.84,0.589628,0.855,0.411446,0.855,0.588453,0.87,0.412511,0.87,0.587389]],
    "metadata":{
        "uvs":1,
        "generator":"io_three",
        "type":"Geometry",
        "colors":0,
        "version":3,
        "normals":17,
        "vertices":34,
        "faces":16,
        "materials":0
    },
    "normals":[0,-0.590777,0.806787,0,-0.627369,0.77871,0,-0.513688,0.857967,0,-0.431501,0.902097,0,-0.344737,0.938688,0,-0.254036,0.967162,0,-0.168187,0.985748,0,-0.088473,0.996063,0,0,0.999969,0,0.096438,0.995331,0,0.191778,0.981414,0,0.284677,0.958617,0,0.374126,0.927366,0,0.459426,0.88818,0,0.539964,0.84167,0,0.615314,0.788263,0,0.65096,0.759087],
    "faces":[43,0,1,2,3,0,0,1,2,3,0,0,1,1,43,1,0,4,5,0,1,0,4,5,0,0,2,2,43,6,7,5,4,0,6,7,5,4,3,3,2,2,43,8,9,7,6,0,8,9,7,6,4,4,3,3,43,10,11,9,8,0,10,11,9,8,5,5,4,4,43,12,13,11,10,0,12,13,11,10,6,6,5,5,43,14,15,13,12,0,14,15,13,12,7,7,6,6,43,16,17,15,14,0,16,17,15,14,8,8,7,7,43,18,19,17,16,0,18,19,17,16,9,9,8,8,43,20,21,19,18,0,20,21,19,18,10,10,9,9,43,22,23,21,20,0,22,23,21,20,11,11,10,10,43,24,25,23,22,0,24,25,23,22,12,12,11,11,43,26,27,25,24,0,26,27,25,24,13,13,12,12,43,28,29,27,26,0,28,29,27,26,14,14,13,13,43,30,31,29,28,0,30,31,29,28,15,15,14,14,43,32,33,31,30,0,32,33,31,30,16,16,15,15],
    "colors":[],
    "materials":[]
}