{
    "metadata":{
        "type":"Geometry",
        "colors":0,
        "generator":"io_three",
        "faces":16,
        "normals":17,
        "vertices":34,
        "version":3,
        "materials":1,
        "uvs":1
    },
    "colors":[],
    "uvs":[[0.984335,0.363869,0.027055,0.363869,0.027055,0.347911,0.984335,0.347911,0.984335,0.380993,0.027055,0.380993,0.984335,0.399185,0.027055,0.399185,0.984335,0.418346,0.027055,0.418346,0.984335,0.438379,0.027055,0.438379,0.984335,0.459186,0.027055,0.459186,0.984335,0.473439,0.027055,0.473439,0.984335,0.495317,0.027055,0.495317,0.984335,0.517196,0.027055,0.517196,0.984335,0.538464,0.027055,0.538464,0.984335,0.559024,0.027055,0.559024,0.984335,0.578777,0.027055,0.578777,0.984335,0.597626,0.027055,0.597626,0.984335,0.615473,0.027055,0.615473,0.984335,0.632219,0.027055,0.632219,0.984335,0.647767,0.027055,0.647767]],
    "materials":[{
        "depthWrite":true,
        "specularCoef":50,
        "depthTest":true,
        "DbgIndex":0,
        "colorSpecular":[0.5,0.5,0.5],
        "mapDiffuseWrap":["repeat","repeat"],
        "DbgColor":15658734,
        "colorEmissive":[0,0,0],
        "DbgName":"Material.004",
        "transparent":false,
        "visible":true,
        "vertexColors":false,
        "mapDiffuse":null,
        "colorDiffuse":[0.64,0.64,0.64],
        "opacity":1,
        "wireframe":false,
        "blending":"NormalBlending",
        "mapDiffuseAnisotropy":1,
        "shading":"phong",
        "mapDiffuseRepeat":[1,1],
        "doubleSided":false
    }],
    "faces":[43,0,1,2,3,0,0,1,2,3,0,0,1,1,43,1,0,4,5,0,1,0,4,5,0,0,2,2,43,6,7,5,4,0,6,7,5,4,3,3,2,2,43,8,9,7,6,0,8,9,7,6,4,4,3,3,43,10,11,9,8,0,10,11,9,8,5,5,4,4,43,12,13,11,10,0,12,13,11,10,6,6,5,5,43,14,15,13,12,0,14,15,13,12,7,7,6,6,43,16,17,15,14,0,16,17,15,14,8,8,7,7,43,18,19,17,16,0,18,19,17,16,9,9,8,8,43,20,21,19,18,0,20,21,19,18,10,10,9,9,43,22,23,21,20,0,22,23,21,20,11,11,10,10,43,24,25,23,22,0,24,25,23,22,12,12,11,11,43,26,27,25,24,0,26,27,25,24,13,13,12,12,43,28,29,27,26,0,28,29,27,26,14,14,13,13,43,30,31,29,28,0,30,31,29,28,15,15,14,14,43,32,33,31,30,0,32,33,31,30,16,16,15,15],
    "normals":[0,-0.590777,-0.806787,0,-0.627369,-0.77871,0,-0.513688,-0.857967,0,-0.431501,-0.902097,0,-0.344737,-0.938688,0,-0.254036,-0.967162,0,-0.168187,-0.985748,0,-0.088473,-0.996063,0,0,-1,0,0.096438,-0.995331,0,0.191778,-0.981414,0,0.284677,-0.958617,0,0.374126,-0.927366,0,0.459426,-0.88818,0,0.539964,-0.84167,0,0.615314,-0.788263,0,0.65096,-0.759087],
    "vertices":[-25.1945,60.1844,-9.5061,25.1657,60.1844,-9.5061,25.1657,59.3448,-8.82973,-25.1945,59.3448,-8.82973,-25.1945,61.0852,-10.104,25.1657,61.0852,-10.104,-25.1945,62.0422,-10.6182,25.1657,62.0422,-10.6182,-25.1945,63.0503,-11.0435,25.1657,63.0503,-11.0435,-25.1945,64.1041,-11.3749,25.1657,64.1041,-11.3749,-25.1945,65.1987,-11.6072,25.1657,65.1987,-11.6072,-25.1945,65.9485,-11.7044,25.1657,65.9485,-11.7044,-25.1945,67.0995,-11.76,25.1657,67.0995,-11.76,-25.1945,68.2505,-11.7044,25.1657,68.2505,-11.7044,-25.1945,69.3694,-11.5411,25.1657,69.3694,-11.5411,-25.1945,70.451,-11.2752,25.1657,70.451,-11.2752,-25.1945,71.4902,-10.9119,25.1657,71.4902,-10.9119,-25.1945,72.4818,-10.4564,25.1657,72.4818,-10.4564,-25.1945,73.4206,-9.91372,25.1657,73.4206,-9.91372,-25.1945,74.3016,-9.28911,25.1657,74.3016,-9.28911,-25.1945,75.1195,-8.58771,25.1657,75.1195,-8.58771]
}