{
    "materials":[{
        "vertexColors":false,
        "visible":true,
        "depthWrite":true,
        "specularCoef":50,
        "transparent":false,
        "DbgName":"Mat_2.001",
        "colorEmissive":[0,0,0],
        "shading":"phong",
        "DbgIndex":0,
        "doubleSided":false,
        "colorSpecular":[0.5,0.5,0.5],
        "wireframe":false,
        "colorDiffuse":[0.64,0.64,0.64],
        "DbgColor":15658734,
        "blending":"NormalBlending",
        "opacity":1,
        "depthTest":true
    }],
    "faces":[43,0,1,2,3,0,0,1,2,3,0,0,0,0,43,1,0,4,5,0,6,7,4,5,1,1,1,1,43,6,7,5,4,0,8,9,10,11,2,2,2,2,43,3,2,7,6,0,7,6,5,4,3,3,3,3,43,1,5,7,2,0,12,13,14,15,4,4,4,4,43,4,0,3,6,0,16,17,18,19,5,5,5,5],
    "colors":[],
    "normals":[0,-0,1,1,0,-0,0,0,-1,-1,0,0,-0,1,0,0,-1,0],
    "uvs":[[-0.117772,0.352831,1.10326,0.352831,1.10326,0.630339,-0.117772,0.630339,0.019664,0.100039,0.019664,0.957146,0.011872,0.957146,0.011872,0.100039,-0.153325,0.34475,1.13882,0.34475,1.13882,0.638419,-0.153325,0.638419,0.012203,0.670991,0.024365,0.670991,0.024365,0.975037,0.012203,0.975037,0.024365,0.670991,0.012203,0.670991,0.012203,0.975037,0.024365,0.975037]],
    "vertices":[10.599,16.0227,0.200002,10.599,60.0227,0.200007,0.598991,60.0227,0.200007,0.598991,16.0227,0.200002,10.599,16.0227,-0.199998,10.599,60.0227,-0.199993,0.598991,16.0227,-0.199998,0.598991,60.0227,-0.199993],
    "metadata":{
        "colors":0,
        "generator":"io_three",
        "vertices":8,
        "materials":1,
        "faces":6,
        "version":3,
        "uvs":1,
        "normals":6,
        "type":"Geometry"
    }
}