{
    "faces":[43,0,3,2,1,0,0,1,2,3,0,1,1,0,43,4,0,1,5,0,4,0,3,5,2,0,0,2,43,6,4,5,7,0,6,4,5,7,3,2,2,3,43,8,6,7,9,0,8,6,7,9,4,3,3,4,43,10,13,12,11,0,10,11,12,13,5,6,6,5,43,14,10,11,15,0,14,10,13,15,7,5,5,7,43,16,14,15,17,0,16,14,15,17,8,7,7,8,43,3,16,17,2,0,1,16,17,2,1,8,8,1],
    "colors":[],
    "uvs":[[0.614978,0.858895,0.494908,0.858895,0.494908,0.131599,0.614978,0.131599,0.735281,0.858895,0.735281,0.131599,0.856156,0.858895,0.856156,0.131599,0.97761,0.858895,0.97761,0.131599,0.13366,0.858895,0.012206,0.858895,0.012206,0.131599,0.13366,0.131599,0.254536,0.858895,0.254536,0.131599,0.374839,0.858895,0.374839,0.131599]],
    "normals":[0.888302,0.287576,0.358043,0.67214,0.309946,0.672384,0.974822,0.222663,-0.010865,0.916532,0.124241,-0.380108,0.823969,0.060701,-0.563341,-0.380139,0.123081,0.916684,-0.563341,0.05945,0.824061,-0.010987,0.221778,0.975005,0.35786,0.287088,0.888516],
    "metadata":{
        "colors":0,
        "type":"Geometry",
        "vertices":18,
        "version":3,
        "faces":8,
        "generator":"io_three",
        "uvs":1,
        "normals":9,
        "materials":1
    },
    "vertices":[37.4513,36.0549,33.6888,41.4025,18.9498,37.6244,39.8805,19.0326,39.8961,35.8924,36.2974,35.9238,38.0892,35.3574,31.1159,41.9349,18.7094,34.9464,37.7153,34.3128,28.5953,41.403,18.3486,32.2684,36.3804,33.0775,26.5097,39.8814,17.9214,29.9969,28.5659,34.3046,37.7454,32.2535,18.3404,41.4185,29.9823,17.9126,39.8967,26.4813,33.0686,36.4096,31.0856,35.3511,38.1201,34.9312,18.7031,41.9505,33.6578,36.0515,37.4826,37.609,18.9464,41.4182],
    "materials":[{
        "wireframe":false,
        "colorDiffuse":[0.64,0.64,0.64],
        "mapDiffuseWrap":["repeat","repeat"],
        "depthTest":true,
        "transparent":false,
        "depthWrite":true,
        "vertexColors":false,
        "colorEmissive":[0,0,0],
        "opacity":1,
        "mapDiffuseAnisotropy":1,
        "blending":"NormalBlending",
        "DbgIndex":0,
        "doubleSided":false,
        "shading":"phong",
        "visible":true,
        "mapDiffuseRepeat":[1,1],
        "colorSpecular":[0.5,0.5,0.5],
        "mapDiffuse":null,
        "DbgColor":15658734,
        "DbgName":"__1",
        "specularCoef":50
    }]
}