{
    "uvs":[[0.818451,0.321949,0.82056,0.180215,0.771,0.180231,0.768892,0.321966,0.868107,0.321933,0.870216,0.180198,0.917999,0.321916,0.920107,0.180182,0.972701,0.321899,0.973023,0.180298,0.619785,0.322016,0.621894,0.180281,0.571763,0.180298,0.569655,0.322032,0.669677,0.321999,0.671786,0.180265,0.719333,0.321982,0.721442,0.180248]],
    "colors":[],
    "metadata":{
        "uvs":1,
        "normals":11,
        "faces":8,
        "colors":0,
        "version":3,
        "generator":"io_three",
        "type":"Geometry",
        "vertices":18,
        "materials":1
    },
    "normals":[-0.357799,-0.286691,0.888668,-0.357768,-0.286691,0.888668,-0.672109,-0.309641,0.672567,0.011048,-0.221351,0.975127,0.3802,-0.122654,0.916715,0.38023,-0.122654,0.916715,0.563402,-0.059084,0.824061,-0.916562,-0.124424,-0.379986,-0.824,-0.060945,-0.56325,-0.974822,-0.222663,-0.010681,-0.888272,-0.287393,0.358226],
    "vertices":[33.6552,36.0345,-37.5012,37.6062,18.9276,-41.4293,39.8778,19.0145,-39.9074,35.89,36.2811,-35.9426,31.083,35.3339,-38.1382,34.9283,18.6841,-41.9613,28.5633,34.2875,-37.7629,32.2507,18.3216,-41.4289,26.4788,33.0521,-36.4263,29.9796,17.8945,-39.9068,37.7134,34.2998,-28.6134,41.4008,18.334,-32.2795,39.8794,17.9079,-30.0077,36.3786,33.0655,-26.5272,38.0871,35.3433,-31.1345,41.9325,18.6936,-34.9577,37.449,36.0397,-33.7077,41.3999,18.9327,-37.6358],
    "faces":[43,0,1,2,3,0,0,1,2,3,0,1,2,2,43,1,0,4,5,0,1,0,4,5,1,0,3,3,43,6,7,5,4,0,6,7,5,4,4,5,3,3,43,8,9,7,6,0,8,9,7,6,6,6,5,4,43,10,11,12,13,0,10,11,12,13,7,7,8,8,43,14,15,11,10,0,14,15,11,10,9,9,7,7,43,16,17,15,14,0,16,17,15,14,10,10,9,9,43,3,2,17,16,0,3,2,17,16,2,2,10,10],
    "materials":[{
        "DbgColor":15658734,
        "colorSpecular":[0.5,0.5,0.5],
        "colorEmissive":[0,0,0],
        "opacity":1,
        "depthTest":true,
        "wireframe":false,
        "shading":"phong",
        "transparent":false,
        "doubleSided":false,
        "visible":true,
        "colorDiffuse":[0.64,0.64,0.64],
        "DbgIndex":0,
        "vertexColors":false,
        "specularCoef":50,
        "blending":"NormalBlending",
        "depthWrite":true,
        "DbgName":"__1"
    }]
}