{
    "uvs":[[0.818451,0.321949,0.82056,0.180215,0.771,0.180231,0.768892,0.321966,0.868107,0.321933,0.870216,0.180198,0.917999,0.321916,0.920107,0.180182,0.972701,0.321899,0.973023,0.180298,0.619785,0.322016,0.621894,0.180281,0.571763,0.180298,0.569655,0.322032,0.669677,0.321999,0.671786,0.180265,0.719333,0.321982,0.721442,0.180248]],
    "colors":[],
    "metadata":{
        "uvs":1,
        "normals":9,
        "faces":8,
        "colors":0,
        "version":3,
        "generator":"io_three",
        "type":"Geometry",
        "vertices":18,
        "materials":1
    },
    "normals":[0.888943,-0.285409,0.358165,0.672842,-0.308145,0.672506,0.975311,-0.220466,-0.010773,0.916807,-0.122349,-0.380047,0.824091,-0.059114,-0.563311,-0.379864,-0.123508,0.916745,-0.563189,-0.060366,0.824091,-0.010498,-0.221351,0.975127,0.358501,-0.285867,0.888668],
    "vertices":[-37.5347,35.9553,-33.7051,-41.4475,18.8396,-37.6329,-39.9257,18.9248,-39.9047,-35.9764,36.2003,-35.9402,-38.1711,35.2576,-31.1319,-41.9793,18.5992,-34.9548,-37.7948,34.2149,-28.6108,-41.4466,18.2408,-32.2766,-36.4572,32.9836,-26.5246,-39.9241,17.8181,-30.0049,-28.6454,34.2232,-37.7609,-32.2971,18.2491,-41.4267,-30.0249,17.827,-39.9048,-26.558,32.9925,-36.4245,-31.1675,35.2639,-38.136,-34.9756,18.6055,-41.9589,-33.7412,35.9588,-37.4988,-37.654,18.843,-41.4267],
    "faces":[43,0,1,2,3,0,0,1,2,3,0,0,1,1,43,1,0,4,5,0,1,0,4,5,0,0,2,2,43,6,7,5,4,0,6,7,5,4,3,3,2,2,43,8,9,7,6,0,8,9,7,6,4,4,3,3,43,10,11,12,13,0,10,11,12,13,5,5,6,6,43,14,15,11,10,0,14,15,11,10,7,7,5,5,43,16,17,15,14,0,16,17,15,14,8,8,7,7,43,3,2,17,16,0,3,2,17,16,1,1,8,8],
    "materials":[{
        "DbgColor":15658734,
        "colorSpecular":[0.5,0.5,0.5],
        "colorEmissive":[0,0,0],
        "opacity":1,
        "depthTest":true,
        "wireframe":false,
        "shading":"phong",
        "transparent":false,
        "doubleSided":false,
        "visible":true,
        "colorDiffuse":[0.64,0.64,0.64],
        "DbgIndex":0,
        "vertexColors":false,
        "specularCoef":50,
        "blending":"NormalBlending",
        "depthWrite":true,
        "DbgName":"__1"
    }]
}