{
    "faces":[43,0,3,2,1,0,0,1,2,3,0,1,1,2,43,4,0,1,5,0,4,0,3,5,3,0,2,3,43,6,4,5,7,0,6,4,5,7,4,3,3,5,43,8,6,7,9,0,8,6,7,9,6,4,5,6,43,10,13,12,11,0,10,11,12,13,7,8,8,7,43,14,10,11,15,0,14,10,13,15,9,7,7,9,43,16,14,15,17,0,16,14,15,17,10,9,9,10,43,3,16,17,2,0,1,16,17,2,1,10,10,1],
    "colors":[],
    "uvs":[[0.624588,0.864647,0.503312,0.864647,0.503312,0.108793,0.624588,0.108793,0.746101,0.864647,0.746101,0.108793,0.868191,0.864647,0.868191,0.108793,0.990866,0.864647,0.990866,0.108793,0.138434,0.864647,0.015759,0.864647,0.015759,0.108793,0.138434,0.108793,0.260524,0.864647,0.260524,0.108793,0.382036,0.864647,0.382036,0.108793]],
    "normals":[0.357799,0.286691,-0.888668,0.672109,0.309641,-0.672567,0.357768,0.286691,-0.888668,-0.011048,0.221351,-0.975127,-0.3802,0.122654,-0.916715,-0.38023,0.122654,-0.916715,-0.563402,0.059084,-0.824061,0.916562,0.124424,0.379986,0.824,0.060945,0.56325,0.974822,0.222663,0.010681,0.888272,0.287393,-0.358226],
    "metadata":{
        "colors":0,
        "type":"Geometry",
        "vertices":18,
        "version":3,
        "faces":8,
        "generator":"io_three",
        "uvs":1,
        "normals":11,
        "materials":1
    },
    "vertices":[33.6552,36.0345,-37.5012,37.6062,18.9276,-41.4293,39.8778,19.0145,-39.9074,35.89,36.2811,-35.9426,31.083,35.3339,-38.1382,34.9283,18.6841,-41.9613,28.5633,34.2875,-37.7629,32.2507,18.3216,-41.4289,26.4788,33.0521,-36.4263,29.9796,17.8945,-39.9068,37.7134,34.2998,-28.6134,41.4008,18.334,-32.2795,39.8794,17.9079,-30.0077,36.3786,33.0655,-26.5272,38.0871,35.3433,-31.1345,41.9325,18.6936,-34.9577,37.449,36.0397,-33.7077,41.3999,18.9327,-37.6358],
    "materials":[{
        "wireframe":false,
        "colorDiffuse":[0.64,0.64,0.64],
        "mapDiffuseWrap":["repeat","repeat"],
        "depthTest":true,
        "transparent":false,
        "depthWrite":true,
        "vertexColors":false,
        "colorEmissive":[0,0,0],
        "opacity":1,
        "mapDiffuseAnisotropy":1,
        "blending":"NormalBlending",
        "DbgIndex":0,
        "doubleSided":false,
        "shading":"phong",
        "visible":true,
        "mapDiffuseRepeat":[1,1],
        "colorSpecular":[0.5,0.5,0.5],
        "mapDiffuse":null,
        "DbgColor":15658734,
        "DbgName":"__1",
        "specularCoef":50
    }]
}