{
    "uvs":[[0.818451,0.321949,0.82056,0.180215,0.771,0.180231,0.768892,0.321966,0.868107,0.321933,0.870216,0.180198,0.917999,0.321916,0.920107,0.180182,0.972701,0.321899,0.973023,0.180298,0.619785,0.322016,0.621894,0.180281,0.571763,0.180298,0.569655,0.322032,0.669677,0.321999,0.671786,0.180265,0.719333,0.321982,0.721442,0.180248]],
    "colors":[],
    "metadata":{
        "uvs":1,
        "normals":9,
        "faces":8,
        "colors":0,
        "version":3,
        "generator":"io_three",
        "type":"Geometry",
        "vertices":18,
        "materials":1
    },
    "normals":[-0.888302,-0.287576,-0.358043,-0.67214,-0.309946,-0.672384,-0.974822,-0.222663,0.010865,-0.916532,-0.124241,0.380108,-0.823969,-0.060701,0.563341,0.380139,-0.123081,-0.916684,0.563341,-0.05945,-0.824061,0.010987,-0.221778,-0.975005,-0.35786,-0.287088,-0.888516],
    "vertices":[37.4513,36.0549,33.6888,41.4025,18.9498,37.6244,39.8805,19.0326,39.8961,35.8924,36.2974,35.9238,38.0892,35.3574,31.1159,41.9349,18.7094,34.9464,37.7153,34.3128,28.5953,41.403,18.3486,32.2684,36.3804,33.0775,26.5097,39.8814,17.9214,29.9969,28.5659,34.3046,37.7454,32.2535,18.3404,41.4185,29.9823,17.9126,39.8967,26.4813,33.0686,36.4096,31.0856,35.3511,38.1201,34.9312,18.7031,41.9505,33.6578,36.0515,37.4826,37.609,18.9464,41.4182],
    "faces":[43,0,1,2,3,0,0,1,2,3,0,0,1,1,43,1,0,4,5,0,1,0,4,5,0,0,2,2,43,6,7,5,4,0,6,7,5,4,3,3,2,2,43,8,9,7,6,0,8,9,7,6,4,4,3,3,43,10,11,12,13,0,10,11,12,13,5,5,6,6,43,14,15,11,10,0,14,15,11,10,7,7,5,5,43,16,17,15,14,0,16,17,15,14,8,8,7,7,43,3,2,17,16,0,3,2,17,16,1,1,8,8],
    "materials":[{
        "DbgColor":15658734,
        "colorSpecular":[0.5,0.5,0.5],
        "colorEmissive":[0,0,0],
        "opacity":1,
        "depthTest":true,
        "wireframe":false,
        "shading":"phong",
        "transparent":false,
        "doubleSided":false,
        "visible":true,
        "colorDiffuse":[0.64,0.64,0.64],
        "DbgIndex":0,
        "vertexColors":false,
        "specularCoef":50,
        "blending":"NormalBlending",
        "depthWrite":true,
        "DbgName":"__1"
    }]
}