{
    "faces":[43,0,3,2,1,0,0,1,2,3,0,1,1,0,43,4,0,1,5,0,4,0,3,5,2,0,0,2,43,6,4,5,7,0,6,4,5,7,3,2,2,3,43,8,6,7,9,0,8,6,7,9,4,3,3,4,43,10,13,12,11,0,10,11,12,13,5,6,6,5,43,14,10,11,15,0,14,10,13,15,7,5,5,7,43,16,14,15,17,0,16,14,15,17,8,7,7,8,43,3,16,17,2,0,1,16,17,2,1,8,8,1],
    "colors":[],
    "uvs":[[0.623814,0.824804,0.49926,0.824804,0.49926,0.125272,0.623814,0.125272,0.748611,0.824804,0.748611,0.125272,0.874001,0.824804,0.874001,0.125272,0.999991,0.824804,0.999991,0.125272,0.124519,0.824804,-0.001472,0.824804,-0.001472,0.125272,0.124519,0.125272,0.249909,0.824804,0.249909,0.125272,0.374706,0.824804,0.374706,0.125272]],
    "normals":[-0.888943,0.285409,-0.358165,-0.672842,0.308145,-0.672506,-0.975311,0.220466,0.010773,-0.916807,0.122349,0.380047,-0.824091,0.059114,0.563311,0.379864,0.123508,-0.916745,0.563189,0.060366,-0.824091,0.010498,0.221351,-0.975127,-0.358501,0.285867,-0.888668],
    "metadata":{
        "colors":0,
        "type":"Geometry",
        "vertices":18,
        "version":3,
        "faces":8,
        "generator":"io_three",
        "uvs":1,
        "normals":9,
        "materials":1
    },
    "vertices":[-37.5347,35.9553,-33.7051,-41.4475,18.8396,-37.6329,-39.9257,18.9248,-39.9047,-35.9764,36.2003,-35.9402,-38.1711,35.2576,-31.1319,-41.9793,18.5992,-34.9548,-37.7948,34.2149,-28.6108,-41.4466,18.2408,-32.2766,-36.4572,32.9836,-26.5246,-39.9241,17.8181,-30.0049,-28.6454,34.2232,-37.7609,-32.2971,18.2491,-41.4267,-30.0249,17.827,-39.9048,-26.558,32.9925,-36.4245,-31.1675,35.2639,-38.136,-34.9756,18.6055,-41.9589,-33.7412,35.9588,-37.4988,-37.654,18.843,-41.4267],
    "materials":[{
        "wireframe":false,
        "colorDiffuse":[0.64,0.64,0.64],
        "mapDiffuseWrap":["repeat","repeat"],
        "depthTest":true,
        "transparent":false,
        "depthWrite":true,
        "vertexColors":false,
        "colorEmissive":[0,0,0],
        "opacity":1,
        "mapDiffuseAnisotropy":1,
        "blending":"NormalBlending",
        "DbgIndex":0,
        "doubleSided":false,
        "shading":"phong",
        "visible":true,
        "mapDiffuseRepeat":[1,1],
        "colorSpecular":[0.5,0.5,0.5],
        "mapDiffuse":null,
        "DbgColor":15658734,
        "DbgName":"__1",
        "specularCoef":50
    }]
}