{
    "uvs":[[0.818451,0.321949,0.82056,0.180215,0.771,0.180231,0.768892,0.321966,0.868107,0.321933,0.870216,0.180198,0.917999,0.321916,0.920107,0.180182,0.972701,0.321899,0.973023,0.180298,0.619785,0.322016,0.621894,0.180281,0.571763,0.180298,0.569655,0.322032,0.669677,0.321999,0.671786,0.180265,0.719333,0.321982,0.721442,0.180248]],
    "colors":[],
    "metadata":{
        "uvs":1,
        "normals":9,
        "faces":8,
        "colors":0,
        "version":3,
        "generator":"io_three",
        "type":"Geometry",
        "vertices":18,
        "materials":1
    },
    "normals":[0.35844,-0.286294,-0.888546,0.672811,-0.308451,-0.672414,-0.010559,-0.221809,-0.975005,-0.379925,-0.123936,-0.916654,-0.56325,-0.060732,-0.82403,0.916837,-0.122196,0.380047,0.824152,-0.05884,0.56328,0.975311,-0.220466,0.010804,0.888913,-0.285562,-0.358104],
    "vertices":[-33.7387,35.9757,37.4849,-37.6511,18.8618,41.4208,-39.9229,18.9428,39.8989,-35.9739,36.2166,35.9263,-31.1648,35.2811,38.1222,-34.9728,18.6245,41.9529,-28.6428,34.2403,37.7474,-32.2943,18.2678,41.4207,-26.5555,33.009,36.4114,-30.0222,17.8451,39.8988,-37.7929,34.2279,28.5979,-41.4444,18.2555,32.2712,-39.922,17.8317,29.9996,-36.4554,32.9956,26.5122,-38.169,35.2717,31.1186,-41.9769,18.6151,34.9493,-37.5324,35.9706,33.6914,-41.4449,18.8566,37.6273],
    "faces":[43,0,1,2,3,0,0,1,2,3,0,0,1,1,43,1,0,4,5,0,1,0,4,5,0,0,2,2,43,6,7,5,4,0,6,7,5,4,3,3,2,2,43,8,9,7,6,0,8,9,7,6,4,4,3,3,43,10,11,12,13,0,10,11,12,13,5,5,6,6,43,14,15,11,10,0,14,15,11,10,7,7,5,5,43,16,17,15,14,0,16,17,15,14,8,8,7,7,43,3,2,17,16,0,3,2,17,16,1,1,8,8],
    "materials":[{
        "DbgColor":15658734,
        "colorSpecular":[0.5,0.5,0.5],
        "colorEmissive":[0,0,0],
        "opacity":1,
        "depthTest":true,
        "wireframe":false,
        "shading":"phong",
        "transparent":false,
        "doubleSided":false,
        "visible":true,
        "colorDiffuse":[0.64,0.64,0.64],
        "DbgIndex":0,
        "vertexColors":false,
        "specularCoef":50,
        "blending":"NormalBlending",
        "depthWrite":true,
        "DbgName":"__1"
    }]
}