{
    "faces":[43,0,3,2,1,0,0,1,2,3,0,1,1,0,43,4,0,1,5,0,4,0,3,5,2,0,0,2,43,6,4,5,7,0,6,4,5,7,3,2,2,3,43,8,6,7,9,0,8,6,7,9,4,3,3,4,43,10,13,12,11,0,10,11,12,13,5,6,6,5,43,14,10,11,15,0,14,10,13,15,7,5,5,7,43,16,14,15,17,0,16,14,15,17,8,7,7,8,43,3,16,17,2,0,1,16,17,2,1,8,8,1],
    "colors":[],
    "uvs":[[0.622505,0.908537,0.500921,0.908537,0.500921,0.10482,0.622505,0.10482,0.744327,0.908537,0.744327,0.10482,0.866728,0.908537,0.866728,0.10482,0.989714,0.908537,0.989714,0.10482,0.135115,0.908537,0.012129,0.908537,0.012129,0.10482,0.135115,0.10482,0.257516,0.908537,0.257516,0.10482,0.379337,0.908537,0.379337,0.10482]],
    "normals":[-0.35844,0.286294,0.888546,-0.672811,0.308451,0.672414,0.010559,0.221809,0.975005,0.379925,0.123936,0.916654,0.56325,0.060732,0.82403,-0.916837,0.122196,-0.380047,-0.824152,0.05884,-0.56328,-0.975311,0.220466,-0.010804,-0.888913,0.285562,0.358104],
    "metadata":{
        "colors":0,
        "type":"Geometry",
        "vertices":18,
        "version":3,
        "faces":8,
        "generator":"io_three",
        "uvs":1,
        "normals":9,
        "materials":1
    },
    "vertices":[-33.7387,35.9757,37.4849,-37.6511,18.8618,41.4208,-39.9229,18.9428,39.8989,-35.9739,36.2166,35.9263,-31.1648,35.2811,38.1222,-34.9728,18.6245,41.9529,-28.6428,34.2403,37.7474,-32.2943,18.2678,41.4207,-26.5555,33.009,36.4114,-30.0222,17.8451,39.8988,-37.7929,34.2279,28.5979,-41.4444,18.2555,32.2712,-39.922,17.8317,29.9996,-36.4554,32.9956,26.5122,-38.169,35.2717,31.1186,-41.9769,18.6151,34.9493,-37.5324,35.9706,33.6914,-41.4449,18.8566,37.6273],
    "materials":[{
        "wireframe":false,
        "colorDiffuse":[0.64,0.64,0.64],
        "mapDiffuseWrap":["repeat","repeat"],
        "depthTest":true,
        "transparent":false,
        "depthWrite":true,
        "vertexColors":false,
        "colorEmissive":[0,0,0],
        "opacity":1,
        "mapDiffuseAnisotropy":1,
        "blending":"NormalBlending",
        "DbgIndex":0,
        "doubleSided":false,
        "shading":"phong",
        "visible":true,
        "mapDiffuseRepeat":[1,1],
        "colorSpecular":[0.5,0.5,0.5],
        "mapDiffuse":null,
        "DbgColor":15658734,
        "DbgName":"__1",
        "specularCoef":50
    }]
}