{
    "faces":[42,0,2,1,0,0,1,2,0,1,2,43,2,0,3,4,0,1,0,3,4,1,0,3,4,43,5,6,4,3,0,5,6,4,3,5,5,4,3],
    "colors":[],
    "uvs":[[0.22438,0.691224,0.783665,0.691225,0.504396,0.819915,-0.013695,0.446552,1.02174,0.446552,-0.114554,0.250301,1.12231,0.246782]],
    "normals":[-0.642659,0.766137,0,-0.642567,0.766198,0,-0.417585,0.908628,0,-0.842738,0.538255,0.000458,-0.842647,0.538438,0.000458,-0.891049,0.453871,0.000702],
    "metadata":{
        "colors":0,
        "type":"Geometry",
        "vertices":7,
        "version":3,
        "faces":3,
        "generator":"io_three",
        "uvs":1,
        "normals":6,
        "materials":1
    },
    "vertices":[-20.7053,55.2928,-10.706,-9.98497,60.2197,0.014281,-20.7053,55.2929,10.706,-29.8198,45.9257,-19.8206,-29.8199,45.9257,19.8205,-33.6812,38.4123,-23.682,-33.6812,38.2775,23.6708],
    "materials":[{
        "wireframe":false,
        "colorDiffuse":[0.64,0.64,0.64],
        "mapDiffuseWrap":["repeat","repeat"],
        "depthTest":true,
        "transparent":false,
        "depthWrite":true,
        "vertexColors":false,
        "colorEmissive":[0,0,0],
        "opacity":1,
        "mapDiffuseAnisotropy":1,
        "blending":"NormalBlending",
        "DbgIndex":0,
        "doubleSided":false,
        "shading":"phong",
        "visible":true,
        "mapDiffuseRepeat":[1,1],
        "colorSpecular":[0.5,0.5,0.5],
        "mapDiffuse":null,
        "DbgColor":15658734,
        "DbgName":"__1",
        "specularCoef":50
    }]
}