{
    "faces":[42,0,2,1,0,0,1,2,0,1,2,43,2,0,3,4,0,1,0,3,4,1,0,3,4,43,5,6,4,3,0,5,6,4,3,5,5,4,3],
    "colors":[],
    "uvs":[[0.243532,0.670383,0.75666,0.670383,0.500439,0.788453,0.025105,0.445903,0.975086,0.445903,-0.067431,0.265848,1.06736,0.262619]],
    "normals":[0,0.766137,0.642659,0,0.766198,0.642567,0,0.908628,0.417585,0.000458,0.538255,0.842738,0.000458,0.538438,0.842647,0.000702,0.453871,0.891049],
    "metadata":{
        "colors":0,
        "type":"Geometry",
        "vertices":7,
        "version":3,
        "faces":3,
        "generator":"io_three",
        "uvs":1,
        "normals":6,
        "materials":1
    },
    "vertices":[-10.7058,55.2929,20.7055,0.014517,60.2197,9.98517,10.7062,55.2929,20.7055,-19.8204,45.9257,29.82,19.8208,45.9257,29.8201,-23.6817,38.4123,33.6814,23.671,38.2776,33.6814],
    "materials":[{
        "wireframe":false,
        "colorDiffuse":[0.64,0.64,0.64],
        "mapDiffuseWrap":["repeat","repeat"],
        "depthTest":true,
        "transparent":false,
        "depthWrite":true,
        "vertexColors":false,
        "colorEmissive":[0,0,0],
        "opacity":1,
        "mapDiffuseAnisotropy":1,
        "blending":"NormalBlending",
        "DbgIndex":0,
        "doubleSided":false,
        "shading":"phong",
        "visible":true,
        "mapDiffuseRepeat":[1,1],
        "colorSpecular":[0.5,0.5,0.5],
        "mapDiffuse":null,
        "DbgColor":15658734,
        "DbgName":"__1",
        "specularCoef":50
    }]
}