{
    "faces":[42,0,2,1,0,0,1,2,0,1,2,43,2,0,3,4,0,1,0,3,4,1,0,3,4,43,5,6,4,3,0,5,6,4,3,5,5,4,3],
    "colors":[],
    "uvs":[[0.225316,0.685422,0.770964,0.685422,0.498504,0.810974,-0.006953,0.446716,1.00323,0.446715,-0.105354,0.25525,1.10135,0.251816]],
    "normals":[0.642659,0.766137,0,0.642567,0.766198,0,0.417585,0.908628,0,0.842738,0.538255,-0.000458,0.842647,0.538438,-0.000458,0.891049,0.453871,-0.000702],
    "metadata":{
        "colors":0,
        "type":"Geometry",
        "vertices":7,
        "version":3,
        "faces":3,
        "generator":"io_three",
        "uvs":1,
        "normals":6,
        "materials":1
    },
    "vertices":[20.7057,55.2929,10.706,9.98541,60.2197,-0.014318,20.7057,55.2928,-10.706,29.8203,45.9257,19.8206,29.8203,45.9257,-19.8206,33.6816,38.4123,23.6819,33.6816,38.2775,-23.6708],
    "materials":[{
        "wireframe":false,
        "colorDiffuse":[0.64,0.64,0.64],
        "mapDiffuseWrap":["repeat","repeat"],
        "depthTest":true,
        "transparent":false,
        "depthWrite":true,
        "vertexColors":false,
        "colorEmissive":[0,0,0],
        "opacity":1,
        "mapDiffuseAnisotropy":1,
        "blending":"NormalBlending",
        "DbgIndex":0,
        "doubleSided":false,
        "shading":"phong",
        "visible":true,
        "mapDiffuseRepeat":[1,1],
        "colorSpecular":[0.5,0.5,0.5],
        "mapDiffuse":null,
        "DbgColor":15658734,
        "DbgName":"__1",
        "specularCoef":50
    }]
}