{
    "uvs":[[-0.359297,0.807157,-0.494245,0.955102,-0.628175,0.806148,-0.244503,0.642435,-0.743304,0.641367,-0.196149,0.536172,-0.791638,0.535735]],
    "colors":[],
    "metadata":{
        "uvs":1,
        "normals":6,
        "faces":3,
        "colors":0,
        "version":3,
        "generator":"io_three",
        "type":"Geometry",
        "vertices":7,
        "materials":1
    },
    "normals":[0,-0.766137,-0.642659,0,-0.908628,-0.417585,0,-0.766198,-0.642567,-0.000458,-0.538255,-0.842738,-0.000458,-0.538438,-0.842647,-0.000702,-0.453871,-0.891049],
    "vertices":[-10.7058,55.2929,20.7055,0.014517,60.2197,9.98517,10.7062,55.2929,20.7055,-19.8204,45.9257,29.82,19.8208,45.9257,29.8201,-23.6817,38.4123,33.6814,23.671,38.2776,33.6814],
    "faces":[42,0,1,2,0,0,1,2,0,1,2,43,3,0,2,4,0,3,0,2,4,3,0,2,4,43,5,3,4,6,0,5,3,4,6,5,3,4,5],
    "materials":[{
        "DbgColor":15658734,
        "colorSpecular":[0.5,0.5,0.5],
        "colorEmissive":[0,0,0],
        "opacity":1,
        "depthTest":true,
        "wireframe":false,
        "shading":"phong",
        "transparent":false,
        "doubleSided":false,
        "visible":true,
        "colorDiffuse":[0.64,0.64,0.64],
        "DbgIndex":0,
        "vertexColors":false,
        "specularCoef":50,
        "blending":"NormalBlending",
        "depthWrite":true,
        "DbgName":"__1"
    }]
}