{
    "faces":[42,0,2,1,0,0,1,2,0,1,2,43,2,0,3,4,0,1,0,3,4,1,0,3,4,43,5,6,4,3,0,5,6,4,3,5,5,4,3],
    "colors":[],
    "uvs":[[0.225218,0.684632,0.774987,0.684632,0.50047,0.811133,-0.008806,0.444123,1.00901,0.444123,-0.107949,0.251211,1.10787,0.247751]],
    "normals":[0,0.766137,-0.642659,0,0.766198,-0.642567,0,0.908628,-0.417585,-0.000458,0.538255,-0.842738,-0.000458,0.538438,-0.842647,-0.000702,0.453871,-0.891049],
    "metadata":{
        "colors":0,
        "type":"Geometry",
        "vertices":7,
        "version":3,
        "faces":3,
        "generator":"io_three",
        "uvs":1,
        "normals":6,
        "materials":1
    },
    "vertices":[10.7062,55.2928,-20.7055,-0.014082,60.2197,-9.98521,-10.7058,55.2928,-20.7055,19.8208,45.9257,-29.8201,-19.8203,45.9257,-29.8201,23.6822,38.4123,-33.6814,-23.6706,38.2775,-33.6814],
    "materials":[{
        "wireframe":false,
        "colorDiffuse":[0.64,0.64,0.64],
        "mapDiffuseWrap":["repeat","repeat"],
        "depthTest":true,
        "transparent":false,
        "depthWrite":true,
        "vertexColors":false,
        "colorEmissive":[0,0,0],
        "opacity":1,
        "mapDiffuseAnisotropy":1,
        "blending":"NormalBlending",
        "DbgIndex":0,
        "doubleSided":false,
        "shading":"phong",
        "visible":true,
        "mapDiffuseRepeat":[1,1],
        "colorSpecular":[0.5,0.5,0.5],
        "mapDiffuse":null,
        "DbgColor":15658734,
        "DbgName":"__1",
        "specularCoef":50
    }]
}