{
    "uvs":[[-0.359297,0.807157,-0.494245,0.955102,-0.628175,0.806148,-0.244503,0.642435,-0.743304,0.641367,-0.196149,0.536172,-0.791638,0.535735]],
    "colors":[],
    "metadata":{
        "uvs":1,
        "normals":6,
        "faces":3,
        "colors":0,
        "version":3,
        "generator":"io_three",
        "type":"Geometry",
        "vertices":7,
        "materials":1
    },
    "normals":[0.642659,-0.766137,0,0.417585,-0.908628,0,0.642567,-0.766198,0,0.842738,-0.538255,-0.000458,0.842647,-0.538438,-0.000458,0.891049,-0.453871,-0.000702],
    "vertices":[-20.7053,55.2928,-10.706,-9.98497,60.2197,0.014281,-20.7053,55.2929,10.706,-29.8198,45.9257,-19.8206,-29.8199,45.9257,19.8205,-33.6812,38.4123,-23.682,-33.6812,38.2775,23.6708],
    "faces":[42,0,1,2,0,0,1,2,0,1,2,43,3,0,2,4,0,3,0,2,4,3,0,2,4,43,5,3,4,6,0,5,3,4,6,5,3,4,5],
    "materials":[{
        "DbgColor":15658734,
        "colorSpecular":[0.5,0.5,0.5],
        "colorEmissive":[0,0,0],
        "opacity":1,
        "depthTest":true,
        "wireframe":false,
        "shading":"phong",
        "transparent":false,
        "doubleSided":false,
        "visible":true,
        "colorDiffuse":[0.64,0.64,0.64],
        "DbgIndex":0,
        "vertexColors":false,
        "specularCoef":50,
        "blending":"NormalBlending",
        "depthWrite":true,
        "DbgName":"__1"
    }]
}