{
    "uvs":[[-0.791638,0.535735,-0.826651,0.459215,-0.760201,0.492082,-0.754491,0.496121,-0.745072,0.501167,-0.736795,0.504847,-0.719454,0.510882,-0.696342,0.516363,-0.669185,0.520038,-0.583673,0.523278,-0.496418,0.523697,-0.409163,0.524118,-0.360076,0.522715,-0.323619,0.521671,-0.303454,0.519369,-0.283942,0.515653,-0.264425,0.510111,-0.249118,0.504022,-0.237982,0.498213,-0.232235,0.494161,-0.229419,0.491699,-0.161514,0.460059,-0.196149,0.536172,-0.359297,0.807157,-0.494245,0.955102,-0.628175,0.806148,-0.870246,0.260142,-0.829993,0.334188,-0.828264,0.454875,-0.244503,0.642435,-0.743304,0.641367,-0.217781,0.477878,-0.215915,0.475416,-0.223902,0.485951,-0.119188,0.263602,-0.177428,0.390746,-0.194136,0.434779,-0.205806,0.458397,-0.206823,0.460001,-0.134124,0.051829,-0.11751,0.03888,-0.139637,0.251725,-0.765742,0.486912,-0.771116,0.480687,-0.778869,0.469544,-0.784847,0.459268,-0.78865,0.452743,-0.790339,0.449069,-0.800001,0.428051,-0.844938,0.275199,-0.842667,0.284163,-0.870007,0.038599,-0.768443,0.414867,-0.827811,0.454926,-0.143034,0.264223]],
    "colors":[],
    "metadata":{
        "uvs":1,
        "normals":33,
        "faces":49,
        "colors":0,
        "version":3,
        "generator":"io_three",
        "type":"Geometry",
        "vertices":55,
        "materials":1
    },
    "normals":[0.001007,-0.456893,0.889492,-0.217536,-0.587634,0.77929,0.001251,-0.457991,0.888943,0.00119,-0.458602,0.888607,0.001038,-0.458449,0.888699,0.000885,-0.317148,0.948363,0,-0.766137,0.642659,0,-0.908628,0.417585,0,-0.766198,0.642567,-0.057192,-0.113987,0.991821,-0.014435,-0.213538,0.976806,-0.244331,-0.504349,0.828181,0.000458,-0.538255,0.842738,0.000458,-0.538438,0.842647,0.000366,-0.455977,0.88995,0.001953,-0.451491,0.89227,0,-0.457076,0.889401,0.061068,-0.117405,0.99118,0.006134,-0.22129,0.975158,0.000641,-0.223792,0.974609,0.001556,-0.380322,0.924833,-0.000885,0,0.999969,0.040071,-0.066591,0.996948,0.001984,-0.45146,0.89227,0.001953,-0.45146,0.89227,0.001526,-0.378216,0.925687,0.000885,-0.222907,0.974822,-0.008881,-0.221473,0.975097,-0.030457,-0.059236,0.997772,-0.107364,-0.161596,0.980987,0.013153,-0.001007,0.999908,0.005341,-0.999969,0.001007,0.106143,-0.174108,0.978973],
    "vertices":[-23.6706,38.2775,-33.5814,-26.4597,32.7372,-36.3786,-21.1728,35.1675,-35.1606,-20.7186,35.4593,-35.0139,-19.9692,35.8242,-34.831,-19.3109,36.0904,-34.6977,-17.9315,36.5276,-34.4796,-16.0934,36.9254,-34.2823,-13.9336,37.1938,-34.1513,-7.1333,37.4396,-34.042,-0.19451,37.483,-34.0354,6.74435,37.5263,-34.0288,10.648,37.4341,-34.0841,13.5473,37.3656,-34.1193,15.1512,37.2053,-34.2017,16.7033,36.9447,-34.3356,18.2561,36.5549,-34.5359,19.4743,36.1258,-34.7564,20.3606,35.7161,-34.967,20.8183,35.43,-35.114,21.0425,35.256,-35.2035,26.448,33.0307,-36.3472,23.6822,38.4123,-33.5814,10.7062,55.2928,-20.6054,-0.014082,60.2197,-9.88517,-10.7058,55.2928,-20.6055,-29.9313,17.5393,-39.831,-26.7243,23.2011,-38.5473,-26.515,32.7369,-36.4147,19.8208,45.9257,-29.72,-19.8203,45.9257,-29.72,21.97,34.2787,-35.7058,22.1187,34.1046,-35.7942,21.482,34.8497,-35.4123,29.9318,17.8699,-39.831,25.2215,27.6743,-37.5763,23.8672,31.0682,-36.7961,22.9257,32.8872,-36.3777,22.8439,33.0107,-36.3493,28.3883,-0.161349,-39.8323,29.9318,-0.164929,-39.831,28.2819,16.8556,-39.8324,-21.6138,34.7944,-35.3484,-22.0415,34.3453,-35.5747,-22.6586,33.5417,-35.9799,-23.1344,32.7557,-36.3766,-23.4368,32.2565,-36.491,-23.5711,31.9756,-36.5554,-24.3393,30.3692,-36.9199,-28.397,16.5014,-39.8341,-28.1428,17.5194,-39.6385,-29.9313,-0.164934,-39.831,-28.2934,-0.06096,-39.8707,-26.4783,32.7371,-36.378,28.0068,17.8283,-39.6296],
    "faces":[42,0,1,2,0,0,1,2,0,1,2,42,0,2,3,0,0,2,3,0,2,3,42,20,21,22,0,20,21,22,4,5,0,42,19,20,22,0,19,20,22,3,4,0,42,0,3,4,0,0,3,4,0,3,3,42,0,4,5,0,0,4,5,0,3,3,42,18,19,22,0,18,19,22,3,3,0,42,17,18,22,0,17,18,22,3,3,0,42,0,5,6,0,0,5,6,0,3,3,42,0,6,7,0,0,6,7,0,3,3,42,16,17,22,0,16,17,22,3,3,0,42,15,16,22,0,15,16,22,3,3,0,42,0,7,8,0,0,7,8,0,3,3,42,0,8,9,0,0,8,9,0,3,3,42,14,15,22,0,14,15,22,3,3,0,42,11,12,13,0,11,12,13,3,3,3,42,13,14,22,0,13,14,22,3,3,0,42,22,0,9,0,22,0,9,0,0,3,42,22,9,10,0,22,9,10,0,3,3,42,11,13,22,0,11,13,22,3,3,0,42,10,11,22,0,10,11,22,3,3,0,42,23,24,25,0,23,24,25,6,7,8,42,26,27,28,0,26,27,28,9,10,11,43,29,23,25,30,0,29,23,25,30,12,6,8,13,43,30,0,22,29,0,30,0,22,29,13,0,0,12,42,31,32,21,0,31,32,21,14,15,5,42,33,31,21,0,33,31,21,16,14,5,42,34,21,35,0,34,21,35,17,5,18,42,36,35,21,0,36,35,21,19,18,5,42,37,36,21,0,37,36,21,19,19,5,42,38,37,21,0,38,37,21,20,19,5,42,32,38,21,0,32,38,21,15,20,5,43,39,40,34,41,0,39,40,34,41,21,21,17,22,42,1,42,2,0,1,42,2,1,23,2,42,1,43,42,0,1,43,42,1,24,23,42,1,44,43,0,1,44,43,1,24,24,42,1,45,44,0,1,45,44,1,25,24,42,1,46,45,0,1,46,45,1,19,25,42,1,47,46,0,1,47,46,1,26,19,42,48,47,1,0,48,47,1,27,26,1,42,27,48,28,0,27,48,28,10,27,11,42,26,49,50,0,26,49,50,9,28,29,43,49,26,51,52,0,49,26,51,52,28,9,30,30,42,28,48,1,0,28,48,1,11,27,1,42,1,53,28,0,1,53,28,1,31,11,42,54,41,34,0,54,41,34,32,22,17,42,33,21,20,0,33,21,20,16,5,4,42,54,34,35,0,54,34,35,32,17,18,42,50,27,26,0,50,27,26,29,10,9],
    "materials":[{
        "DbgColor":15658734,
        "colorSpecular":[0.5,0.5,0.5],
        "colorEmissive":[0,0,0],
        "opacity":1,
        "depthTest":true,
        "wireframe":false,
        "shading":"phong",
        "transparent":false,
        "doubleSided":false,
        "visible":true,
        "colorDiffuse":[0.64,0.64,0.64],
        "DbgIndex":0,
        "vertexColors":false,
        "specularCoef":50,
        "blending":"NormalBlending",
        "depthWrite":true,
        "DbgName":"__2"
    }]
}