{
    "faces":[42,0,2,1,0,0,1,2,0,1,2,42,3,5,4,0,3,4,5,3,4,5,42,6,2,5,0,6,1,4,6,1,4,42,7,2,8,0,7,1,8,7,1,8,42,3,4,9,0,3,5,9,3,5,9,42,7,11,10,0,7,10,11,7,10,11,42,1,2,10,0,2,1,11,2,1,11,42,10,2,7,0,11,1,7,11,1,7,42,6,5,3,0,6,4,3,6,4,3,42,8,2,6,0,8,1,6,8,1,6,42,12,11,7,0,12,10,7,10,10,7],
    "colors":[],
    "uvs":[[-0.827811,0.454926,-0.826651,0.459215,-0.828264,0.454875,-0.359297,0.807157,-0.743304,0.641367,-0.628175,0.806148,-0.244503,0.642435,-0.119188,0.263602,-0.161514,0.460059,-0.494245,0.955102,-0.870007,0.038599,-0.870269,0.260142,-0.11751,0.03888]],
    "normals":[0.005554,0.999969,0.001007,-0.162114,0.382244,0.909696,-0.537858,0.173162,0.825037,0,0.766137,0.642659,0,0.536393,0.843928,0,0.766198,0.642567,0.001129,0.539262,0.842128,0.000336,0.104343,0.994537,0.00119,0.317057,0.948393,0,0.908628,0.417585,0,0,1,-0.000153,0.102756,0.99469],
    "metadata":{
        "colors":0,
        "type":"Geometry",
        "vertices":13,
        "version":3,
        "faces":11,
        "generator":"io_three",
        "uvs":1,
        "normals":12,
        "materials":1
    },
    "vertices":[26.4787,32.7371,36.3781,26.5154,32.7369,36.4148,26.4601,32.7372,36.3786,-10.7058,55.2928,20.6055,10.7062,55.2928,20.6055,19.8208,45.9257,29.7201,-19.8204,45.9256,29.7201,-29.9313,17.8698,39.8311,-26.4475,33.0306,36.3473,0.014496,60.2197,9.88525,29.9318,17.5393,39.8311,29.9318,-0.164921,39.8311,-29.9313,-0.164945,39.8311],
    "materials":[{
        "wireframe":false,
        "colorDiffuse":[0.64,0.64,0.64],
        "depthTest":true,
        "transparent":false,
        "depthWrite":true,
        "vertexColors":false,
        "colorEmissive":[0,0,0],
        "opacity":1,
        "blending":"NormalBlending",
        "DbgIndex":0,
        "doubleSided":false,
        "shading":"phong",
        "visible":true,
        "colorSpecular":[0.5,0.5,0.5],
        "DbgColor":15658734,
        "DbgName":"__2",
        "specularCoef":50
    }]
}