{
    "uvs":[[-0.827811,0.454926,-0.828264,0.454875,-0.826651,0.459215,-0.359297,0.807157,-0.628175,0.806148,-0.743304,0.641367,-0.244503,0.642435,-0.119188,0.263602,-0.161514,0.460059,-0.494245,0.955102,-0.870269,0.260142,-0.870007,0.038599,-0.11751,0.03888]],
    "colors":[],
    "metadata":{
        "uvs":1,
        "normals":12,
        "faces":11,
        "colors":0,
        "version":3,
        "generator":"io_three",
        "type":"Geometry",
        "vertices":13,
        "materials":1
    },
    "normals":[-0.005554,-0.999969,-0.001007,0.537858,-0.173162,-0.825037,0.162114,-0.382244,-0.909696,0,-0.766137,-0.642659,0,-0.766198,-0.642567,0,-0.536393,-0.843928,-0.001129,-0.539262,-0.842128,-0.000336,-0.104343,-0.994537,-0.00119,-0.317057,-0.948393,0,-0.908628,-0.417585,0.000153,-0.102756,-0.99469,0,0,-1],
    "vertices":[26.4787,32.7371,36.3781,26.5154,32.7369,36.4148,26.4601,32.7372,36.3786,-10.7058,55.2928,20.6055,10.7062,55.2928,20.6055,19.8208,45.9257,29.7201,-19.8204,45.9256,29.7201,-29.9313,17.8698,39.8311,-26.4475,33.0306,36.3473,0.014496,60.2197,9.88525,29.9318,17.5393,39.8311,29.9318,-0.164921,39.8311,-29.9313,-0.164945,39.8311],
    "faces":[42,0,1,2,0,0,1,2,0,1,2,42,3,4,5,0,3,4,5,3,4,5,42,6,5,2,0,6,5,2,6,5,2,42,7,8,2,0,7,8,2,7,8,2,42,3,9,4,0,3,9,4,3,9,4,42,7,10,11,0,7,10,11,7,10,11,42,1,10,2,0,1,10,2,1,10,2,42,10,7,2,0,10,7,2,10,7,2,42,6,3,5,0,6,3,5,6,3,5,42,8,6,2,0,8,6,2,8,6,2,42,12,7,11,0,12,7,11,11,7,11],
    "materials":[{
        "DbgColor":15658734,
        "colorSpecular":[0.5,0.5,0.5],
        "colorEmissive":[0,0,0],
        "opacity":1,
        "depthTest":true,
        "wireframe":false,
        "shading":"phong",
        "transparent":false,
        "doubleSided":false,
        "visible":true,
        "colorDiffuse":[0.64,0.64,0.64],
        "DbgIndex":0,
        "vertexColors":false,
        "specularCoef":50,
        "blending":"NormalBlending",
        "depthWrite":true,
        "DbgName":"__2"
    }]
}