{
    "faces":[42,0,2,1,0,0,1,2,0,1,2,42,2,3,1,0,1,3,2,1,3,2,42,4,5,1,0,4,5,2,1,1,2,42,6,8,7,0,6,7,8,4,5,6,42,9,0,1,0,9,0,2,7,0,2,42,10,1,11,0,10,2,11,1,2,8,42,12,13,1,0,12,13,2,9,1,2,42,14,9,1,0,14,9,2,1,7,2,42,15,1,10,0,15,2,10,3,2,1,42,5,14,1,0,5,14,2,1,1,2,42,12,1,15,0,12,2,15,9,2,3,42,16,17,1,0,16,17,2,10,11,2,42,17,4,1,0,17,4,2,11,1,2,42,16,1,13,0,16,2,13,10,2,1,42,18,11,1,0,18,11,2,12,8,2,43,19,20,1,8,0,19,20,2,7,13,13,2,5,43,21,22,8,6,0,21,22,7,6,4,4,5,4,43,3,7,8,1,0,3,8,7,2,3,6,5,2],
    "colors":[],
    "uvs":[[0.929689,0.665383,0.929,0.665387,0.99045,0.589491,0.894197,0.665579,0.933778,0.665361,0.933245,0.665363,0.110001,0.668913,0.009529,0.594907,0.290233,0.668913,0.930321,0.66538,0.943794,0.665305,0.973169,0.665143,0.94299,0.66531,0.942681,0.665311,0.930935,0.665376,0.943413,0.665307,0.941025,0.66532,0.935283,0.665352,0.973265,0.665941,0.009529,0.299388,0.99045,0.299388,0.110134,0.669447,0.026714,0.669694]],
    "normals":[0.975066,0.221809,-0.00119,0.975066,0.221778,-0.00119,0.99469,0.102756,0.000153,0.975066,0.221778,-0.001221,0.974609,0.223792,-0.000641,0.994537,0.104343,-0.000336,0.975036,0.221931,-0.00116,0.975066,0.22187,-0.001221,0.929777,0.132786,0.343272,0.975066,0.221809,-0.00116,0.975066,0.221747,-0.001221,0.975066,0.221809,-0.001221,0.835566,0.065218,0.545457,1,0,0],
    "metadata":{
        "colors":0,
        "type":"Geometry",
        "vertices":23,
        "version":3,
        "faces":18,
        "generator":"io_three",
        "uvs":1,
        "normals":14,
        "materials":1
    },
    "vertices":[38.8823,22.1708,-26.2234,39.9311,17.5393,-29.9315,38.8823,22.1711,-26.1813,38.8823,22.1828,-24.0574,38.8823,22.1695,-26.4729,38.8823,22.1696,-26.4404,38.8897,22.3863,23.8,38.8823,22.3863,12.8009,39.931,17.8699,29.9316,38.8823,22.1706,-26.2619,38.8823,22.1661,-27.0842,38.8823,22.1562,-28.8769,38.8823,22.1664,-27.0351,38.8823,22.1665,-27.0163,38.8823,22.1704,-26.2994,38.8823,22.1662,-27.0609,38.8823,22.167,-26.9152,38.8823,22.169,-26.5648,38.8823,22.2049,-28.8827,39.931,-0.164903,29.9316,39.9311,-0.164908,-29.9315,38.8822,22.4189,23.7919,38.8822,22.434,28.8828],
    "materials":[{
        "wireframe":false,
        "colorDiffuse":[0.64,0.64,0.64],
        "mapDiffuseWrap":["repeat","repeat"],
        "depthTest":true,
        "transparent":false,
        "depthWrite":true,
        "vertexColors":false,
        "colorEmissive":[0,0,0],
        "opacity":1,
        "mapDiffuseAnisotropy":1,
        "blending":"NormalBlending",
        "DbgIndex":0,
        "doubleSided":false,
        "shading":"phong",
        "visible":true,
        "mapDiffuseRepeat":[1,1],
        "colorSpecular":[0.5,0.5,0.5],
        "mapDiffuse":null,
        "DbgColor":15658734,
        "DbgName":"__1",
        "specularCoef":50
    }]
}