{
    "faces":[42,0,2,1,0,0,1,2,0,1,2,42,2,3,1,0,1,3,2,1,3,2,42,4,5,1,0,4,5,2,1,3,2,42,6,8,7,0,6,7,8,4,5,6,42,9,0,1,0,9,0,2,7,0,2,42,10,1,11,0,10,2,11,8,2,9,42,12,13,1,0,12,13,2,10,11,2,42,14,9,1,0,14,9,2,12,7,2,42,15,1,10,0,15,2,10,0,2,8,42,5,14,1,0,5,14,2,3,12,2,42,12,1,15,0,12,2,15,10,2,0,42,16,17,1,0,16,17,2,3,0,2,42,17,4,1,0,17,4,2,0,1,2,42,16,1,13,0,16,2,13,3,2,11,42,18,11,1,0,18,11,2,13,9,2,43,19,20,1,8,0,19,20,2,7,14,15,2,5,43,21,22,8,6,0,21,22,7,6,4,4,5,4,43,3,7,8,1,0,3,8,7,2,3,6,5,2],
    "colors":[],
    "uvs":[[1.00976,0.689927,1.00896,0.689931,1.08074,0.601275,0.968304,0.690156,1.01454,0.6899,1.01392,0.689904,0.052269,0.694051,-0.065094,0.607602,0.262802,0.694051,1.0105,0.689923,1.02624,0.689836,1.06055,0.689646,1.0253,0.689841,1.02494,0.689843,1.01122,0.689919,1.0258,0.689838,1.023,0.689854,1.0163,0.689891,1.06066,0.690579,-0.065094,0.2624,1.08074,0.2624,0.052424,0.694674,-0.04502,0.694963]],
    "normals":[-0.975066,0.221809,0.001221,-0.975066,0.221778,0.00119,-0.99469,0.102756,-0.000153,-0.975066,0.221778,0.001221,-0.974609,0.223792,0.000641,-0.994537,0.104343,0.000336,-0.975036,0.221931,0.00116,-0.975066,0.221839,0.001221,-0.975097,0.221686,0.001221,-0.929807,0.132786,-0.343181,-0.975066,0.221809,0.00116,-0.975097,0.221747,0.00119,-0.975097,0.221717,0.00119,-0.835658,0.065188,-0.545335,-1,0,0,-0.999969,0,0],
    "metadata":{
        "colors":0,
        "type":"Geometry",
        "vertices":23,
        "version":3,
        "faces":18,
        "generator":"io_three",
        "uvs":1,
        "normals":16,
        "materials":1
    },
    "vertices":[-38.8823,22.1708,26.2234,-39.9311,17.5393,29.9316,-38.8823,22.171,26.1814,-38.8823,22.1828,24.0575,-38.8823,22.1694,26.473,-38.8823,22.1696,26.4405,-38.8898,22.3863,-23.8,-38.8823,22.3863,-12.8009,-39.931,17.8699,-29.9315,-38.8823,22.1706,26.262,-38.8823,22.1661,27.0843,-38.8823,22.1562,28.8769,-38.8823,22.1663,27.0352,-38.8823,22.1664,27.0164,-38.8823,22.1704,26.2995,-38.8823,22.1662,27.061,-38.8823,22.167,26.9153,-38.8823,22.1689,26.5649,-38.8823,22.2049,28.8828,-39.931,-0.164929,-29.9315,-39.9311,-0.164935,29.9316,-38.8823,22.4188,-23.7918,-38.8823,22.4339,-28.8827],
    "materials":[{
        "wireframe":false,
        "colorDiffuse":[0.64,0.64,0.64],
        "mapDiffuseWrap":["repeat","repeat"],
        "depthTest":true,
        "transparent":false,
        "depthWrite":true,
        "vertexColors":false,
        "colorEmissive":[0,0,0],
        "opacity":1,
        "mapDiffuseAnisotropy":1,
        "blending":"NormalBlending",
        "DbgIndex":0,
        "doubleSided":false,
        "shading":"phong",
        "visible":true,
        "mapDiffuseRepeat":[1,1],
        "colorSpecular":[0.5,0.5,0.5],
        "mapDiffuse":null,
        "DbgColor":15658734,
        "DbgName":"__1",
        "specularCoef":50
    }]
}