{
    "uvs":[[-0.823678,0.320689,-0.870246,0.260142,-0.823151,0.320691,-0.796514,0.320777,-0.826807,0.320678,-0.8264,0.32068,-0.195739,0.322249,-0.333812,0.322517,-0.119188,0.263602,-0.824162,0.320687,-0.834473,0.320652,-0.857003,0.320617,-0.833858,0.320654,-0.833621,0.320655,-0.824632,0.320686,-0.834181,0.320653,-0.832354,0.320659,-0.82796,0.320675,-0.857373,0.319924,-0.870269,0.260142,-0.857018,0.320617,-0.11751,0.03888,-0.870007,0.038599,-0.195838,0.322672,-0.13193,0.322744]],
    "colors":[],
    "metadata":{
        "uvs":1,
        "normals":16,
        "faces":18,
        "colors":0,
        "version":3,
        "generator":"io_three",
        "type":"Geometry",
        "vertices":23,
        "materials":1
    },
    "normals":[-0.00119,-0.221778,-0.975066,0.000153,-0.102756,-0.99469,-0.001221,-0.221778,-0.975066,-0.000641,-0.223792,-0.974609,-0.00116,-0.221931,-0.975036,-0.000336,-0.104343,-0.994537,-0.00116,-0.221778,-0.975066,-0.001312,-0.221809,-0.975066,0.343364,-0.132756,-0.929746,-0.001312,-0.221747,-0.975097,-0.001251,-0.221778,-0.975066,-0.00119,-0.221747,-0.975097,-0.001282,-0.221778,-0.975066,0.545579,-0.065157,-0.835475,0,0,-0.999969,0,0,-1],
    "vertices":[26.2234,22.1708,38.8823,29.9315,17.5393,39.9311,26.1814,22.1711,38.8823,24.0574,22.1828,38.8823,26.473,22.1695,38.8823,26.4405,22.1696,38.8823,-23.8,22.3863,38.8898,-12.8009,22.3863,38.8823,-29.9315,17.8699,39.9311,26.262,22.1706,38.8823,27.0842,22.1661,38.8823,28.8769,22.1562,38.8823,27.0352,22.1663,38.8823,27.0163,22.1665,38.8823,26.2995,22.1704,38.8823,27.061,22.1662,38.8823,26.9153,22.167,38.8823,26.5648,22.1689,38.8823,28.8827,22.2049,38.8823,-29.9315,-0.164905,39.9311,29.9315,-0.164916,39.9311,-23.7919,22.4189,38.8823,-28.8828,22.434,38.8823],
    "faces":[42,0,1,2,0,0,1,2,0,1,2,42,2,1,3,0,2,1,3,2,1,2,42,4,1,5,0,4,1,5,0,1,2,42,6,7,8,0,6,7,8,3,4,5,42,9,1,0,0,9,1,0,6,1,0,42,10,11,1,0,10,11,1,7,8,1,42,12,1,13,0,12,1,13,9,1,10,42,14,1,9,0,14,1,9,11,1,6,42,15,10,1,0,15,10,1,12,7,1,42,5,1,14,0,5,1,14,2,1,11,42,12,15,1,0,12,15,1,9,12,1,42,16,1,17,0,16,1,17,2,1,0,42,17,1,4,0,17,1,4,0,1,0,42,16,13,1,0,16,13,1,2,10,1,42,18,1,11,0,18,19,20,13,1,8,43,19,8,1,20,0,21,8,19,22,14,5,1,15,43,21,6,8,22,0,23,6,8,24,3,3,5,3,43,3,1,8,7,0,3,1,8,7,2,1,5,4],
    "materials":[{
        "DbgColor":15658734,
        "colorSpecular":[0.5,0.5,0.5],
        "colorEmissive":[0,0,0],
        "opacity":1,
        "depthTest":true,
        "wireframe":false,
        "shading":"phong",
        "transparent":false,
        "doubleSided":false,
        "visible":true,
        "colorDiffuse":[0.64,0.64,0.64],
        "DbgIndex":0,
        "vertexColors":false,
        "specularCoef":50,
        "blending":"NormalBlending",
        "depthWrite":true,
        "DbgName":"__1"
    }]
}