{
    "uvs":[[-0.823678,0.320689,-0.870246,0.260142,-0.823151,0.320691,-0.796514,0.320777,-0.826807,0.320678,-0.8264,0.32068,-0.195739,0.322249,-0.333812,0.322517,-0.119188,0.263602,-0.824162,0.320687,-0.834473,0.320652,-0.857003,0.320617,-0.833858,0.320654,-0.833621,0.320655,-0.824632,0.320686,-0.834181,0.320653,-0.832354,0.320659,-0.82796,0.320675,-0.857373,0.319924,-0.870269,0.260142,-0.857018,0.320617,-0.11751,0.03888,-0.870007,0.038599,-0.195838,0.322672,-0.13193,0.322744]],
    "colors":[],
    "metadata":{
        "uvs":1,
        "normals":16,
        "faces":18,
        "colors":0,
        "version":3,
        "generator":"io_three",
        "type":"Geometry",
        "vertices":23,
        "materials":1
    },
    "normals":[0.975066,-0.221809,-0.001221,0.99469,-0.102756,0.000153,0.975066,-0.221778,-0.00119,0.975066,-0.221778,-0.001221,0.974609,-0.223792,-0.000641,0.975036,-0.221931,-0.00116,0.994537,-0.104343,-0.000336,0.975066,-0.221839,-0.001221,0.975097,-0.221686,-0.001221,0.929807,-0.132786,0.343181,0.975066,-0.221809,-0.00116,0.975097,-0.221747,-0.00119,0.975097,-0.221717,-0.00119,0.835658,-0.065188,0.545335,1,0,0,0.999969,0,0],
    "vertices":[-38.8823,22.1708,26.2234,-39.9311,17.5393,29.9316,-38.8823,22.171,26.1814,-38.8823,22.1828,24.0575,-38.8823,22.1694,26.473,-38.8823,22.1696,26.4405,-38.8898,22.3863,-23.8,-38.8823,22.3863,-12.8009,-39.931,17.8699,-29.9315,-38.8823,22.1706,26.262,-38.8823,22.1661,27.0843,-38.8823,22.1562,28.8769,-38.8823,22.1663,27.0352,-38.8823,22.1664,27.0164,-38.8823,22.1704,26.2995,-38.8823,22.1662,27.061,-38.8823,22.167,26.9153,-38.8823,22.1689,26.5649,-38.8823,22.2049,28.8828,-39.931,-0.164929,-29.9315,-39.9311,-0.164935,29.9316,-38.8823,22.4188,-23.7918,-38.8823,22.4339,-28.8827],
    "faces":[42,0,1,2,0,0,1,2,0,1,2,42,2,1,3,0,2,1,3,2,1,3,42,4,1,5,0,4,1,5,2,1,3,42,6,7,8,0,6,7,8,4,5,6,42,9,1,0,0,9,1,0,7,1,0,42,10,11,1,0,10,11,1,8,9,1,42,12,1,13,0,12,1,13,10,1,11,42,14,1,9,0,14,1,9,12,1,7,42,15,10,1,0,15,10,1,0,8,1,42,5,1,14,0,5,1,14,3,1,12,42,12,15,1,0,12,15,1,10,0,1,42,16,1,17,0,16,1,17,3,1,0,42,17,1,4,0,17,1,4,0,1,2,42,16,13,1,0,16,13,1,3,11,1,42,18,1,11,0,18,19,20,13,1,9,43,19,8,1,20,0,21,8,19,22,14,6,1,15,43,21,6,8,22,0,23,6,8,24,4,4,6,4,43,3,1,8,7,0,3,1,8,7,3,1,6,5],
    "materials":[{
        "DbgColor":15658734,
        "colorSpecular":[0.5,0.5,0.5],
        "colorEmissive":[0,0,0],
        "opacity":1,
        "depthTest":true,
        "wireframe":false,
        "shading":"phong",
        "transparent":false,
        "doubleSided":false,
        "visible":true,
        "colorDiffuse":[0.64,0.64,0.64],
        "DbgIndex":0,
        "vertexColors":false,
        "specularCoef":50,
        "blending":"NormalBlending",
        "depthWrite":true,
        "DbgName":"__1"
    }]
}