{
    "faces":[42,0,2,1,0,0,1,2,0,1,2,42,2,3,1,0,1,3,2,1,1,2,42,4,5,1,0,4,5,2,0,1,2,42,6,8,7,0,6,7,8,3,4,5,42,9,0,1,0,9,0,2,6,0,2,42,10,1,11,0,10,2,11,7,2,8,42,12,13,1,0,12,13,2,9,10,2,42,14,9,1,0,14,9,2,11,6,2,42,15,1,10,0,15,2,10,12,2,7,42,5,14,1,0,5,14,2,1,11,2,42,12,1,15,0,12,2,15,9,2,12,42,16,17,1,0,16,17,2,1,0,2,42,17,4,1,0,17,4,2,0,0,2,42,16,1,13,0,16,2,13,1,2,10,42,18,11,1,0,18,11,2,13,8,2,43,19,20,1,8,0,19,20,2,7,14,15,2,4,43,21,22,8,6,0,21,22,7,6,3,3,4,3,43,3,7,8,1,0,3,8,7,2,1,5,4,2],
    "colors":[],
    "uvs":[[0.944827,0.693234,0.944114,0.693238,1.00773,0.61467,0.908085,0.693437,0.94906,0.693211,0.948508,0.693214,0.096282,0.696889,-0.007728,0.620277,0.282859,0.696889,0.945481,0.69323,0.959429,0.693153,0.989838,0.692986,0.958596,0.693158,0.958277,0.69316,0.946117,0.693227,0.959034,0.693156,0.956562,0.693169,0.950618,0.693202,0.989937,0.693812,-0.007728,0.314354,1.00773,0.314353,0.096419,0.697441,0.010063,0.697697]],
    "normals":[0.00119,0.221778,0.975066,0.001221,0.221778,0.975066,-0.000153,0.102756,0.99469,0.000641,0.223792,0.974609,0.000336,0.104343,0.994537,0.00116,0.221931,0.975036,0.00116,0.221778,0.975066,0.001312,0.221809,0.975066,-0.343364,0.132756,0.929746,0.001312,0.221747,0.975097,0.001251,0.221778,0.975066,0.00119,0.221747,0.975097,0.001282,0.221778,0.975066,-0.545579,0.065157,0.835475,0,0,0.999969,0,0,1],
    "metadata":{
        "colors":0,
        "type":"Geometry",
        "vertices":23,
        "version":3,
        "faces":18,
        "generator":"io_three",
        "uvs":1,
        "normals":16,
        "materials":1
    },
    "vertices":[26.2234,22.1708,38.8823,29.9315,17.5393,39.9311,26.1814,22.1711,38.8823,24.0574,22.1828,38.8823,26.473,22.1695,38.8823,26.4405,22.1696,38.8823,-23.8,22.3863,38.8898,-12.8009,22.3863,38.8823,-29.9315,17.8699,39.9311,26.262,22.1706,38.8823,27.0842,22.1661,38.8823,28.8769,22.1562,38.8823,27.0352,22.1663,38.8823,27.0163,22.1665,38.8823,26.2995,22.1704,38.8823,27.061,22.1662,38.8823,26.9153,22.167,38.8823,26.5648,22.1689,38.8823,28.8827,22.2049,38.8823,-29.9315,-0.164905,39.9311,29.9315,-0.164916,39.9311,-23.7919,22.4189,38.8823,-28.8828,22.434,38.8823],
    "materials":[{
        "wireframe":false,
        "colorDiffuse":[0.64,0.64,0.64],
        "mapDiffuseWrap":["repeat","repeat"],
        "depthTest":true,
        "transparent":false,
        "depthWrite":true,
        "vertexColors":false,
        "colorEmissive":[0,0,0],
        "opacity":1,
        "mapDiffuseAnisotropy":1,
        "blending":"NormalBlending",
        "DbgIndex":0,
        "doubleSided":false,
        "shading":"phong",
        "visible":true,
        "mapDiffuseRepeat":[1,1],
        "colorSpecular":[0.5,0.5,0.5],
        "mapDiffuse":null,
        "DbgColor":15658734,
        "DbgName":"__1",
        "specularCoef":50
    }]
}