{
    "faces":[43,0,1,2,3,0,0,1,2,3,0,0,1,1,43,4,5,6,7,0,4,5,6,7,2,2,3,3,43,8,9,10,11,0,8,9,10,11,4,4,5,5,43,11,10,12,13,0,11,10,12,13,5,5,6,6,43,14,15,16,17,0,14,15,16,17,7,7,8,8,43,18,19,9,8,0,18,19,9,8,9,9,4,4,43,20,21,22,23,0,20,21,22,23,10,10,11,11,43,24,25,21,20,0,24,25,21,20,12,12,10,10,43,26,27,25,24,0,26,27,25,24,13,13,12,12,43,5,4,27,26,0,5,4,27,26,2,2,13,13,43,15,14,7,6,0,15,14,7,6,7,7,3,3,43,19,18,17,16,0,19,18,17,16,9,9,8,8,43,28,29,13,12,0,28,29,13,12,14,14,6,6,43,30,31,29,28,0,30,31,29,28,15,15,14,14,43,1,0,32,33,0,1,0,32,33,0,0,16,16,43,23,22,3,2,0,23,22,3,2,11,11,1,1,43,34,33,32,35,0,34,33,32,35,17,16,16,17,43,36,31,30,37,0,36,31,30,37,18,15,15,18],
    "normals":[0,-0.590777,-0.806787,0,-0.513688,-0.857967,0,-0.088473,-0.996063,0,0,-0.999969,0,0.374126,-0.927335,0,0.459426,-0.88818,0,0.539964,-0.84167,0,0.096438,-0.995331,0,0.191778,-0.981414,0,0.284677,-0.958617,0,-0.344737,-0.938688,0,-0.431501,-0.902097,0,-0.254036,-0.967162,0,-0.168187,-0.985748,0,0.615314,-0.788263,0,0.68511,-0.728416,0,-0.662465,-0.749046,0,-0.696188,-0.717826,0,0.717826,-0.696188],
    "vertices":[100.037,107.523,-14.6125,-100.017,107.523,-14.6125,-100.017,108.909,-15.5323,100.037,108.909,-15.5323,100.037,116.391,-17.9945,-100.017,116.391,-17.9945,-100.017,118.162,-18.08,100.037,118.162,-18.08,100.037,124.916,-16.7753,-100.017,124.916,-16.7753,-100.017,126.442,-16.0744,100.037,126.442,-16.0744,-100.017,127.886,-15.2396,100.037,127.886,-15.2396,100.037,119.932,-17.9945,-100.017,119.932,-17.9945,-100.017,121.654,-17.7432,100.037,121.654,-17.7432,100.037,123.318,-17.3342,-100.017,123.318,-17.3342,-100.017,111.932,-16.9777,100.037,111.932,-16.9777,100.037,110.381,-16.3233,-100.017,110.381,-16.3233,-100.017,113.553,-17.4876,100.037,113.553,-17.4876,-100.017,115.237,-17.8449,100.037,115.237,-17.8449,-100.017,129.242,-14.2786,100.037,129.242,-14.2786,-100.017,130.5,-13.1996,100.037,130.5,-13.1996,100.037,106.231,-13.5719,-100.017,106.231,-13.5719,-100.017,105.554,-12.9153,100.037,105.554,-12.9153,100.037,130.776,-12.9153,-100.017,130.776,-12.9153],
    "metadata":{
        "generator":"io_three",
        "materials":1,
        "normals":19,
        "uvs":1,
        "vertices":38,
        "faces":18,
        "type":"Geometry",
        "version":3,
        "colors":0
    },
    "materials":[{
        "doubleSided":false,
        "specularCoef":50,
        "depthTest":true,
        "wireframe":false,
        "DbgIndex":0,
        "DbgName":"Mat_1.001",
        "transparent":false,
        "opacity":1,
        "shading":"phong",
        "DbgColor":15658734,
        "colorDiffuse":[0.64,0.64,0.64],
        "depthWrite":true,
        "colorSpecular":[0.5,0.5,0.5],
        "colorEmissive":[0,0,0],
        "visible":true,
        "vertexColors":false,
        "blending":"NormalBlending"
    }],
    "uvs":[[0.65,0.732784,0.65,0.267267,0.665,0.270231,0.665,0.729819,0.735,0.715035,0.735,0.285012,0.75,0.288236,0.75,0.71181,0.81,0.700349,0.81,0.299695,0.825,0.302113,0.825,0.69793,0.84,0.30435,0.84,0.695693,0.765,0.708681,0.765,0.291365,0.78,0.294319,0.78,0.705726,0.795,0.702948,0.795,0.297096,0.695,0.276441,0.695,0.723607,0.68,0.726751,0.68,0.273298,0.71,0.279636,0.71,0.720412,0.725,0.282858,0.725,0.717189,0.855,0.306403,0.855,0.693639,0.87,0.308271,0.87,0.691771,0.635,0.735616,0.635,0.264435,0.626462,0.262915,0.626462,0.737136,0.873585,0.691369,0.873585,0.308673]],
    "colors":[]
}