{
    "faces":[43,0,1,2,3,0,0,1,2,3,0,0,1,1,43,4,5,6,7,0,4,5,6,7,2,2,3,3,43,8,9,10,11,0,8,9,10,11,4,4,5,5,43,12,13,14,15,0,12,13,14,15,6,6,7,7,43,9,8,7,6,0,9,8,7,6,4,4,3,3,43,16,17,11,10,0,16,17,11,10,8,8,5,5,43,18,19,20,21,0,18,19,20,21,9,9,10,10,43,22,23,24,25,0,22,23,24,25,11,11,12,12,43,26,27,23,22,0,26,27,23,22,13,13,11,11,43,28,29,30,31,0,28,29,30,31,14,14,15,15,43,32,33,34,35,0,32,33,34,35,16,16,17,17,43,27,26,36,37,0,27,26,36,37,13,13,18,18,43,38,39,31,30,0,38,39,31,30,19,19,15,15,43,3,2,5,4,0,3,2,5,4,1,1,2,2,43,17,16,21,20,0,17,16,21,20,8,8,10,10,43,19,18,25,24,0,19,18,25,24,9,9,12,12,43,37,36,39,38,0,37,36,39,38,18,18,19,19,43,29,28,35,34,0,29,28,35,34,14,14,17,17,43,33,32,13,12,0,33,32,13,12,16,16,6,6],
    "normals":[0.759087,0,0.65096,0.728416,0,0.68511,0.662465,0,0.749046,0.590777,0,0.806787,0.513657,0,0.857967,0.431501,0,0.902097,-0.68511,0,0.728416,-0.717826,0,0.696188,0.344737,0,0.938688,0.168187,0,0.985748,0.254036,0,0.967162,0,0,1,0.088473,0,0.996063,-0.096438,0,0.995331,-0.459426,0,0.88818,-0.374126,0,0.927366,-0.615314,0,0.788263,-0.539964,0,0.84167,-0.191778,0,0.981414,-0.284677,0,0.958617],
    "vertices":[-63.3068,8.81418,8.63221,-63.3068,58.8142,8.63328,-63.5793,58.8142,8.95112,-63.5802,8.81418,8.95112,-64.4392,8.81418,9.78415,-64.4383,58.8142,9.78416,-65.3711,58.8142,10.5357,-65.372,8.81418,10.5357,-66.3729,8.81418,11.2,-66.372,58.8142,11.2,-67.4354,58.8142,11.7713,-67.4363,8.81418,11.7713,-81.9666,8.81418,9.51525,-81.9657,58.8142,9.51525,-82.7987,58.8142,8.65632,-82.7996,8.81418,8.65632,-68.5554,58.8142,12.2439,-68.5563,8.81418,12.2439,-70.9426,58.8142,12.8702,-70.9435,8.81418,12.8702,-69.7273,8.81418,12.6122,-69.7264,58.8142,12.6122,-73.0546,58.8142,13.04,-73.0555,8.81418,13.04,-71.7766,8.81418,12.9782,-71.7757,58.8142,12.9782,-74.3334,58.8142,12.9782,-74.3344,8.81418,12.9782,-79.0348,58.8142,11.5915,-79.0358,8.81418,11.5915,-77.934,8.81418,12.0977,-77.9331,58.8142,12.0977,-81.0569,58.8142,10.2946,-81.0578,8.81418,10.2946,-80.0789,8.81418,10.9886,-80.078,58.8142,10.9886,-75.5766,58.8142,12.7968,-75.5776,8.81418,12.7968,-76.7793,8.81418,12.5014,-76.7784,58.8142,12.5014],
    "metadata":{
        "generator":"io_three",
        "materials":1,
        "normals":20,
        "uvs":1,
        "vertices":40,
        "faces":19,
        "type":"Geometry",
        "version":3,
        "colors":0
    },
    "materials":[{
        "doubleSided":false,
        "specularCoef":50,
        "depthTest":true,
        "wireframe":false,
        "DbgIndex":0,
        "DbgName":"Mat.001",
        "transparent":false,
        "opacity":1,
        "shading":"phong",
        "DbgColor":15658734,
        "colorDiffuse":[0.64,0.64,0.64],
        "depthWrite":true,
        "colorSpecular":[0.5,0.5,0.5],
        "colorEmissive":[0,0,0],
        "visible":true,
        "vertexColors":false,
        "blending":"NormalBlending"
    }],
    "uvs":[[0.614736,0.965379,0.614754,0.767923,0.62,0.768926,0.62,0.965529,0.635,0.965989,0.635,0.772006,0.65,0.775259,0.65,0.966474,0.665,0.96698,0.665,0.778648,0.68,0.782139,0.68,0.9675,0.87,0.973262,0.87,0.82076,0.885,0.822563,0.885,0.973532,0.695,0.785698,0.695,0.968032,0.725,0.792909,0.725,0.969107,0.71,0.968568,0.71,0.789297,0.75,0.798896,0.75,0.970001,0.735,0.969466,0.735,0.795313,0.765,0.802356,0.765,0.970517,0.825,0.814113,0.825,0.972271,0.81,0.971879,0.81,0.811485,0.855,0.81875,0.855,0.972963,0.84,0.972632,0.84,0.816534,0.78,0.805607,0.78,0.971002,0.795,0.971456,0.795,0.80865]],
    "colors":[]
}