{
    "uvs":[[-0.137101,0.378686,1.10458,0.378686,1.10458,0.389596,-0.137101,0.389596,-0.137101,0.401444,1.10458,0.401444,1.10458,0.414157,-0.137101,0.414157,-0.137101,0.482792,1.10458,0.482792,1.10458,0.499036,-0.137101,0.499036,-0.137101,0.560999,1.10458,0.560999,1.10458,0.574994,-0.137101,0.574994,1.10458,0.588243,-0.137101,0.588243,-0.137101,0.515279,1.10458,0.515279,1.10458,0.531069,-0.137101,0.531069,-0.137101,0.546334,1.10458,0.546334,1.10458,0.441889,-0.137101,0.441889,-0.137101,0.427663,1.10458,0.427663,1.10458,0.456762,-0.137101,0.456762,1.10458,0.47221,-0.137101,0.47221,1.10458,0.600677,-0.137101,0.600677,1.10458,0.61222,-0.137101,0.61222,1.10458,0.6228,-0.137101,0.6228]],
    "materials":[{
        "vertexColors":false,
        "DbgName":"Mat.002",
        "blending":"NormalBlending",
        "DbgIndex":0,
        "colorEmissive":[0,0,0],
        "mapDiffuseWrap":["repeat","repeat"],
        "mapDiffuseRepeat":[1,1],
        "doubleSided":false,
        "wireframe":false,
        "DbgColor":15658734,
        "opacity":1,
        "colorDiffuse":[0.64,0.64,0.64],
        "colorSpecular":[0.5,0.5,0.5],
        "mapDiffuse":null,
        "shading":"phong",
        "depthWrite":true,
        "depthTest":true,
        "visible":true,
        "specularCoef":50,
        "mapDiffuseAnisotropy":1,
        "transparent":false
    }],
    "faces":[43,0,1,2,3,0,0,1,2,3,0,0,1,1,43,4,5,6,7,0,4,5,6,7,2,2,3,3,43,8,9,10,11,0,8,9,10,11,4,4,5,5,43,12,13,14,15,0,12,13,14,15,6,6,7,7,43,15,14,16,17,0,15,14,16,17,7,7,8,8,43,18,19,20,21,0,18,19,20,21,9,9,10,10,43,22,23,13,12,0,22,23,13,12,11,11,6,6,43,24,25,26,27,0,24,25,26,27,12,12,13,13,43,28,29,25,24,0,28,29,25,24,14,14,12,12,43,30,31,29,28,0,30,31,29,28,15,15,14,14,43,9,8,31,30,0,9,8,31,30,4,4,15,15,43,19,18,11,10,0,19,18,11,10,9,9,5,5,43,23,22,21,20,0,23,22,21,20,11,11,10,10,43,32,33,17,16,0,32,33,17,16,16,16,8,8,43,34,35,33,32,0,34,35,33,32,17,17,16,16,43,5,4,3,2,0,5,4,3,2,2,2,1,1,43,27,26,7,6,0,27,26,7,6,13,13,3,3,43,36,37,35,34,0,36,37,35,34,18,18,17,17],
    "normals":[0,-0.696188,0.717826,0,-0.662465,0.749046,0,-0.590777,0.806787,0,-0.513657,0.857967,0,-0.088473,0.996063,0,0,0.999969,0,0.374126,0.927366,0,0.459426,0.88818,0,0.539964,0.84167,0,0.096438,0.995331,0,0.191778,0.981414,0,0.284677,0.958617,0,-0.344737,0.938688,0,-0.431501,0.902097,0,-0.254036,0.967162,0,-0.168187,0.985748,0,0.615314,0.788263,0,0.68511,0.728416,0,0.717826,0.696188],
    "vertices":[-60.1269,84.1523,11.0275,60.1918,84.1523,11.0275,60.1918,85.2094,12.0528,-60.1269,85.2094,12.0528,-60.1269,86.3575,12.9778,60.1918,86.3575,12.9778,60.1918,87.5894,13.7954,-60.1269,87.5894,13.7954,-60.1269,94.2401,15.984,60.1918,94.2401,15.984,60.1918,95.8141,16.06,-60.1269,95.8141,16.06,-60.1269,101.818,14.9003,60.1918,101.818,14.9003,60.1918,103.174,14.2773,-60.1269,103.174,14.2773,60.1918,104.458,13.5352,-60.1269,104.458,13.5352,-60.1269,97.3881,15.984,60.1918,97.3881,15.984,60.1918,98.9182,15.7607,-60.1269,98.9182,15.7607,-60.1269,100.397,15.3971,60.1918,100.397,15.3971,60.1918,90.2766,15.0802,-60.1269,90.2766,15.0802,-60.1269,88.8981,14.4985,60.1918,88.8981,14.4985,60.1918,91.7178,15.5334,-60.1269,91.7178,15.5334,60.1918,93.2147,15.8511,-60.1269,93.2147,15.8511,60.1918,105.663,12.681,-60.1269,105.663,12.681,60.1918,106.782,11.7219,-60.1269,106.782,11.7219,60.1918,107.807,10.6647,-60.1269,107.807,10.6647],
    "colors":[],
    "metadata":{
        "faces":18,
        "vertices":38,
        "colors":0,
        "uvs":1,
        "version":3,
        "type":"Geometry",
        "normals":19,
        "materials":1,
        "generator":"io_three"
    }
}