{
    "uvs":[[-0.000672,0.322104,1.00324,0.322087,1.00324,0.34124,-0.000672,0.341258,-0.000672,0.36181,1.00324,0.361793,1.00324,0.383627,-0.000672,0.383644,-0.000672,0.682001,1.00324,0.681983,1.00324,0.699089,-0.000672,0.699106,1.00324,0.406625,-0.000672,0.406642,1.00324,0.455642,-0.000672,0.45566,-0.000672,0.430687,1.00324,0.430669,1.00324,0.499008,-0.000672,0.499026,-0.000672,0.472766,1.00324,0.472749,1.00324,0.525268,-0.000672,0.525285,1.00324,0.621803,-0.000672,0.62182,-0.000672,0.599197,1.00324,0.59918,1.00324,0.663323,-0.000672,0.66334,-0.000672,0.64324,1.00324,0.643223,1.00324,0.550795,-0.000672,0.550812,-0.000672,0.575489,1.00324,0.575471,-0.000672,0.304467,1.00324,0.30445]],
    "materials":[{
        "vertexColors":false,
        "DbgName":"Mat_1",
        "blending":"NormalBlending",
        "DbgIndex":0,
        "colorEmissive":[0,0,0],
        "mapDiffuseWrap":["repeat","repeat"],
        "mapDiffuseRepeat":[1,1],
        "doubleSided":false,
        "wireframe":false,
        "DbgColor":15658734,
        "opacity":1,
        "colorDiffuse":[0.64,0.64,0.64],
        "colorSpecular":[0.5,0.5,0.5],
        "mapDiffuse":null,
        "shading":"phong",
        "depthWrite":true,
        "depthTest":true,
        "visible":true,
        "specularCoef":50,
        "mapDiffuseAnisotropy":1,
        "transparent":false
    }],
    "faces":[43,0,1,2,3,0,0,1,2,3,0,0,1,1,43,4,5,6,7,0,4,5,6,7,2,2,3,3,43,8,9,10,11,0,8,9,10,11,4,4,5,5,43,5,4,3,2,0,5,4,3,2,2,2,1,1,43,12,13,7,6,0,12,13,7,6,6,6,3,3,43,14,15,16,17,0,14,15,16,17,7,7,8,8,43,18,19,20,21,0,18,19,20,21,9,9,10,10,43,22,23,19,18,0,22,23,19,18,11,11,9,9,43,24,25,26,27,0,24,25,26,27,12,12,13,13,43,28,29,30,31,0,28,29,30,31,14,14,15,15,43,23,22,32,33,0,23,22,32,33,11,11,16,16,43,34,35,27,26,0,34,35,27,26,17,17,13,13,43,1,0,36,37,0,1,0,36,37,0,0,18,18,43,13,12,17,16,0,13,12,17,16,6,6,8,8,43,15,14,21,20,0,15,14,21,20,7,7,10,10,43,33,32,35,34,0,33,32,35,34,16,16,17,17,43,25,24,31,30,0,25,24,31,30,12,12,15,15,43,29,28,9,8,0,29,28,9,8,14,14,4,4],
    "normals":[-0.662465,0,-0.749046,-0.590777,0,-0.806787,-0.513688,0,-0.857967,-0.431501,0,-0.902097,0.68511,0,-0.728416,0.717826,0,-0.696188,-0.344737,0,-0.938688,-0.168187,0,-0.985748,-0.254036,0,-0.967162,0,0,-1,-0.088473,0,-0.996063,0.096438,0,-0.995331,0.459426,0,-0.88818,0.374126,0,-0.927366,0.615314,0,-0.788263,0.539964,0,-0.84167,0.191778,0,-0.981414,0.284677,0,-0.958617,-0.696188,0,-0.717826],
    "vertices":[85.2574,11.9598,-12.0528,85.2564,72.1341,-12.0528,86.4044,72.1341,-12.9778,86.4055,11.9598,-12.9778,87.6374,11.9598,-13.7953,87.6364,72.1341,-13.7953,88.9451,72.1341,-14.4985,88.9461,11.9598,-14.4985,106.83,11.9598,-11.7218,106.829,72.1341,-11.7218,107.854,72.1341,-10.6647,107.855,11.9598,-10.6647,90.3236,72.1341,-15.0802,90.3246,11.9598,-15.0802,93.2617,72.1341,-15.851,93.2627,11.9598,-15.851,91.7659,11.9598,-15.5334,91.7648,72.1341,-15.5334,95.8611,72.1341,-16.06,95.8621,11.9598,-16.06,94.2881,11.9598,-15.984,94.2871,72.1341,-15.984,97.4351,72.1341,-15.984,97.4361,11.9598,-15.984,103.221,72.1341,-14.2773,103.222,11.9598,-14.2773,101.866,11.9598,-14.9003,101.865,72.1341,-14.9002,105.71,72.1341,-12.681,105.711,11.9598,-12.681,104.506,11.9598,-13.5352,104.505,72.1341,-13.5352,98.9651,72.1341,-15.7607,98.9662,11.9598,-15.7607,100.445,11.9598,-15.3971,100.444,72.1341,-15.3971,84.2003,11.9598,-11.0275,84.1992,72.1341,-11.0275],
    "colors":[],
    "metadata":{
        "faces":18,
        "vertices":38,
        "colors":0,
        "uvs":1,
        "version":3,
        "type":"Geometry",
        "normals":19,
        "materials":1,
        "generator":"io_three"
    }
}