{
    "faces":[43,0,1,2,3,0,0,1,2,3,0,0,1,1,43,4,5,6,7,0,4,5,6,7,2,2,3,3,43,8,9,10,11,0,8,9,10,11,4,4,5,5,43,12,13,14,15,0,12,13,14,15,6,6,7,7,43,15,14,16,17,0,15,14,16,17,7,7,8,8,43,18,19,20,21,0,18,19,20,21,9,9,10,10,43,22,23,13,12,0,22,23,13,12,11,11,6,6,43,24,25,26,27,0,24,25,26,27,12,12,13,13,43,28,29,25,24,0,28,29,25,24,14,14,12,12,43,30,31,29,28,0,30,31,29,28,15,15,14,14,43,9,8,31,30,0,9,8,31,30,4,4,15,15,43,19,18,11,10,0,19,18,11,10,9,9,5,5,43,23,22,21,20,0,23,22,21,20,11,11,10,10,43,32,33,17,16,0,32,33,17,16,16,16,8,8,43,34,35,33,32,0,34,35,33,32,17,17,16,16,43,5,4,3,2,0,5,4,3,2,2,2,1,1,43,27,26,7,6,0,27,26,7,6,13,13,3,3,43,36,37,35,34,0,36,37,35,34,18,18,17,17,43,0,39,38,1,0,0,39,38,1,0,19,19,0],
    "normals":[0,-0.728416,0.68511,0,-0.662465,0.749046,0,-0.590777,0.806787,0,-0.513688,0.857967,0,-0.088473,0.996063,0,0,0.999969,0,0.374126,0.927366,0,0.459426,0.88818,0,0.539964,0.84167,0,0.096438,0.995331,0,0.191778,0.981414,0,0.284677,0.958617,0,-0.344737,0.938688,0,-0.431501,0.902097,0,-0.254036,0.967162,0,-0.168187,0.985748,0,0.615314,0.788263,0,0.68511,0.728416,0,0.717826,0.696188,0,-0.759087,0.65096],
    "vertices":[-49.4603,63.6275,8.95113,49.5997,63.6275,8.95113,49.5997,64.4865,9.78416,-49.4603,64.4865,9.78416,-49.4603,65.4193,10.5357,49.5997,65.4193,10.5357,49.5997,66.4202,11.2,-49.4603,66.4202,11.2,-49.4603,71.8239,12.9783,49.5997,71.8239,12.9783,49.5997,73.1028,13.04,-49.4603,73.1028,13.04,-49.4603,77.9813,12.0977,49.5997,77.9813,12.0977,49.5997,79.0831,11.5915,-49.4603,79.0831,11.5915,49.5997,80.1262,10.9886,-49.4603,80.1262,10.9886,-49.4603,74.3817,12.9783,49.5997,74.3817,12.9783,49.5997,75.6248,12.7968,-49.4603,75.6248,12.7968,-49.4603,76.8266,12.5014,49.5997,76.8266,12.5014,49.5997,68.6036,12.2439,-49.4603,68.6036,12.2439,-49.4603,67.4836,11.7713,49.5997,67.4836,11.7713,49.5997,69.7746,12.6122,-49.4603,69.7746,12.6122,49.5997,70.9908,12.8702,-49.4603,70.9908,12.8702,49.5997,81.1051,10.2946,-49.4603,81.1051,10.2946,49.5997,82.0139,9.51526,-49.4603,82.0139,9.51526,49.5997,82.8469,8.65633,-49.4603,82.8469,8.65633,49.5997,63.347,8.62394,-49.4603,63.347,8.62394],
    "metadata":{
        "generator":"io_three",
        "materials":1,
        "normals":20,
        "uvs":1,
        "vertices":40,
        "faces":19,
        "type":"Geometry",
        "version":3,
        "colors":0
    },
    "materials":[{
        "doubleSided":false,
        "specularCoef":50,
        "depthTest":true,
        "wireframe":false,
        "DbgIndex":0,
        "DbgName":"Mat.001",
        "transparent":false,
        "opacity":1,
        "shading":"phong",
        "DbgColor":15658734,
        "colorDiffuse":[0.64,0.64,0.64],
        "depthWrite":true,
        "colorSpecular":[0.5,0.5,0.5],
        "colorEmissive":[0,0,0],
        "visible":true,
        "vertexColors":false,
        "blending":"NormalBlending"
    }],
    "uvs":[[0.62,0.694483,0.62,0.304971,0.635,0.307571,0.635,0.69189,0.65,0.689152,0.65,0.310317,0.665,0.313177,0.665,0.6863,0.735,0.672274,0.735,0.327242,0.75,0.330266,0.75,0.669258,0.81,0.658663,0.81,0.340891,0.825,0.343109,0.825,0.656452,0.84,0.345153,0.84,0.654414,0.765,0.666347,0.765,0.333187,0.78,0.33593,0.78,0.66361,0.795,0.661049,0.795,0.338499,0.695,0.319127,0.695,0.680366,0.68,0.683362,0.68,0.316123,0.71,0.322165,0.71,0.677337,0.725,0.325213,0.725,0.674297,0.855,0.347023,0.855,0.652549,0.87,0.348719,0.87,0.650857,0.885,0.350241,0.885,0.64934,0.6146,0.3041,0.6146,0.695351]],
    "colors":[]
}