{
    "uvs":[[0.987949,0.678135,0.002573,0.678152,0.002573,0.659352,0.987949,0.659335,0.987949,0.639162,0.002573,0.639179,0.002573,0.617747,0.987949,0.617731,0.987949,0.324882,0.002573,0.324899,0.002573,0.30811,0.987949,0.308093,0.002573,0.595174,0.987949,0.595157,0.002573,0.547061,0.987949,0.547045,0.987949,0.571556,0.002573,0.571574,0.002573,0.504496,0.987949,0.504479,0.987949,0.530254,0.002573,0.530271,0.002573,0.478721,0.987949,0.478705,0.002573,0.383968,0.987949,0.383951,0.987949,0.406157,0.002573,0.406174,0.002573,0.343216,0.987949,0.343198,0.987949,0.362927,0.002573,0.362943,0.002573,0.453666,0.987949,0.453649,0.987949,0.429428,0.002573,0.429445,0.987949,0.695446,0.002573,0.695463]],
    "materials":[{
        "vertexColors":false,
        "DbgName":"Mat_1",
        "blending":"NormalBlending",
        "DbgIndex":0,
        "colorEmissive":[0,0,0],
        "mapDiffuseWrap":["repeat","repeat"],
        "mapDiffuseRepeat":[1,1],
        "doubleSided":false,
        "wireframe":false,
        "DbgColor":15658734,
        "opacity":1,
        "colorDiffuse":[0.64,0.64,0.64],
        "colorSpecular":[0.5,0.5,0.5],
        "mapDiffuse":null,
        "shading":"phong",
        "depthWrite":true,
        "depthTest":true,
        "visible":true,
        "specularCoef":50,
        "mapDiffuseAnisotropy":1,
        "transparent":false
    }],
    "faces":[43,0,1,2,3,0,0,1,2,3,0,0,1,1,43,4,5,6,7,0,4,5,6,7,2,3,4,4,43,8,9,10,11,0,8,9,10,11,5,5,6,6,43,5,4,3,2,0,5,4,3,2,3,2,1,1,43,12,13,7,6,0,12,13,7,6,7,7,4,4,43,14,15,16,17,0,14,15,16,17,8,8,9,9,43,18,19,20,21,0,18,19,20,21,10,10,11,11,43,22,23,19,18,0,22,23,19,18,12,12,10,10,43,24,25,26,27,0,24,25,26,27,13,13,14,14,43,28,29,30,31,0,28,29,30,31,15,15,16,16,43,23,22,32,33,0,23,22,32,33,12,12,17,17,43,34,35,27,26,0,34,35,27,26,18,18,14,14,43,1,0,36,37,0,1,0,36,37,0,0,19,19,43,13,12,17,16,0,13,12,17,16,7,7,9,9,43,15,14,21,20,0,15,14,21,20,8,8,11,11,43,33,32,35,34,0,33,32,35,34,17,17,18,18,43,25,24,31,30,0,25,24,31,30,13,13,16,16,43,29,28,9,8,0,29,28,9,8,15,15,5,5],
    "normals":[-0.662465,0,-0.749046,-0.590777,0,-0.806787,-0.513657,0,-0.857967,-0.513688,0,-0.857967,-0.431501,0,-0.902097,0.68511,0,-0.728416,0.717826,0,-0.696188,-0.344737,0,-0.938688,-0.168187,0,-0.985748,-0.254036,0,-0.967162,0,0,-1,-0.088473,0,-0.996063,0.096438,0,-0.995331,0.459426,0,-0.88818,0.374126,0,-0.927366,0.615314,0,-0.788263,0.539964,0,-0.84167,0.191778,0,-0.981414,0.284677,0,-0.958617,-0.696188,0,-0.717826],
    "vertices":[-106.443,11.9598,-12.0528,-106.444,72.1341,-12.0528,-105.296,72.1341,-12.9778,-105.295,11.9598,-12.9778,-104.063,11.9598,-13.7953,-104.064,72.1341,-13.7953,-102.755,72.1341,-14.4985,-102.754,11.9598,-14.4985,-84.8704,11.9598,-11.7218,-84.8714,72.1341,-11.7218,-83.8461,72.1341,-10.6647,-83.8451,11.9598,-10.6647,-101.376,72.1341,-15.0802,-101.375,11.9598,-15.0802,-98.4383,72.1341,-15.851,-98.4372,11.9598,-15.851,-99.9341,11.9598,-15.5334,-99.9352,72.1341,-15.5334,-95.8389,72.1341,-16.06,-95.8379,11.9598,-16.06,-97.4119,11.9598,-15.984,-97.4129,72.1341,-15.984,-94.2649,72.1341,-15.984,-94.2639,11.9598,-15.984,-88.4786,72.1341,-14.2773,-88.4776,11.9598,-14.2773,-89.8336,11.9598,-14.9003,-89.8346,72.1341,-14.9002,-85.9899,72.1341,-12.681,-85.9889,11.9598,-12.681,-87.1936,11.9598,-13.5352,-87.1947,72.1341,-13.5352,-92.7348,72.1341,-15.7607,-92.7338,11.9598,-15.7607,-91.2547,11.9598,-15.3971,-91.2557,72.1341,-15.3971,-107.5,11.9598,-11.0275,-107.501,72.1341,-11.0275],
    "colors":[],
    "metadata":{
        "faces":18,
        "vertices":38,
        "colors":0,
        "uvs":1,
        "version":3,
        "type":"Geometry",
        "normals":20,
        "materials":1,
        "generator":"io_three"
    }
}