{
    "vertices":[4.13619,0,-0.729322,4.2,-0,-0,4e-06,-0,-0,4.13619,0,-0.729322,4.13619,90.0929,-0.729312,4.2,90.0929,1.1e-05,4.2,-0,-0,-1.43648,-0,3.94671,-2.1,-0,3.63731,3.94671,0,-1.43649,3.94671,0,-1.43649,3.94671,90.0929,-1.43647,-1.43648,-0,3.94671,-1.43648,90.0929,3.94672,-2.1,90.0929,3.63732,-2.1,-0,3.63731,3.63731,0,-2.1,3.63731,0,-2.1,3.63731,90.0929,-2.09999,-0.729317,-1e-06,4.13619,3.21739,0,-2.69971,4e-06,-1e-06,4.2,4e-06,-1e-06,4.2,4e-06,90.0929,4.20001,-0.729317,90.0929,4.1362,-0.729317,-1e-06,4.13619,2.69971,0,-3.21739,2.69971,0,-3.21739,2.69971,90.0929,-3.21738,3.21739,90.0929,-2.6997,3.21739,0,-2.69971,0.729324,-1e-06,4.13619,2.1,0,-3.63731,0.729324,-1e-06,4.13619,0.729324,90.0929,4.1362,1.43649,-0,3.94671,1.43649,0,-3.94671,1.43649,0,-3.94671,1.43649,90.0929,-3.9467,2.1,90.0929,-3.6373,2.1,0,-3.63731,1.43649,-0,3.94671,1.43649,90.0929,3.94672,0.729324,0,-4.13619,0.729324,0,-4.13619,0.729324,90.0929,-4.13618,2.1,-0,3.63731,4e-06,0,-4.2,2.69971,-0,3.21739,2.69971,-0,3.21739,2.69971,90.0929,3.2174,2.1,90.0929,3.63732,2.1,-0,3.63731,-0.729317,0,-4.13619,-0.729317,0,-4.13619,-0.729317,90.0929,-4.13618,4e-06,90.0929,-4.19999,4e-06,0,-4.2,3.21739,-0,2.69971,-1.43648,0,-3.94671,3.63731,-0,2.1,3.63731,-0,2.1,3.63731,90.0929,2.10001,3.21739,90.0929,2.69972,3.21739,-0,2.69971,-2.1,0,-3.63731,-2.1,0,-3.63731,-2.1,90.0929,-3.6373,-1.43648,90.0929,-3.9467,-1.43648,0,-3.94671,3.94671,-0,1.43649,-2.6997,0,-3.21739,3.94671,-0,1.43649,3.94671,90.0929,1.4365,4.13619,-0,0.729322,-3.21738,0,-2.69971,-3.21738,0,-2.69971,-3.21738,90.0929,-2.6997,-2.6997,90.0929,-3.21738,-2.6997,0,-3.21739,-3.6373,0,-2.1,-3.6373,0,-2.1,-3.6373,90.0929,-2.09999,-3.94671,0,-1.43649,-3.94671,0,-1.43649,-3.94671,90.0929,-1.43647,-4.13619,0,-0.729322,-4.2,-0,-0,-4.2,-0,-0,-4.2,90.0929,1.1e-05,-4.13619,90.0929,-0.729312,-4.13619,0,-0.729322,-4.13619,-0,0.729322,-4.13619,-0,0.729322,-4.13619,90.0929,0.729333,-3.94671,-0,1.43649,-3.94671,-0,1.43649,-3.94671,90.0929,1.4365,-3.6373,90.0929,2.10001,-3.6373,-0,2.1,-3.21738,-0,2.69971,-3.21738,90.0929,2.69972,-3.6373,-0,2.1,-2.6997,90.0929,3.2174,-2.6997,-0,3.21739,-3.21738,-0,2.69971,-2.6997,-0,3.21739,4.13619,-0,0.729322,4.13619,90.0929,0.729333],
    "metadata":{
        "generator":"io_three",
        "normals":37,
        "vertices":109,
        "colors":0,
        "faces":72,
        "uvs":1,
        "materials":1,
        "version":3,
        "type":"Geometry"
    },
    "normals":[0,-1,0,0.984802,0,-0.17362,1,0,0,0.939665,0,-0.34199,-0.34199,0,0.939665,-0.499985,0,0.866024,0.866024,0,-0.499985,0,0,1,-0.17362,0,0.984802,0.642781,0,-0.766015,0.766015,0,-0.642781,0.17362,0,0.984802,0.34199,0,-0.939665,0.499985,0,-0.866024,0.34199,0,0.939665,0.17362,0,-0.984802,0.642781,0,0.766015,0.499985,0,0.866024,-0.17362,0,-0.984802,0,0,-1,0.866024,0,0.499985,0.766045,0,0.642781,-0.499985,0,-0.866024,-0.34199,0,-0.939665,0.939665,0,0.34199,-0.766015,0,-0.642781,-0.642781,0,-0.766015,-0.866024,0,-0.499985,-0.939665,0,-0.34199,-1,0,0,-0.984802,0,-0.17362,-0.984802,0,0.17362,-0.939665,0,0.34199,-0.866024,0,0.499985,-0.766015,0,0.642781,-0.642781,0,0.766015,0.984802,0,0.17362],
    "uvs":[[0.007596,0.586824,0,0.5,0.5,0.5,-0.762344,0.690008,1.75232,0.690008,1.75232,0.71329,-0.762344,0.71329,0.444445,0.5,0.416667,0.5,0.751555,0.5,0.030154,0.67101,-0.762344,0.666727,1.75232,0.666727,-1.1272,0.525592,2.0647,0.525592,2.0647,0.540863,-1.1272,0.540863,0.066987,0.75,-0.762344,0.643445,1.75232,0.643445,0.472222,0.5,0.116978,0.821394,0.5,0.5,-1.1272,0.49505,2.0647,0.49505,2.0647,0.510321,-1.1272,0.510321,0.178606,0.883022,-0.762344,0.596882,1.75232,0.596882,1.75232,0.620164,-0.762344,0.620164,0.527778,0.5,0.25,0.933013,-1.1272,0.47978,2.0647,0.479779,0.555556,0.5,0.32899,0.969846,-0.762344,0.550319,1.75232,0.550319,1.75232,0.573601,-0.762344,0.573601,-1.1272,0.464509,2.0647,0.464509,0.413176,0.992404,-0.762344,0.527037,1.75232,0.527037,0.583333,0.5,0.5,1,0.611111,0.5,-1.1272,0.433967,2.0647,0.433967,2.0647,0.449238,-1.1272,0.449238,0.586824,0.992404,-0.762344,0.480474,1.75232,0.480474,1.75232,0.503756,-0.762344,0.503756,0.638889,0.5,0.67101,0.969846,0.666667,0.5,-1.1272,0.403425,2.0647,0.403425,2.0647,0.418696,-1.1272,0.418696,0.75,0.933013,-0.762344,0.433911,1.75232,0.433911,1.75232,0.457193,-0.762344,0.457193,0.694444,0.5,0.821394,0.883022,-1.1272,0.388154,2.0647,0.388154,0.722222,0.5,0.883022,0.821394,-0.762344,0.387348,1.75232,0.387348,1.75232,0.410629,-0.762344,0.410629,0.75,0.5,0.933013,0.75,-0.762344,0.364066,1.75232,0.364066,0.969846,0.67101,-0.762344,0.340785,1.75232,0.340784,0.992404,0.586824,1,0.5,-0.762344,0.294221,1.75232,0.294221,1.75232,0.317503,-0.762344,0.317503,0.277778,0.5,1.25,0.5,2.0647,0.632488,-1.1272,0.632488,-1.1272,0.617217,2.0647,0.617217,0.305556,0.5,-1.1272,0.601947,2.0647,0.601946,2.0647,0.586675,-1.1272,0.586676,-1.1272,0.571405,2.0647,0.571404,0.333333,0.5,2.0647,0.556134,-1.1272,0.556134,0.361111,0.5,0.388889,0.5,-1.1272,0.372884,2.0647,0.372883,-1.1272,0.357613,2.0647,0.357613]],
    "faces":[42,0,1,2,0,0,1,2,0,0,0,43,3,4,5,6,0,3,4,5,6,1,1,2,2,42,7,8,2,0,7,8,9,0,0,0,42,9,0,2,0,10,0,2,0,0,0,43,10,11,4,3,0,11,12,4,3,3,3,1,1,43,12,13,14,15,0,13,14,15,16,4,4,5,5,42,16,9,2,0,17,10,2,0,0,0,43,17,18,11,10,0,18,19,12,11,6,6,3,3,42,19,7,2,0,20,7,9,0,0,0,42,20,16,2,0,21,17,2,0,0,0,42,21,19,2,0,22,20,9,0,0,0,43,22,23,24,25,0,23,24,25,26,7,7,8,8,42,26,20,2,0,27,21,2,0,0,0,43,27,28,29,30,0,28,29,30,31,9,9,10,10,42,31,21,2,0,32,22,9,0,0,0,42,32,26,2,0,33,27,2,0,0,0,43,33,34,23,22,0,34,35,24,23,11,11,7,7,42,35,31,2,0,36,32,9,0,0,0,42,36,32,2,0,37,33,2,0,0,0,43,37,38,39,40,0,38,39,40,41,12,12,13,13,43,41,42,34,33,0,42,43,35,34,14,14,11,11,42,43,36,2,0,44,37,2,0,0,0,43,44,45,38,37,0,45,46,39,38,15,15,12,12,42,46,35,2,0,47,36,9,0,0,0,42,47,43,2,0,48,44,2,0,0,0,42,48,46,2,0,49,47,9,0,0,0,43,49,50,51,52,0,50,51,52,53,16,16,17,17,42,53,47,2,0,54,48,2,0,0,0,43,54,55,56,57,0,55,56,57,58,18,18,19,19,42,58,48,2,0,59,49,9,0,0,0,42,59,53,2,0,60,54,2,0,0,0,42,60,58,2,0,61,59,9,0,0,0,43,61,62,63,64,0,62,63,64,65,20,20,21,21,42,65,59,2,0,66,60,2,0,0,0,43,66,67,68,69,0,67,68,69,70,22,22,23,23,42,70,60,2,0,71,61,9,0,0,0,42,71,65,2,0,72,66,2,0,0,0,43,72,73,62,61,0,73,74,63,62,24,24,20,20,42,74,70,2,0,75,71,9,0,0,0,42,75,71,2,0,76,72,2,0,0,0,43,76,77,78,79,0,77,78,79,80,25,25,26,26,42,1,74,2,0,81,75,9,0,0,0,42,80,75,2,0,82,76,2,0,0,0,43,81,82,77,76,0,83,84,78,77,27,27,25,25,43,18,17,30,29,0,19,18,31,30,6,6,10,10,42,83,80,2,0,85,82,2,0,0,0,43,84,85,82,81,0,86,87,84,83,28,28,27,27,43,28,27,40,39,0,29,28,41,40,9,9,13,13,42,86,83,2,0,88,85,2,0,0,0,43,45,44,57,56,0,46,45,58,57,15,15,19,19,43,55,54,69,68,0,56,55,70,69,18,18,23,23,42,87,86,2,0,89,88,2,0,0,0,43,88,89,90,91,0,90,91,92,93,29,29,30,30,43,67,66,79,78,0,68,67,80,79,22,22,26,26,42,92,87,2,0,94,95,9,0,0,0,43,85,84,91,90,0,87,86,93,92,28,28,30,30,43,89,88,93,94,0,96,97,98,99,29,29,31,31,42,95,92,2,0,100,94,9,0,0,0,43,96,97,94,93,0,101,102,99,98,32,32,31,31,43,98,99,100,101,0,103,104,105,106,33,33,34,34,42,102,95,2,0,107,100,9,0,0,0,43,99,98,97,96,0,104,103,102,101,33,33,32,32,43,103,104,15,14,0,108,109,16,15,35,35,5,5,42,105,102,2,0,110,107,9,0,0,0,43,13,12,25,24,0,14,13,26,25,4,4,8,8,43,42,41,52,51,0,43,42,53,52,14,14,17,17,42,106,105,2,0,111,110,9,0,0,0,43,104,103,101,100,0,109,108,106,105,35,35,34,34,43,50,49,64,63,0,51,50,65,64,16,16,21,21,42,8,106,2,0,8,111,9,0,0,0,43,73,72,107,108,0,74,73,112,113,24,24,36,36,43,108,107,6,5,0,113,112,114,115,36,36,2,2],
    "materials":[{
        "shading":"phong",
        "colorDiffuse":[0.64,0.64,0.64],
        "specularCoef":50,
        "vertexColors":false,
        "mapDiffuse":null,
        "colorSpecular":[0.5,0.5,0.5],
        "blending":"NormalBlending",
        "DbgIndex":0,
        "visible":true,
        "transparent":false,
        "doubleSided":false,
        "depthTest":true,
        "DbgColor":15658734,
        "mapDiffuseWrap":["repeat","repeat"],
        "mapDiffuseAnisotropy":1,
        "depthWrite":true,
        "mapDiffuseRepeat":[1,1],