{
    "vertices":[2.69971,90.0274,-3.21738,2.69971,109.227,-3.21737,3.21739,109.227,-2.6997,3.21739,90.0274,-2.6997,-0.729317,90.0274,4.1362,-0.729317,109.227,4.13621,-1.43648,109.227,3.94672,-1.43648,90.0274,3.94672,-2.6997,90.0274,-3.21738,-2.6997,109.227,-3.21737,-2.1,109.227,-3.63729,-2.1,90.0274,-3.6373,1.43649,90.0274,-3.9467,1.43649,109.227,-3.9467,2.1,109.227,-3.63729,2.1,90.0274,-3.6373,0.729324,90.0274,-4.13618,0.729324,109.227,-4.13618,-0.729317,90.0274,-4.13618,-0.729317,109.227,-4.13618,4e-06,109.227,-4.19999,4e-06,90.0274,-4.19999,-1.43648,109.227,-3.9467,-1.43648,90.0274,-3.9467,-3.21738,90.0274,-2.6997,-3.21738,109.227,-2.6997,-3.6373,90.0274,-2.09999,-3.6373,109.227,-2.09999,2.1,90.0274,3.63732,2.1,109.227,3.63732,1.43649,109.227,3.94672,1.43649,90.0274,3.94672,3.63731,109.227,-2.09999,3.63731,90.0274,-2.09999,-3.94671,90.0274,-1.43647,-3.94671,109.227,-1.43647,-4.13619,90.0274,-0.729312,-4.13619,109.227,-0.729309,-4.2,90.0274,1.1e-05,-4.2,109.227,1.3e-05,-3.94671,90.0274,1.4365,-3.94671,109.227,1.4365,-4.13619,109.227,0.729335,-4.13619,90.0274,0.729333,3.21739,90.0274,2.69972,3.21739,109.227,2.69972,2.69971,109.227,3.2174,2.69971,90.0274,3.2174,-3.6373,90.0274,2.10001,-3.6373,109.227,2.10001,-2.6997,90.0274,3.2174,-2.6997,109.227,3.2174,-3.21738,109.227,2.69972,-3.21738,90.0274,2.69972,-2.1,109.227,3.63732,-2.1,90.0274,3.63732,4e-06,90.0274,4.20001,4e-06,109.227,4.20001,4.13619,90.0274,0.729333,4.13619,109.227,0.729335,3.94671,109.227,1.4365,3.94671,90.0274,1.4365,0.729324,90.0274,4.1362,0.729324,109.227,4.13621,4.2,90.0274,1.1e-05,4.2,109.227,1.3e-05,3.63731,90.0274,2.10001,3.63731,109.227,2.10001,4.13619,90.0274,-0.729312,4.13619,109.227,-0.729309,3.94671,90.0274,-1.43647,3.94671,109.227,-1.43647],
    "metadata":{
        "generator":"io_three",
        "normals":36,
        "vertices":72,
        "colors":0,
        "faces":36,
        "uvs":1,
        "materials":1,
        "version":3,
        "type":"Geometry"
    },
    "normals":[0.642781,0,-0.766015,0.766045,0,-0.642781,-0.17362,0,0.984802,-0.34199,0,0.939665,-0.642781,0,-0.766015,-0.499985,0,-0.866024,0.34199,0,-0.939665,0.499985,0,-0.866024,0.17362,0,-0.984802,-0.17362,0,-0.984802,0,0,-1,-0.34199,0,-0.939665,-0.766015,0,-0.642781,-0.866024,0,-0.499985,0.499985,0,0.866024,0.34199,0,0.939665,0.866024,0,-0.499985,-0.939665,0,-0.34199,-0.984802,0,-0.17362,-0.999969,0,0,-0.939665,0,0.34199,-0.984802,0,0.17362,0.766015,0,0.642781,0.642781,0,0.766015,-0.866024,0,0.499985,-0.642781,0,0.766015,-0.766015,0,0.642781,-0.499985,0,0.866024,0,0,1,0.984802,0,0.17362,0.939665,0,0.34199,0.17362,0,0.984802,0.999969,0,0,0.866024,0,0.499985,0.984802,0,-0.17362,0.939665,0,-0.34199],
    "uvs":[[0.138889,0.834215,0.138889,1,0.111111,1,0.111111,0.834215,0.722222,0.834215,0.722222,1,0.694444,1,0.694444,0.834215,0.361111,0.834215,0.361111,1,0.333333,1,0.333333,0.834215,0.194444,0.834215,0.194444,1,0.166667,1,0.166667,0.834215,0.222222,0.834215,0.222222,1,0.277778,0.834215,0.277778,1,0.25,1,0.25,0.834215,0.305556,1,0.305556,0.834215,0.388889,0.834215,0.388889,1,0.416667,0.834215,0.416667,1,0.833333,0.834215,0.833333,1,0.805556,1,0.805556,0.834215,0.083333,1,0.083333,0.834215,0.444444,0.834215,0.444444,1,0.472222,0.834215,0.472222,1,0.5,0.834215,0.5,1,0.555556,0.834215,0.555556,1,0.527778,1,0.527778,0.834215,0.888889,0.834215,0.888889,1,0.861111,1,0.861111,0.834215,0.583333,0.834215,0.583333,1,0.638889,0.834215,0.638889,1,0.611111,1,0.611111,0.834215,0.666667,1,0.666667,0.834215,0.75,0.834215,0.75,1,0.972222,0.834215,0.972222,1,0.944444,1,0.944444,0.834215,0.777778,0.834215,0.777778,1,1,0.834215,1,1,0.916667,0.834215,0.916667,1,0.027778,0.834215,0.027778,1,0,1,0,0.834215,0.055556,0.834215,0.055556,1]],
    "faces":[43,0,1,2,3,0,0,1,2,3,0,0,1,1,43,4,5,6,7,0,4,5,6,7,2,2,3,3,43,8,9,10,11,0,8,9,10,11,4,4,5,5,43,12,13,14,15,0,12,13,14,15,6,6,7,7,43,16,17,13,12,0,16,17,13,12,8,8,6,6,43,18,19,20,21,0,18,19,20,21,9,9,10,10,43,11,10,22,23,0,11,10,22,23,5,5,11,11,43,24,25,9,8,0,24,25,9,8,12,12,4,4,43,26,27,25,24,0,26,27,25,24,13,13,12,12,43,28,29,30,31,0,28,29,30,31,14,14,15,15,43,3,2,32,33,0,3,2,32,33,1,1,16,16,43,34,35,27,26,0,34,35,27,26,17,17,13,13,43,36,37,35,34,0,36,37,35,34,18,18,17,17,43,38,39,37,36,0,38,39,37,36,19,19,18,18,43,40,41,42,43,0,40,41,42,43,20,20,21,21,43,44,45,46,47,0,44,45,46,47,22,22,23,23,43,1,0,15,14,0,1,0,15,14,0,0,7,7,43,48,49,41,40,0,48,49,41,40,24,24,20,20,43,43,42,39,38,0,43,42,39,38,21,21,19,19,43,50,51,52,53,0,50,51,52,53,25,25,26,26,43,7,6,54,55,0,7,6,54,55,3,3,27,27,43,56,57,5,4,0,56,57,5,4,28,28,2,2,43,58,59,60,61,0,58,59,60,61,29,29,30,30,43,62,63,57,56,0,62,63,57,56,31,31,28,28,43,31,30,63,62,0,31,30,63,62,15,15,31,31,43,21,20,17,16,0,21,20,17,16,10,10,8,8,43,53,52,49,48,0,53,52,49,48,26,26,24,24,43,64,65,59,58,0,64,65,59,58,32,32,29,29,43,47,46,29,28,0,47,46,29,28,23,23,14,14,43,66,67,45,44,0,66,67,45,44,33,33,22,22,43,68,69,65,64,0,68,69,70,71,34,34,32,32,43,23,22,19,18,0,23,22,19,18,11,11,9,9,43,61,60,67,66,0,61,60,67,66,30,30,33,33,43,70,71,69,68,0,72,73,69,68,35,35,34,34,43,33,32,71,70,0,33,32,73,72,16,16,35,35,43,55,54,51,50,0,55,54,51,50,27,27,25,25],
    "materials":[{
        "shading":"phong",
        "colorDiffuse":[0.64,0.64,0.64],
        "specularCoef":50,
        "vertexColors":false,
        "mapDiffuse":null,
        "colorSpecular":[0.5,0.5,0.5],
        "blending":"NormalBlending",
        "DbgIndex":0,
        "visible":true,
        "transparent":false,
        "doubleSided":false,
        "depthTest":true,
        "DbgColor":15658734,
        "mapDiffuseWrap":["repeat","repeat"],
        "mapDiffuseAnisotropy":1,
        "depthWrite":true,
        "mapDiffuseRepeat":[1,1],
        "wireframe":false,
        "colorEmissive":[0,0,0],
        "DbgName":"Mat.001",
        "opacity":1
    }],
    "colors":[]
}