{
    "materials":[{
        "transparent":false,
        "visible":true,
        "specularCoef":50,
        "opacity":1,
        "colorSpecular":[0.5,0.5,0.5],
        "colorEmissive":[0,0,0],
        "depthTest":true,
        "depthWrite":true,
        "shading":"phong",
        "DbgIndex":0,
        "vertexColors":false,
        "doubleSided":false,
        "wireframe":false,
        "blending":"NormalBlending",
        "DbgColor":15658734,
        "DbgName":"Mat_1"
    }],
    "metadata":{
        "materials":1,
        "vertices":38,
        "faces":18,
        "version":3,
        "generator":"io_three",
        "normals":19,
        "uvs":1,
        "type":"Geometry",
        "colors":0
    },
    "normals":[0.696188,0,0.717826,0.662465,0,0.749046,0.168187,0,0.985748,0.254036,0,0.967162,-0.374126,0,0.927366,-0.284677,0,0.958617,-0.539964,0,0.84167,-0.459426,0,0.88818,-0.615314,0,0.788263,-0.68511,0,0.728416,0.590777,0,0.806787,0.513688,0,0.857967,0.344737,0,0.938688,-0.0964385,0,0.995331,-0.191778,0,0.981414,0.431501,0,0.902097,0.0884732,0,0.996063,0,0,1,-0.717826,0,0.696188],
    "vertices":[56.0092,7.39791,6.84005,56.0104,42.2041,6.84005,55.6385,42.2041,7.20073,55.6373,7.39791,7.20073,50.8853,42.2041,9.45593,50.8841,7.39791,9.45593,51.7729,7.39791,9.26734,51.7741,42.2041,9.26735,45.7769,42.2041,8.89141,45.7757,7.39791,8.8914,46.6195,7.39791,9.18639,46.6207,42.2041,9.18639,44.2095,42.2041,8.08089,44.2083,7.39791,8.08089,44.9706,7.39791,8.52151,44.9718,42.2041,8.52151,43.4941,42.2041,7.57374,43.4929,7.39791,7.57373,42.83,42.2041,7.00422,42.8288,7.39791,7.00422,54.9557,7.39791,7.74992,54.9569,42.2041,7.74992,54.2254,42.2041,8.23537,54.2242,7.39791,8.23536,52.6286,7.39791,8.99826,52.6298,42.2041,8.99827,48.4062,7.39791,9.53487,48.4074,42.2041,9.53487,47.4989,42.2041,9.40227,47.4977,7.39791,9.40227,53.4483,42.2041,8.65288,53.4471,7.39791,8.65287,50.2765,42.2041,9.53487,50.2753,7.39791,9.53487,49.342,42.2041,9.58,49.3408,7.39791,9.58,42.6708,42.2041,6.84005,42.6696,7.39791,6.84005],
    "uvs":[[0.626113,0.965068,0.626113,0.799217,0.635,0.799804,0.635,0.96517,0.725,0.80701,0.725,0.966425,0.71,0.966197,0.71,0.805702,0.81,0.814198,0.81,0.967676,0.795,0.967476,0.795,0.813048,0.84,0.816297,0.84,0.968041,0.825,0.967864,0.825,0.815282,0.855,0.81724,0.855,0.968205,0.87,0.818106,0.87,0.968356,0.65,0.965356,0.65,0.80087,0.665,0.802002,0.665,0.965553,0.695,0.965975,0.695,0.804426,0.765,0.967043,0.765,0.810565,0.78,0.811836,0.78,0.967264,0.68,0.80319,0.68,0.96576,0.735,0.807896,0.735,0.966579,0.75,0.80924,0.75,0.966813,0.873923,0.818313,0.873923,0.968392]],
    "faces":[43,0,1,2,3,0,0,1,2,3,0,0,1,1,43,4,5,6,7,0,4,5,6,7,2,2,3,3,43,8,9,10,11,0,8,9,10,11,4,4,5,5,43,12,13,14,15,0,12,13,14,15,6,6,7,7,43,16,17,13,12,0,16,17,13,12,8,8,6,6,43,18,19,17,16,0,18,19,17,16,9,9,8,8,43,20,21,22,23,0,20,21,22,23,10,10,11,11,43,24,25,7,6,0,24,25,7,6,12,12,3,3,43,26,27,28,29,0,26,27,28,29,13,13,14,14,43,9,8,15,14,0,9,8,15,14,4,4,7,7,43,3,2,21,20,0,3,2,21,20,1,1,10,10,43,23,22,30,31,0,23,22,30,31,11,11,15,15,43,31,30,25,24,0,31,30,25,24,15,15,12,12,43,5,4,32,33,0,5,4,32,33,2,2,16,16,43,33,32,34,35,0,33,32,34,35,16,16,17,17,43,35,34,27,26,0,35,34,27,26,17,17,13,13,43,29,28,11,10,0,29,28,11,10,14,14,5,5,43,19,18,36,37,0,19,18,36,37,9,9,18,18],
    "colors":[]
}