{
    "materials":[{
        "transparent":false,
        "visible":true,
        "specularCoef":50,
        "opacity":1,
        "colorSpecular":[0.5,0.5,0.5],
        "colorEmissive":[0,0,0],
        "depthTest":true,
        "depthWrite":true,
        "shading":"phong",
        "DbgIndex":0,
        "vertexColors":false,
        "doubleSided":false,
        "wireframe":false,
        "blending":"NormalBlending",
        "DbgColor":15658734,
        "DbgName":"Mat_1"
    }],
    "metadata":{
        "materials":1,
        "vertices":136,
        "faces":68,
        "version":3,
        "generator":"io_three",
        "normals":115,
        "uvs":1,
        "type":"Geometry",
        "colors":0
    },
    "normals":[0.707755,0.706412,0,0.70455,0.703207,-0.0951872,0.694937,0.693625,-0.189367,0.694937,0.693655,-0.189367,0.679189,0.677908,-0.281228,0.679189,0.677908,-0.281198,0.657582,0.656331,-0.369823,0.657582,0.656331,-0.369793,0.630451,0.629261,-0.454421,0.630451,0.629261,-0.45439,0.598193,0.597064,-0.53444,0.561113,0.560045,-0.609485,0.561113,0.560045,-0.609455,0.519486,0.518509,-0.679159,0.473556,0.472671,-0.743156,0.423566,0.422773,-0.801141,0.423566,0.422773,-0.801111,0.369701,0.368999,-0.852718,0.369701,0.36903,-0.852687,0.312204,0.311624,-0.897427,0.312235,0.311655,-0.897397,0.251411,0.250954,-0.934751,0.251442,0.250954,-0.934751,0.187719,0.187384,-0.964171,0.18775,0.187384,-0.964141,0.125919,0.125706,-0.984039,0.12595,0.125706,-0.984008,0.0696738,0.0695517,-0.995117,0.0697043,0.0695822,-0.995117,0.00851466,0.00848415,-0.999908,0.00854518,0.00851466,-0.999908,-0.0597858,-0.0596637,-0.996399,-0.0597552,-0.0596637,-0.996399,-0.127537,-0.127293,-0.983612,-0.193732,-0.193365,-0.961791,-0.193701,-0.193335,-0.961791,-0.257607,-0.257118,-0.931394,-0.257576,-0.257088,-0.931394,-0.318613,-0.318003,-0.892941,-0.318583,-0.317972,-0.892941,-0.376293,-0.375591,-0.846919,-0.376293,-0.375561,-0.84695,-0.430342,-0.429548,-0.793878,-0.430342,-0.429518,-0.793878,-0.480514,-0.479598,-0.734214,-0.480483,-0.479598,-0.734214,-0.526505,-0.525498,-0.668264,-0.526505,-0.525498,-0.668294,-0.568102,-0.567034,-0.596393,-0.568102,-0.567034,-0.596423,-0.604999,-0.60387,-0.518906,-0.604999,-0.603839,-0.518937,-0.63686,-0.63567,-0.436201,-0.66332,-0.662069,-0.348704,-0.683981,-0.682669,-0.257088,-0.68395,-0.682669,-0.257088,-0.69747,-0.696158,-0.169927,-0.704917,-0.703604,-0.0893887,-0.707755,-0.706412,0,-0.704367,-0.703055,0.0976287,-0.694296,-0.692984,0.194128,-0.677755,-0.676473,0.288034,-0.655141,-0.65389,0.378368,-0.62682,-0.62566,0.464339,-0.62682,-0.625629,0.464339,-0.593249,-0.59212,0.545335,-0.593219,-0.59212,0.545366,-0.554735,-0.553697,0.620991,-0.554735,-0.553697,0.621021,-0.511643,-0.510697,0.690909,-0.511643,-0.510666,0.690939,-0.464248,-0.463363,0.754814,-0.464217,-0.463363,0.754814,-0.412763,-0.411969,0.812311,-0.412732,-0.411969,0.812342,-0.357463,-0.356792,0.863063,-0.357433,-0.356761,0.863094,-0.298624,-0.298044,0.906613,-0.298593,-0.298044,0.906613,-0.23661,-0.236152,0.942442,-0.236579,-0.236122,0.942442,-0.17188,-0.171575,0.970031,-0.17188,-0.171545,0.970061,-0.112156,-0.111942,0.987335,-0.112125,-0.111942,0.987365,-0.0555437,-0.0554216,0.996887,-0.0555132,-0.0554216,0.996887,0.00851466,0.00848415,0.999908,0.00851466,0.00851466,0.999908,0.0767235,0.0765709,0.994079,0.0767235,0.0766015,0.994079,0.143925,0.143651,0.979095,0.143956,0.143681,0.979095,0.209265,0.208869,0.95526,0.272042,0.271523,0.923154,0.331767,0.331126,0.883297,0.331767,0.331156,0.883297,0.388073,0.387341,0.836268,0.388073,0.387341,0.836238,0.440657,0.439833,0.782495,0.440687,0.439833,0.782495,0.489334,0.488388,0.722465,0.489334,0.488418,0.722465,0.53383,0.532823,0.656545,0.53386,0.532853,0.656545,0.573992,0.572893,0.58504,0.573992,0.572924,0.58504,0.609485,0.608356,0.508286,0.609516,0.608356,0.508286,0.640095,0.638874,0.426679,0.665426,0.664144,0.340709,0.665426,0.664174,0.340678,0.68511,0.683828,0.250923,0.697897,0.696585,0.166417,0.705039,0.703726,0.0875271],
    "vertices":[58.8442,59.2562,7.06389e-06,58.7991,59.2376,-0.934551,39.208,78.8656,-0.934549,39.2267,78.9108,9.4069e-06,58.6665,59.1827,-1.84304,39.153,78.733,-1.84303,58.4506,59.0934,-2.72126,39.0634,78.5171,-2.72126,58.1556,58.9714,-3.56504,38.9411,78.2222,-3.56503,57.7857,58.8184,-4.37018,38.7877,77.8523,-4.37018,57.3451,58.6361,-5.13251,38.6049,77.4117,-5.13251,56.8379,58.4263,-5.84783,38.3946,76.9045,-5.84783,56.2684,58.1907,-6.51196,38.1583,76.335,-6.51196,55.6407,57.9311,-7.12072,37.898,75.7073,-7.12072,54.9591,57.6491,-7.66991,37.6153,75.0256,-7.66991,54.2276,57.3465,-8.15536,37.3119,74.2942,-8.15535,53.4505,57.0251,-8.57287,36.9896,73.5171,-8.57286,52.6321,56.6865,-8.91825,36.6501,72.6986,-8.91825,51.7763,56.3325,-9.18734,36.2952,71.8429,-9.18733,50.8876,55.9649,-9.37592,35.9265,70.9541,-9.37592,50.2787,55.713,-9.45486,35.674,70.3453,-9.45486,49.3442,55.3264,-9.49999,35.2864,69.4108,-9.49999,48.4096,54.9399,-9.45486,34.8988,68.4762,-9.45486,47.5011,54.564,-9.32226,34.522,67.5677,-9.32226,46.6229,54.2008,-9.10638,34.1577,66.6895,-9.10638,45.7791,53.8517,-8.8114,33.8077,65.8457,-8.8114,44.974,53.5187,-8.4415,33.4738,65.0406,-8.4415,44.2117,53.2033,-8.00088,33.1576,64.2783,-8.00088,43.4963,52.9074,-7.49373,32.8609,63.5629,-7.49372,42.8322,52.6327,-6.92421,32.5855,62.8988,-6.92421,42.2235,52.3809,-6.29653,32.333,62.29,-6.29653,41.6743,52.1537,-5.61487,32.1052,61.7408,-5.61487,41.1888,51.9529,-4.88342,31.9038,61.2554,-4.88342,40.7713,51.7802,-4.10635,31.7307,60.8379,-4.10635,40.4259,51.6373,-3.28786,31.5874,60.4925,-3.28786,40.1568,51.526,-2.43214,31.4758,60.2234,-2.43214,39.9683,51.448,-1.54336,31.3976,60.0348,-1.54336,39.8893,51.4153,-0.934552,31.3648,59.9559,-0.934551,39.8442,51.3967,6.12696e-06,31.3461,59.9108,7.14192e-06,39.8893,51.4153,0.934564,31.3648,59.9559,0.934565,40.0219,51.4702,1.84305,31.4198,60.0885,1.84305,40.2378,51.5595,2.72127,31.5094,60.3044,2.72127,40.5328,51.6815,3.56505,31.6317,60.5994,3.56505,40.9027,51.8345,4.3702,31.7852,60.9693,4.3702,41.3433,52.0168,5.13252,31.9679,61.4099,5.13252,41.8505,52.2266,5.84785,32.1783,61.917,5.84785,42.42,52.4622,6.51198,32.4145,62.4865,6.51198,43.0476,52.7218,7.12073,32.6748,63.1142,7.12073,43.7293,53.0038,7.66993,32.9575,63.7959,7.66993,44.4608,53.3064,8.15537,33.2609,64.5273,8.15537,45.2378,53.6278,8.57288,33.5832,65.3044,8.57288,46.0563,53.9664,8.91827,33.9227,66.1229,8.91827,46.912,54.3204,9.18735,34.2776,66.9786,9.18735,47.8008,54.688,9.37594,34.6463,67.8674,9.37594,48.4096,54.9399,9.45487,34.8988,68.4762,9.45488,49.3442,55.3264,9.5,35.2864,69.4108,9.50001,50.2787,55.713,9.45488,35.674,70.3453,9.45488,51.1872,56.0888,9.32228,36.0508,71.2538,9.32228,52.0655,56.4521,9.10639,36.4151,72.132,9.10639,52.9092,56.8012,8.81141,36.7651,72.9758,8.81141,53.7144,57.1342,8.44152,37.099,73.781,8.44152,54.4767,57.4496,8.0009,37.4152,74.5433,8.0009,55.192,57.7455,7.49374,37.7119,75.2586,7.49374,55.8562,58.0202,6.92423,37.9874,75.9227,6.92423,56.4649,58.272,6.29655,38.2398,76.5315,6.29655,57.0141,58.4992,5.61489,38.4676,77.0807,5.61489,57.4995,58.7,4.88343,38.669,77.5661,4.88343,57.9171,58.8727,4.10637,38.8421,77.9836,4.10637,58.2624,59.0156,3.28788,38.9854,78.329,3.28788,58.5315,59.1269,2.43215,39.097,78.5981,2.43216,58.7201,59.2049,1.54338,39.1752,78.7867,1.54338,58.7991,59.2376,0.934565,39.208,78.8656,0.934568],