{
    "vertices":[11.3593,70.1894,0.201254,8.91765,69.7447,0.201254,7.4424,69.3139,0.201254,6.24258,68.8327,0.201254,5.31864,68.3548,0.201254,4.43939,67.7839,0.201254,3.61662,67.1108,0.201254,3.0437,66.5332,0.201254,2.51414,65.8889,0.201254,1.92118,65.0195,0.201254,1.42236,64.1451,0.201253,0.832811,62.8549,0.201253,0.409299,61.6329,0.201253,0.055428,60.1914,0.201253,-0.139629,58.8503,0.201253,-0.178812,58.2071,0.201253,-0.178812,8.3971,0.201247,0.976562,8.35256,0.201247,3.57701,8.45958,0.201247,5.57249,8.73799,0.201247,7.13713,9.10767,0.201247,8.42582,9.54623,0.201247,9.416,9.99549,0.201247,10.3588,10.5354,0.201247,10.9704,10.9553,0.201247,11.6679,11.5254,0.201247,12.2419,12.0959,0.201247,12.7043,12.6549,0.201247,13.0671,13.19,0.201247,13.3423,13.6892,0.201247,13.5816,14.2442,0.201247,13.7264,14.7003,0.201248,13.8084,15.0839,0.201248,13.8289,15.2536,0.201248,13.8289,70.4361,0.201254],
    "faces":[42,34,0,1,0,34,0,1,0,0,0,42,1,2,3,0,1,2,3,1,1,1,42,3,4,5,0,3,4,5,2,2,2,42,5,6,7,0,5,6,7,3,3,3,42,7,8,9,0,7,8,9,4,4,4,42,9,10,11,0,9,10,11,5,5,5,42,11,12,13,0,11,12,13,6,6,6,42,13,14,15,0,13,14,15,7,7,7,42,15,16,17,0,15,16,17,8,8,8,42,17,18,19,0,17,18,19,9,9,9,42,19,20,21,0,19,20,21,10,10,10,42,21,22,23,0,21,22,23,11,11,11,42,23,24,25,0,23,24,25,12,12,12,42,25,26,27,0,25,26,27,13,13,13,42,27,28,29,0,27,28,29,14,14,14,42,29,30,31,0,29,30,31,15,15,15,42,31,32,33,0,31,32,33,16,16,16,42,33,34,1,0,33,34,1,17,17,17,42,1,3,5,0,1,3,5,18,18,18,42,5,7,9,0,5,7,9,19,19,19,42,9,11,13,0,9,11,13,20,20,20,42,13,15,17,0,13,15,17,21,21,21,42,17,19,21,0,17,19,21,22,22,22,42,21,23,25,0,21,23,25,23,23,23,42,25,27,29,0,25,27,29,24,24,24,42,29,31,33,0,29,31,33,25,25,25,42,33,1,5,0,33,1,5,26,26,26,42,5,9,13,0,5,9,13,27,27,27,42,13,17,21,0,13,17,21,28,28,28,42,21,25,29,0,21,25,29,29,29,29,42,29,33,5,0,29,33,5,30,30,30,42,5,13,21,0,5,13,21,31,31,31,42,5,21,29,0,5,21,29,32,32,32],
    "uvs":[[1.11375,0.401401,1.10481,0.45052,1.09614,0.480199,1.08646,0.504336,1.07684,0.522923,1.06536,0.540611,1.05182,0.557163,1.0402,0.568689,1.02724,0.579342,1.00975,0.591271,0.992156,0.601305,0.966202,0.613165,0.941617,0.621686,0.912619,0.628805,0.885639,0.632729,0.872699,0.633517,-0.129349,0.633517,-0.130245,0.610274,-0.128091,0.55796,-0.122491,0.517816,-0.115054,0.48634,-0.106231,0.460414,-0.097193,0.440494,-0.086331,0.421528,-0.077883,0.409224,-0.066415,0.395191,-0.054937,0.383644,-0.043693,0.374343,-0.032928,0.367044,-0.022885,0.361506,-0.011721,0.356693,-0.002544,0.35378,0.005171,0.35213,0.008586,0.351718,1.11871,0.351718]],
    "materials":[{
        "wireframe":false,
        "mapDiffuseWrap":["repeat","repeat"],
        "transparent":false,
        "colorDiffuse":[0.64,0.64,0.64],
        "blending":"NormalBlending",
        "colorSpecular":[0.5,0.5,0.5],
        "colorEmissive":[0,0,0],
        "vertexColors":false,
        "DbgColor":15658734,
        "DbgName":"Mat_1.003",
        "depthTest":true,
        "depthWrite":true,
        "mapDiffuseRepeat":[1,1],
        "specularCoef":50,
        "mapDiffuseAnisotropy":1,
        "mapDiffuse":null,
        "shading":"phong",
        "doubleSided":false,
        "opacity":1,
        "visible":true,
        "DbgIndex":0
    }],
    "colors":[],
    "normals":[-0,-0,1,0,-0,1,-0,0,1,0,-0,1,0,-0,1,-0,-0,1,0,-0,1,-0,-0,1,0,-0,1,0,-0,1,-0,-0,1,-0,-0,1,-0,0,1,-0,0,1,0,-0,1,0,-0,1,-0,-0,1,0,-0,1,0,-0,1,-0,-0,1,0,-0,1,-0,-0,1,-0,-0,1,-0,-0,1,0,-0,1,-0,-0,1,-0,-0,1,0,-0,1,-0,-0,1,0,-0,1,0,-0,1,-0,-0,1,-0,-0,1],
    "metadata":{
        "vertices":35,
        "type":"Geometry",
        "faces":33,
        "version":3,
        "uvs":1,
        "materials":1,
        "generator":"io_three",
        "colors":0,
        "normals":33
    }
}