{
    "vertices":[13.8289,15.2536,0.201248,13.8289,15.2536,-0.198752,13.8289,70.4361,-0.198746,13.8289,70.4361,0.201254,13.8084,15.0839,0.201248,13.8084,15.0839,-0.198752,13.7264,14.7003,0.201248,13.7264,14.7003,-0.198752,13.5816,14.2442,0.201247,13.5816,14.2442,-0.198753,13.3423,13.6892,0.201247,13.3423,13.6892,-0.198753,13.0671,13.19,0.201247,13.0671,13.19,-0.198753,12.7043,12.6549,0.201247,12.7043,12.6549,-0.198753,12.2419,12.0959,0.201247,12.2419,12.0959,-0.198753,11.6679,11.5254,0.201247,11.6679,11.5254,-0.198753,10.9704,10.9553,0.201247,10.9704,10.9553,-0.198753,10.3588,10.5354,0.201247,10.3588,10.5354,-0.198753,9.416,9.99549,0.201247,9.416,9.99549,-0.198753,8.42582,9.54623,0.201247,8.42582,9.54623,-0.198753,7.13713,9.10767,0.201247,7.13713,9.10767,-0.198753,5.57249,8.73799,0.201247,5.57249,8.73799,-0.198753,3.57701,8.45958,0.201247,3.57701,8.45958,-0.198753,0.976562,8.35256,0.201247,0.976562,8.35256,-0.198753,-0.178812,8.3971,0.201247,-0.178812,8.3971,-0.198753,-0.178812,58.2071,0.201253,-0.178812,58.2071,-0.198747,-0.139629,58.8503,0.201253,-0.139629,58.8503,-0.198747,0.055428,60.1914,0.201253,0.055428,60.1914,-0.198747,0.409299,61.6329,0.201253,0.409299,61.6329,-0.198747,0.832811,62.8549,0.201253,0.832811,62.8549,-0.198747,1.42236,64.1451,0.201253,1.42236,64.1451,-0.198747,1.92118,65.0195,0.201254,1.92118,65.0195,-0.198746,2.51414,65.8889,0.201254,2.51414,65.8889,-0.198746,3.0437,66.5332,0.201254,3.0437,66.5332,-0.198746,3.61662,67.1108,0.201254,3.61662,67.1108,-0.198746,4.43939,67.7839,0.201254,4.43939,67.7839,-0.198746,5.31864,68.3548,0.201254,5.31864,68.3548,-0.198746,6.24258,68.8327,0.201254,6.24258,68.8327,-0.198746,7.4424,69.3139,0.201254,7.4424,69.3139,-0.198746,8.91765,69.7447,0.201254,8.91765,69.7447,-0.198746,11.3593,70.1894,0.201254,11.3593,70.1894,-0.198746],
    "faces":[43,0,1,2,3,0,0,1,2,3,0,0,0,0,43,1,0,4,5,0,1,0,4,5,1,1,1,1,43,6,7,5,4,0,6,7,5,4,2,2,2,2,43,8,9,7,6,0,8,9,7,6,3,3,3,3,43,10,11,9,8,0,10,11,9,8,4,4,4,4,43,12,13,11,10,0,12,13,11,10,5,5,5,5,43,14,15,13,12,0,14,15,13,12,6,6,6,6,43,16,17,15,14,0,16,17,15,14,7,7,7,7,43,18,19,17,16,0,18,19,17,16,8,8,8,8,43,20,21,19,18,0,20,21,19,18,9,9,9,9,43,22,23,21,20,0,22,23,21,20,10,10,10,10,43,24,25,23,22,0,24,25,23,22,11,11,11,11,43,26,27,25,24,0,26,27,25,24,12,12,12,12,43,28,29,27,26,0,28,29,27,26,13,13,13,13,43,30,31,29,28,0,30,31,29,28,14,14,14,14,43,32,33,31,30,0,32,33,31,30,15,15,15,15,43,34,35,33,32,0,34,35,33,32,16,16,16,16,43,36,37,35,34,0,36,37,35,34,17,17,17,17,43,38,39,37,36,0,38,39,37,36,18,18,18,18,43,40,41,39,38,0,40,41,39,38,19,19,19,19,43,42,43,41,40,0,42,43,41,40,20,20,20,20,43,44,45,43,42,0,44,45,43,42,21,21,21,21,43,46,47,45,44,0,46,47,45,44,22,22,22,22,43,48,49,47,46,0,48,49,47,46,23,23,23,23,43,50,51,49,48,0,50,51,49,48,24,24,24,24,43,52,53,51,50,0,52,53,51,50,25,25,25,25,43,54,55,53,52,0,54,55,53,52,26,26,26,26,43,56,57,55,54,0,56,57,55,54,27,27,27,27,43,58,59,57,56,0,58,59,57,56,28,28,28,28,43,60,61,59,58,0,60,61,59,58,29,29,29,29,43,62,63,61,60,0,62,63,61,60,30,30,30,30,43,64,65,63,62,0,64,65,63,62,31,31,31,31,43,66,67,65,64,0,66,67,65,64,32,32,32,32,43,68,69,67,66,0,68,69,67,66,33,33,33,33,43,3,2,69,68,0,70,71,69,68,34,34,34,34],
    "uvs":[[0.386442,1,0.386442,0,0,0,0,1,0.387639,1,0.387639,0,0.390386,1,0.390386,0,0.393737,1,0.393737,0,0.39797,1,0.39797,0,0.401962,1,0.401962,0,0.40649,1,0.40649,0,0.411569,1,0.411569,0,0.417237,1,0.417237,0,0.423546,1,0.423546,0,0.428741,1,0.428741,0,0.436349,1,0.436349,0,0.443964,1,0.443964,0,0.453497,1,0.453497,0,0.464756,1,0.464756,0,0.478865,1,0.478865,0,0.497092,1,0.497092,0,0.505189,1,0.505189,0,0.854007,1,0.854007,0,0.85852,1,0.85852,0,0.868011,1,0.868011,0,0.878405,1,0.878405,0,0.887463,1,0.887463,0,0.897396,1,0.897396,0,0.904446,1,0.904446,0,0.911815,1,0.911815,0,0.917656,1,0.917656,0,0.923353,1,0.923353,0,0.930797,1,0.930797,0,0.938139,1,0.938139,0,0.945424,1,0.945424,0,0.954476,1,0.954476,0,0.965239,1,0.965239,0,0.982619,1,0.982619,0,1,1,1,0]],
    "materials":[{
        "wireframe":false,
        "mapDiffuseWrap":["repeat","repeat"],
        "transparent":false,
        "colorDiffuse":[0.64,0.64,0.64],
        "blending":"NormalBlending",
        "colorSpecular":[0.5,0.5,0.5],
        "colorEmissive":[0,0,0],
        "vertexColors":false,
        "DbgColor":15658734,
        "DbgName":"Mat_1.003",
        "depthTest":true,
        "depthWrite":true,
        "mapDiffuseRepeat":[1,1],
        "specularCoef":50,
        "mapDiffuseAnisotropy":1,
        "mapDiffuse":null,
        "shading":"phong",
        "doubleSided":false,
        "opacity":1,
        "visible":true,
        "DbgIndex":0
    }],
    "colors":[],
    "normals":[1,0,0,0.992766,-0.120064,0,0.977892,-0.209111,0,0.953153,-0.302488,0,0.918285,-0.395919,0,0.8757,-0.482855,0,0.827709,-0.561157,0,0.770518,-0.637418,0,0.705,-0.709208,0,0.632776,-0.774335,0,0.566041,-0.824377,0,0.496956,-0.867776,0,0.413174,-0.910652,0,0.322168,-0.946683,0,0.229943,-0.973204,0,0.138183,-0.990407,0,0.041118,-0.999154,0,-0.038519,-0.999258,0,-1,0,0,-0.99815,0.060805,0,-0.989588,0.143927,0,-0.971162,0.238421,0,-0.94487,0.327446,0,-0.909533,0.415631,0,-0.868597,0.495519,0,-0.82615,0.56345,0,-0.77255,0.634954,0,-0.709965,0.704237,0,-0.63321,0.77398,0,-0.544558,0.838723,0,-0.459485,0.888186,0,-0.372183,0.928159,0,-0.280311,0.959909,0,-0.179192,0.983814,0,-0.099397,0.995048,0],
    "metadata":{
        "vertices":70,
        "type":"Geometry",
        "faces":35,
        "version":3,
        "uvs":1,
        "materials":1,
        "generator":"io_three",
        "colors":0,
        "normals":35
    }
}