{
    "materials":[{
        "vertexColors":false,
        "visible":true,
        "depthWrite":true,
        "specularCoef":50,
        "transparent":false,
        "DbgName":"Mat_1",
        "colorEmissive":[0,0,0],
        "shading":"phong",
        "mapDiffuseWrap":["repeat","repeat"],
        "DbgIndex":0,
        "doubleSided":false,
        "mapDiffuseRepeat":[1,1],
        "colorSpecular":[0.5,0.5,0.5],
        "wireframe":false,
        "mapDiffuseAnisotropy":1,
        "mapDiffuse":null,
        "colorDiffuse":[0.64,0.64,0.64],
        "DbgColor":15658734,
        "blending":"NormalBlending",
        "opacity":1,
        "depthTest":true
    }],
    "faces":[42,36,0,1,0,36,0,1,0,0,0,42,1,2,3,0,1,2,3,1,1,1,42,3,4,5,0,3,4,5,2,2,2,42,5,6,7,0,5,6,7,3,3,3,42,7,8,9,0,7,8,9,4,4,4,42,9,10,11,0,9,10,11,5,5,5,42,11,12,13,0,11,12,13,6,6,6,42,13,14,15,0,13,14,15,7,7,7,42,15,16,17,0,15,16,17,8,8,8,42,17,18,19,0,17,18,19,9,9,9,42,19,20,21,0,19,20,21,10,10,10,42,21,22,23,0,21,22,23,11,11,11,42,23,24,25,0,23,24,25,12,12,12,42,25,26,27,0,25,26,27,13,13,13,42,27,28,29,0,27,28,29,14,14,14,42,29,30,31,0,29,30,31,15,15,15,42,31,32,33,0,31,32,33,16,16,16,42,33,34,35,0,33,34,35,17,17,17,42,35,36,1,0,35,36,1,18,18,18,42,1,3,5,0,1,3,5,19,19,19,42,5,7,9,0,5,7,9,20,20,20,42,9,11,13,0,9,11,13,21,21,21,42,13,15,17,0,13,15,17,22,22,22,42,17,19,21,0,17,19,21,23,23,23,42,21,23,25,0,21,23,25,24,24,24,42,25,27,29,0,25,27,29,25,25,25,42,29,31,33,0,29,31,33,26,26,26,42,33,35,1,0,33,35,1,27,27,27,42,1,5,9,0,1,5,9,28,28,28,42,9,13,17,0,9,13,17,29,29,29,42,17,21,25,0,17,21,25,30,30,30,42,25,29,33,0,25,29,33,31,31,31,42,33,1,9,0,33,1,9,32,32,32,42,9,17,25,0,9,17,25,33,33,33,42,9,25,33,0,9,25,33,34,34,34],
    "colors":[],
    "normals":[0,0,-1,-0,0,-1,-0,0,-1,-0,0,-1,-0,0,-1,-0,0,-1,-0,0,-1,-0,0,-1,0,0,-1,-0,0,-1,-0,0,-1,0,0,-1,-0,0,-1,-0,0,-1,0,0,-1,0,0,-1,-0,0,-1,0,0,-1,0.000107,0,-1,0,0,-1,-0,0,-1,0,0,-1,0,0,-1,-0,0,-1,0,0,-1,0,0,-1,0,0,-1,0,0,-1,0,0,-1,-0,0,-1,-0,0,-1,-0,0,-1,-0,0,-1,0,0,-1,-0,0,-1],
    "uvs":[[0.769816,0.68937,0.785335,0.68842,0.813829,0.684421,0.847795,0.676476,0.881954,0.664838,0.913078,0.65054,0.934174,0.638444,0.955149,0.624063,0.970694,0.611223,0.98463,0.597332,1.00087,0.577382,1.01465,0.556062,1.02618,0.533659,1.03778,0.504564,1.04818,0.46879,1.05891,0.409581,1.06486,0.349692,0.105669,0.349692,0.096351,0.350152,0.08686,0.3516,0.077806,0.353875,0.067626,0.357465,0.056482,0.362664,0.044534,0.36977,0.031941,0.379081,0.018865,0.390891,0.005465,0.405499,-0.011494,0.428143,-0.028396,0.456202,-0.039875,0.480264,-0.05108,0.511582,-0.060526,0.549604,-0.067038,0.5923,-0.070321,0.644755,-0.069956,0.677205,-0.069236,0.68937,-0.069165,0.68937]],
    "vertices":[-0.199744,40.5395,-0.195414,-0.163361,41.1338,-0.195414,-0.010229,42.225,-0.195414,0.294055,43.5257,-0.195414,0.739722,44.8338,-0.195414,1.28723,46.0257,-0.195414,1.7505,46.8336,-0.195413,2.30119,47.6368,-0.195413,2.79287,48.2321,-0.195413,3.32484,48.7658,-0.195413,4.08882,49.3877,-0.195413,4.90526,49.9152,-0.195413,5.76323,50.3568,-0.195413,6.8774,50.8013,-0.195413,8.24737,51.1994,-0.195413,10.5148,51.6103,-0.195413,12.8082,51.8382,-0.195413,12.8082,15.1061,-0.195417,12.7906,14.7493,-0.195417,12.7351,14.3858,-0.195417,12.648,14.0391,-0.195417,12.5105,13.6493,-0.195417,12.3114,13.2225,-0.195417,12.0393,12.7649,-0.195417,11.6828,12.2827,-0.195418,11.2305,11.782,-0.195418,10.6711,11.2688,-0.195418,9.80388,10.6194,-0.195418,8.7294,9.97212,-0.195418,7.80793,9.53252,-0.195418,6.60865,9.1034,-0.195418,5.15257,8.74167,-0.195418,3.51754,8.49233,-0.195418,1.50876,8.36661,-0.195418,0.266144,8.38058,-0.195418,-0.199744,8.40813,-0.195418,-0.199744,8.41088,-0.195418],
    "metadata":{
        "colors":0,
        "generator":"io_three",
        "vertices":37,
        "materials":1,
        "faces":35,
        "version":3,
        "uvs":1,
        "normals":35,
        "type":"Geometry"
    }
}