{
    "materials":[{
        "vertexColors":false,
        "visible":true,
        "depthWrite":true,
        "specularCoef":50,
        "transparent":false,
        "DbgName":"Mat_1",
        "colorEmissive":[0,0,0],
        "shading":"phong",
        "mapDiffuseWrap":["repeat","repeat"],
        "DbgIndex":0,
        "doubleSided":false,
        "mapDiffuseRepeat":[1,1],
        "colorSpecular":[0.5,0.5,0.5],
        "wireframe":false,
        "mapDiffuseAnisotropy":1,
        "mapDiffuse":null,
        "colorDiffuse":[0.64,0.64,0.64],
        "DbgColor":15658734,
        "blending":"NormalBlending",
        "opacity":1,
        "depthTest":true
    }],
    "faces":[43,0,1,2,3,0,0,1,2,3,0,0,0,0,43,1,0,4,5,0,1,0,4,5,1,1,1,1,43,6,7,5,4,0,6,7,5,4,2,2,2,2,43,8,9,7,6,0,8,9,7,6,3,3,3,3,43,10,11,9,8,0,10,11,9,8,4,4,4,4,43,12,13,11,10,0,12,13,11,10,5,5,5,5,43,14,15,13,12,0,14,15,13,12,6,6,6,6,43,16,17,15,14,0,16,17,15,14,7,7,7,7,43,18,19,17,16,0,18,19,17,16,8,8,8,8,43,20,21,19,18,0,20,21,19,18,9,9,9,9,43,22,23,21,20,0,22,23,21,20,10,10,10,10,43,24,25,23,22,0,24,25,23,22,11,11,11,11,43,26,27,25,24,0,26,27,25,24,12,12,12,12,43,28,29,27,26,0,28,29,27,26,13,13,13,13,43,30,31,29,28,0,30,31,29,28,14,14,14,14,43,32,33,31,30,0,32,33,31,30,15,15,15,15,43,34,35,33,32,0,34,35,33,32,16,16,16,16,43,36,37,35,34,0,36,37,35,34,17,17,17,17,43,38,39,37,36,0,38,39,37,36,18,18,18,18,43,40,41,39,38,0,40,41,39,38,19,19,19,19,43,42,43,41,40,0,42,43,41,40,20,20,20,20,43,44,45,43,42,0,44,45,43,42,21,21,21,21,43,46,47,45,44,0,46,47,45,44,22,22,22,22,43,48,49,47,46,0,48,49,47,46,23,23,23,23,43,50,51,49,48,0,50,51,49,48,24,24,24,24,43,52,53,51,50,0,52,53,51,50,25,25,25,25,43,54,55,53,52,0,54,55,53,52,26,26,26,26,43,56,57,55,54,0,56,57,55,54,27,27,27,27,43,58,59,57,56,0,58,59,57,56,28,28,28,28,43,60,61,59,58,0,60,61,59,58,29,29,29,29,43,62,63,61,60,0,62,63,61,60,30,30,30,30,43,64,65,63,62,0,64,65,63,62,31,31,31,31,43,66,67,65,64,0,66,67,65,64,32,32,32,32,43,68,69,67,66,0,68,69,67,66,33,33,33,33,43,70,71,69,68,0,70,71,69,68,34,34,34,34,43,72,73,71,70,0,72,73,71,70,35,35,35,35,43,3,2,73,72,0,74,75,73,72,36,36,36,36],
    "colors":[],
    "normals":[-1,0,0,-0.998131,0.061107,0,-0.990296,0.138973,0,-0.973711,0.227786,0,-0.94657,0.322499,0,-0.908716,0.417416,0,-0.867484,0.497466,0,-0.824776,0.565459,0,-0.77103,0.636799,0,-0.70823,0.705982,0,-0.631329,0.775515,0,-0.542648,0.83996,0,-0.457665,0.889125,0,-0.370567,0.928806,0,-0.279013,0.960287,0,-0.178312,0.983974,0,-0.098905,0.995097,0,1,0,0,0.998784,-0.049306,0,0.988562,-0.150813,0,0.969855,-0.243683,0,0.943101,-0.332507,0,0.906221,-0.422804,0,0.859472,-0.511182,0,0.80409,-0.594507,0,0.742103,-0.670286,0,0.675973,-0.736926,0,0.599457,-0.800407,0,0.515986,-0.856597,0,0.430572,-0.902556,0,0.336899,-0.941541,0,0.241098,-0.970501,0,0.150757,-0.988571,0,0.062462,-0.998047,0,-0.011241,-0.999937,0,-0.059033,-0.998256,0,-1,0,0],
    "uvs":[[0.308278,1,0.308278,0,0,0,0,1,0.313991,1,0.313991,0,0.324563,1,0.324563,0,0.337381,1,0.337381,0,0.35064,1,0.35064,0,0.363226,1,0.363226,0,0.372161,1,0.372161,0,0.381506,1,0.381506,0,0.388914,1,0.388914,0,0.396144,1,0.396144,0,0.405597,1,0.405597,0,0.414923,1,0.414923,0,0.424182,1,0.424182,0,0.435692,1,0.435692,0,0.449381,1,0.449381,0,0.471491,1,0.471491,0,0.493605,1,0.493605,0,0.846054,1,0.846054,0,0.849481,1,0.849481,0,0.853009,1,0.853009,0,0.85644,1,0.85644,0,0.860406,1,0.860406,0,0.864924,1,0.864924,0,0.870032,1,0.870032,0,0.875787,1,0.875787,0,0.882261,1,0.882261,0,0.889545,1,0.889545,0,0.89994,1,0.89994,0,0.911976,1,0.911976,0,0.921772,1,0.921772,0,0.933994,1,0.933994,0,0.94839,1,0.94839,0,0.96426,1,0.96426,0,0.983572,1,0.983572,0,0.995496,1,0.995496,0,0.999974,1,0.999974,0,1,1,1,0]],
    "vertices":[-0.199744,40.5395,0.204586,-0.199744,40.5395,-0.195414,-0.199744,8.41088,-0.195418,-0.199744,8.41088,0.204582,-0.163361,41.1338,0.204586,-0.163361,41.1338,-0.195414,-0.010229,42.225,0.204586,-0.010229,42.225,-0.195414,0.294055,43.5257,0.204586,0.294055,43.5257,-0.195414,0.739722,44.8338,0.204586,0.739722,44.8338,-0.195414,1.28723,46.0257,0.204586,1.28723,46.0257,-0.195414,1.7505,46.8336,0.204587,1.7505,46.8336,-0.195413,2.30119,47.6368,0.204587,2.30119,47.6368,-0.195413,2.79287,48.2321,0.204587,2.79287,48.2321,-0.195413,3.32484,48.7658,0.204587,3.32484,48.7658,-0.195413,4.08882,49.3877,0.204587,4.08882,49.3877,-0.195413,4.90526,49.9152,0.204587,4.90526,49.9152,-0.195413,5.76323,50.3568,0.204587,5.76323,50.3568,-0.195413,6.8774,50.8013,0.204587,6.8774,50.8013,-0.195413,8.24737,51.1994,0.204587,8.24737,51.1994,-0.195413,10.5148,51.6103,0.204587,10.5148,51.6103,-0.195413,12.8082,51.8382,0.204587,12.8082,51.8382,-0.195413,12.8082,15.1061,0.204583,12.8082,15.1061,-0.195417,12.7906,14.7493,0.204583,12.7906,14.7493,-0.195417,12.7351,14.3858,0.204583,12.7351,14.3858,-0.195417,12.648,14.0391,0.204583,12.648,14.0391,-0.195417,12.5105,13.6493,0.204583,12.5105,13.6493,-0.195417,12.3114,13.2225,0.204583,12.3114,13.2225,-0.195417,12.0393,12.7649,0.204582,12.0393,12.7649,-0.195417,11.6828,12.2827,0.204582,11.6828,12.2827,-0.195418,11.2305,11.782,0.204582,11.2305,11.782,-0.195418,10.6711,11.2688,0.204582,10.6711,11.2688,-0.195418,9.80388,10.6194,0.204582,9.80388,10.6194,-0.195418,8.7294,9.97212,0.204582,8.7294,9.97212,-0.195418,7.80793,9.53252,0.204582,7.80793,9.53252,-0.195418,6.60865,9.1034,0.204582,6.60865,9.1034,-0.195418,5.15257,8.74167,0.204582,5.15257,8.74167,-0.195418,3.51754,8.49233,0.204582,3.51754,8.49233,-0.195418,1.50876,8.36661,0.204582,1.50876,8.36661,-0.195418,0.266144,8.38058,0.204582,0.266144,8.38058,-0.195418,-0.199744,8.40813,0.204582,-0.199744,8.40813,-0.195418],
    "metadata":{
        "colors":0,
        "generator":"io_three",
        "vertices":74,
        "materials":1,
        "faces":37,
        "version":3,
        "uvs":1,
        "normals":37,
        "type":"Geometry"
    }
}