{
    "data":{
        "attributes":{
            "position":{
                "itemSize":3,
                "array":[-0.643263,2,0.643263,1,1.31561,1,0.643263,2,0.643263,0.643263,2,0.643263,1,1.31561,-1,0.643263,2,-0.643263,-0.643263,2,-0.643263,-1,1.31561,1,-0.643263,2,0.643263,0.643263,2,-0.643263,-1,1.31561,-1,-0.643263,2,-0.643263,-1,1.31561,1,0.643263,2,0.643263,1,1.31561,1,1,1.31561,-1,-1,1.31561,-1,1,1.31561,-1],
                "type":"Float32Array"
            },
            "normal":{
                "itemSize":3,
                "array":[0,0.462221,0.886765,0,0.462221,0.886765,0,0.462221,0.886765,0.886765,0.462221,0,0.886765,0.462221,0,0.886765,0.462221,0,-0.886765,0.462221,0,-0.886765,0.462221,0,-0.886765,0.462221,0,0,0.462221,-0.886765,0,0.462221,-0.886765,0,0.462221,-0.886765,0,0.462221,0.886765,0.886765,0.462221,-0,0.886765,0.462221,-0,0.886765,0.462221,-0,-0.886765,0.462221,0,0,0.462221,-0.886765],
                "type":"Float32Array"
            },
            "uv":{
                "itemSize":2,
                "array":[0.0579857,0.671786,1.18714,0.328214,0.942015,0.671786,0.0579857,0.671786,1.18714,0.328214,0.942015,0.671786,0.0579855,0.671786,1.18714,0.328214,0.942014,0.671786,0.0579857,0.671786,1.18714,0.328214,0.942014,0.671786,-0.187144,0.328214,0.0579857,0.671786,-0.187144,0.328214,1.18714,0.328214,-0.187144,0.328214,-0.187144,0.328214],
                "type":"Float32Array"
            }
        },
        "index":{
            "itemSize":1,
            "array":[0,1,2,3,4,5,6,7,8,9,10,11,0,12,1,13,14,15,6,16,7,9,17,10],
            "type":"Uint16Array"
        }
    },
    "metadata":{
        "position":18,
        "type":"BufferGeometry",
        "normal":18,
        "generator":"io_three",
        "version":3,
        "uv":18
    }
}