{
    "skinIndices":[],
    "skinWeights":[],
    "faces":[41,6,2,30,31,0,1,1,0,0,0,0,0,41,3,8,9,7,2,3,4,5,1,1,1,1,41,7,9,11,5,5,4,6,7,2,2,2,2,41,5,1,3,7,7,6,8,9,3,3,3,3,41,1,10,8,3,10,5,7,11,4,4,4,4,41,5,11,10,1,4,12,13,6,5,5,5,5,40,24,22,16,14,0,14,6,6,6,41,4,6,31,25,14,0,0,14,7,7,7,7,41,12,13,32,29,1,0,0,1,8,8,8,8,41,13,15,26,32,0,14,14,0,9,9,9,9,40,22,21,16,0,1,0,10,10,10,40,23,24,16,15,14,15,11,11,11,40,21,23,16,1,15,1,12,12,12,41,2,6,18,17,1,0,0,1,13,13,13,13,41,0,2,17,19,16,1,1,15,14,14,14,14,41,6,4,20,18,0,14,14,0,2,2,2,2,41,4,0,19,20,14,16,15,14,15,15,15,15,41,28,25,26,27,16,14,14,16,16,16,16,16,41,30,28,27,29,1,16,16,1,4,4,4,4,41,25,31,32,26,14,0,0,14,17,17,17,17,41,31,30,29,32,0,1,1,0,18,18,18,18,41,15,14,27,26,14,16,16,14,19,19,19,19,41,14,12,29,27,16,1,1,16,20,20,20,20,41,0,4,25,28,16,14,14,16,21,21,21,21,41,2,0,28,30,1,16,16,1,22,22,22,22],
    "metadata":{
        "faces":25,
        "uvs":1,
        "version":3,
        "vertices":33,
        "generator":"io_three",
        "normals":23,
        "type":"Geometry"
    },
    "influencesPerVertex":2,
    "uvs":[[0.580408,0.205408,0.419592,0.205408,0.375,0.25,0.625,0.25,0.625,0.5,0.375,0.5,0.625,0.75,0.375,0.75,0.625,1,0.375,1,0.125,0.5,0.125,0.75,0.875,0.5,0.875,0.75,0.580408,0.0445921,0.419592,0.0445921,0.419592,0.0445921]],
    "vertices":[0.643263,2.71467,-0.643263,1,-4.37114e-08,-1,0.643263,2.71467,0.643263,1,4.37114e-08,1,-0.643263,2.71467,-0.643263,-1,-4.37114e-08,-1,-0.643263,2.71467,0.643263,-1,4.37114e-08,1,1,1.31561,1,-1,1.31561,1,1,1.31561,-1,-1,1.31561,-1,0.643263,4.11545,0.643263,-0.643263,4.11545,0.643263,0.643263,4.11545,-0.643263,-0.643263,4.11545,-0.643263,0,6.51557,-2.84805e-07,0.643263,2,0.643263,-0.643263,2,0.643263,0.643263,2,-0.643263,-0.643263,2,-0.643263,0.643263,4.83011,0.643263,-0.643263,4.83011,0.643263,0.643263,4.83011,-0.643263,-0.643263,4.83011,-0.643263,-0.558497,2.80696,-0.558497,-0.558497,4.02315,-0.558497,0.558497,4.02315,-0.558497,0.558497,2.80696,-0.558497,0.558497,4.02315,0.558497,0.558497,2.80696,0.558497,-0.558497,2.80696,0.558497,-0.558497,4.02315,0.558497],
    "normals":[0,0.676432,0.736505,0,4.53059e-08,1,-1,0,0,0,-1,4.37114e-08,1,0,0,-0,0,-1,-0.93427,0.356567,0,-0.736505,0.676432,0,0,-0.676432,0.736505,-0.736505,-0.676432,0,0,0.356567,0.93427,0,0.356567,-0.93427,0.93427,0.356567,-0,0,8.34021e-08,1,1,-0,0,0,-8.34021e-08,-1,0,-4.90093e-08,-1,-1,-0,0,0,4.90093e-08,1,0,-0.676432,-0.736505,0.736505,-0.676432,0,0,0.676432,-0.736505,0.736505,0.676432,0]
}