{
    "normals":[-0,-1,0,0,-0,-1,0,1,-0,0,1,0,-0,1,0,1,0,0,-0,-0,1,-1,-0,-0,0.707107,0.707107,0,1,0,0,-0,0,1,1,0,1e-06,-1,0,-0,0,0,0,0,0,-1,0,0.707107,-0.707107,-0,0.707107,0.707107,-0.707107,0.707107,-0,0,1,0,1,0,1e-06,-0,0,1,0,-0,-1,-1,-0,-1e-06,0,1,-0,-1,-0,-0,0,-0,-1,-0,0,1],
    "metadata":{
        "type":"Geometry",
        "materials":1,
        "uvs":1,
        "version":3,
        "normals":27,
        "generator":"io_three",
        "colors":0,
        "vertices":44,
        "faces":42
    },
    "materials":[{
        "DbgIndex":0,
        "visible":true,
        "shading":"phong",
        "mapDiffuseRepeat":[1,1],
        "mapDiffuseAnisotropy":1,
        "wireframe":false,
        "doubleSided":false,
        "colorSpecular":[0.5,0.5,0.5],
        "vertexColors":false,
        "mapDiffuseWrap":["repeat","repeat"],
        "DbgName":"Material",
        "depthWrite":true,
        "opacity":1,
        "blending":"NormalBlending",
        "colorDiffuse":[0.64,0.64,0.64],
        "transparent":false,
        "colorEmissive":[0,0,0],
        "mapDiffuse":"tent_sample.jpg",
        "depthTest":true,
        "specularCoef":50,
        "DbgColor":15658734
    }],
    "uvs":[[0.271441,0.293463,0.011689,0.293463,0.011689,0.012637,0.271441,0.012637,0.474181,0.733733,0.324723,0.733733,0.324723,0.560176,0.474181,0.560176,0.499423,0.507612,0.499423,0.346028,0.524665,0.318738,0.524665,0.534902,0.349966,0.346028,0.349966,0.507612,0.324723,0.534902,0.324723,0.318738,0.011689,0.318738,0.241536,0.318738,0.241536,0.599564,0.011689,0.599564,0.294818,0.012637,0.524665,0.012637,0.524665,0.293463,0.294818,0.293463,0.77789,0.293463,0.548043,0.293463,0.548043,0.012637,0.77789,0.012637,0.271441,0.567233,0.271441,0.351069,0.301345,0.318738,0.301345,0.599564,0.092167,0.987363,0.011689,0.987363,0.011689,0.823669,0.092167,0.823669,0.011689,0.624838,0.161146,0.624838,0.161146,0.798395,0.011689,0.798395,0.548043,0.624838,0.6975,0.624838,0.6975,0.798395,0.548043,0.798395,0.324723,0.759007,0.47418,0.759007,0.47418,0.932563,0.324723,0.932563,0,0,0.77789,0.599564,0.548043,0.599564,0.548043,0.318738,0.77789,0.318738,0.935029,0.393548,0.935029,0.674374,0.905124,0.642043,0.905124,0.425879,0.93986,0.261132,0.93986,0.044968,0.969765,0.012637,0.969765,0.293463,0.958406,0.642043,0.958406,0.425879,0.988311,0.393548,0.988311,0.674374,0.835846,0.662126,0.755368,0.662126,0.720878,0.624839,0.870335,0.624838,0.835846,0.749134,0.870335,0.786422,0.755368,0.749134,0.720878,0.786422,0.184524,0.624838,0.230442,0.624838,0.230442,0.980475,0.184524,0.980475,0.720878,0.811696,0.801356,0.811696,0.801357,0.97539,0.720878,0.97539,0.801268,0.393548,0.881746,0.393548,0.881746,0.557242,0.801268,0.557242,0.824734,0.811696,0.905213,0.811696,0.905213,0.97539,0.824734,0.97539,0.611241,0.842351,0.565323,0.842351,0.548043,0.823669,0.628522,0.823669,0.611241,0.891995,0.628522,0.910677,0.565323,0.891995,0.548043,0.910677,0.593961,0.935951,0.593961,0.985595,0.548043,0.985595,0.548043,0.935951,0.299738,0.980475,0.25382,0.980475,0.25382,0.624838,0.299738,0.624838,0.870564,0.012637,0.916482,0.012637,0.916482,0.368274,0.870564,0.368274,0.847186,0.368274,0.801268,0.368274,0.801268,0.012637,0.847186,0.012637]],
    "colors":[],
    "vertices":[10,-0,-10,10,0,10,-10,0,10,-10,-0,-10,5.75385,20,-5.75385,5.75385,20,5.75386,-5.75385,20,5.75385,-5.75385,20,-5.75385,9.99999,17.6974,10,7.69743,20,7.69744,7.69744,20,-7.69743,10,17.6974,-10,3.09828,32.3604,-3.09828,3.09828,32.3604,3.09829,-3.09828,32.3604,-3.09828,-3.09829,32.3604,3.09828,10,17.6974,-10,7.69744,20,-7.69743,7.69743,20,7.69744,9.99999,17.6974,10,-10,17.6974,-10,-7.69743,20,-7.69743,-7.69744,20,7.69743,-10,17.6974,10,-10,17.6974,-10,-7.69743,20,-7.69743,-7.69744,20,7.69743,-10,17.6974,10,5.75385,32.3604,-5.75385,5.75385,32.3604,5.75385,-5.75385,32.3604,-5.75385,-5.75385,32.3604,5.75385,1.76778,20.7024,-1.76777,1.76777,20.7024,1.76778,-1.76778,20.7024,-1.76777,-1.76778,20.7024,1.76778,3.09828,20.7024,-3.09828,3.09828,20.7024,3.09829,-3.09828,20.7024,-3.09828,-3.09829,20.7024,3.09828,1.76778,46.0303,-1.76777,1.76777,46.0303,1.76778,-1.76778,46.0303,-1.76778,-1.76778,46.0303,1.76778],
    "faces":[43,0,1,2,3,0,0,1,2,3,0,0,0,0,43,4,7,30,28,0,4,5,6,7,1,1,1,1,43,7,4,17,21,0,8,9,10,11,2,2,2,2,43,5,6,22,18,0,12,13,14,15,3,3,3,3,43,6,7,21,22,0,13,8,11,14,4,4,4,4,43,0,16,19,1,0,16,17,18,19,5,5,5,5,43,1,19,23,2,0,20,21,22,23,6,6,6,6,43,4,5,18,17,0,9,12,15,10,3,3,3,3,43,2,23,20,3,0,24,25,26,27,7,7,7,7,43,10,9,8,11,0,28,29,30,31,8,8,8,8,43,14,15,39,38,0,32,33,34,35,9,9,9,9,43,6,5,29,31,0,36,37,38,39,10,10,10,10,43,5,4,28,29,0,40,41,42,43,11,11,11,11,43,7,6,31,30,0,44,45,46,47,12,12,12,12,43,22,21,25,26,0,48,48,48,48,13,13,13,13,43,17,18,9,10,0,48,48,48,48,13,13,13,13,43,19,16,11,8,0,48,48,48,48,13,13,13,13,43,18,22,26,9,0,48,48,48,48,13,13,13,13,43,16,0,3,20,0,49,50,51,52,14,14,14,14,43,11,24,25,10,0,53,54,55,56,15,15,15,15,43,9,26,27,8,0,57,58,59,60,16,16,16,16,43,26,25,24,27,0,61,62,63,64,17,17,17,17,43,21,17,10,25,0,48,48,48,48,13,13,13,13,43,16,20,24,11,0,48,48,48,48,13,13,13,13,43,20,23,27,24,0,48,48,48,48,13,13,13,13,43,23,19,8,27,0,48,48,48,48,13,13,13,13,43,12,13,29,28,0,65,66,67,68,18,18,18,18,43,14,12,28,30,0,69,65,68,70,2,2,2,2,43,13,15,31,29,0,66,71,72,67,3,3,3,3,43,15,14,30,31,0,71,69,70,72,4,4,4,4,43,33,32,40,41,0,73,74,75,76,19,19,19,19,43,12,14,38,36,0,77,78,79,80,20,20,20,20,43,15,13,37,39,0,81,82,83,84,21,21,21,21,43,13,12,36,37,0,85,86,87,88,22,22,22,22,43,32,33,37,36,0,89,90,91,92,3,3,3,3,43,34,32,36,38,0,93,89,92,94,23,23,23,23,43,33,35,39,37,0,90,95,96,91,3,3,3,3,43,35,34,38,39,0,95,93,94,96,4,4,4,4,43,40,42,43,41,0,97,98,99,100,3,3,3,3,43,34,35,43,42,0,101,102,103,104,24,24,24,24,43,32,34,42,40,0,105,106,107,108,25,25,25,25,43,35,33,41,43,0,109,110,111,112,26,26,26,26]
}