{
    "data":{
        "attributes":{
            "position":{
                "itemSize":3,
                "array":[0.643263,4.11545,0.643263,-0.643263,4.83011,0.643263,-0.643263,4.11545,0.643263,0.643263,4.11545,-0.643263,0.643263,4.83011,0.643263,0.643263,4.11545,0.643263,-0.643263,4.11545,0.643263,-0.643263,4.83011,-0.643263,-0.643263,4.11545,-0.643263,-0.643263,4.11545,-0.643263,0.643263,4.83011,-0.643263,0.643263,4.11545,-0.643263,0.643263,4.83011,0.643263,0.643263,4.83011,-0.643263,-0.643263,4.11545,0.643263,-0.643263,4.83011,0.643263,-0.643263,4.83011,-0.643263,-0.643263,4.83011,-0.643263],
                "type":"Float32Array"
            },
            "normal":{
                "itemSize":3,
                "array":[0,8.34021e-08,1,0,8.34021e-08,1,0,8.34021e-08,1,1,0,0,1,0,0,1,0,0,-1,0,0,-1,0,0,-1,0,0,0,-8.34021e-08,-1,0,-8.34021e-08,-1,0,-8.34021e-08,-1,-0,8.34021e-08,1,1,0,0,-1,0,0,-1,0,0,-1,0,0,-0,-8.34021e-08,-1],
                "type":"Float32Array"
            },
            "uv":{
                "itemSize":2,
                "array":[0.985295,0.248857,0.0126559,0.789158,0.0126559,0.248857,1.95793,0.248857,0.985295,0.789158,0.985295,0.248857,0.0126559,0.248857,-0.959983,0.789158,-0.959983,0.248857,2.93057,0.248857,1.95793,0.789158,1.95793,0.248857,0.985295,0.789158,1.95793,0.789158,0.0126559,0.248857,0.0126559,0.789158,-0.959983,0.789158,2.93057,0.789158],
                "type":"Float32Array"
            }
        },
        "index":{
            "itemSize":1,
            "array":[0,1,2,3,4,5,6,7,8,9,10,11,0,12,1,3,13,4,14,15,16,9,17,10],
            "type":"Uint16Array"
        }
    },
    "metadata":{
        "position":18,
        "type":"BufferGeometry",
        "normal":18,
        "generator":"io_three",
        "version":3,
        "uv":18
    }
}