{
    "faces":[43,0,1,2,3,0,0,1,2,3,0,0,1,1,43,4,5,6,7,0,4,5,6,7,2,2,3,3,43,8,9,10,11,0,8,9,10,11,4,4,5,5,43,5,4,3,2,0,5,4,3,2,2,2,1,1,43,12,13,7,6,0,12,13,7,6,6,6,3,3,43,14,15,16,17,0,14,15,16,17,7,7,8,8,43,18,19,20,21,0,18,19,20,21,9,9,10,10,43,22,23,19,18,0,22,23,19,18,11,11,9,9,43,24,25,26,27,0,24,25,26,27,12,12,13,13,43,28,29,30,31,0,28,29,30,31,14,14,15,15,43,23,22,32,33,0,23,22,32,33,11,11,16,16,43,34,35,27,26,0,34,35,27,26,17,17,13,13,43,1,0,36,37,0,1,0,36,37,0,0,18,18,43,13,12,17,16,0,13,12,17,16,6,6,8,8,43,15,14,21,20,0,15,14,21,20,7,7,10,10,43,33,32,35,34,0,33,32,35,34,16,16,17,17,43,25,24,31,30,0,25,24,31,30,12,12,15,15,43,29,28,9,8,0,29,28,9,8,14,14,4,4],
    "normals":[0.662465,0,0.749046,0.590777,0,0.806787,0.513688,0,0.857967,0.431501,0,0.902097,-0.68511,0,0.728416,-0.717826,0,0.696188,0.344737,0,0.938688,0.168187,0,0.985748,0.254036,0,0.967162,0,0,1,0.088473,0,0.996063,-0.096438,0,0.995331,-0.459426,0,0.88818,-0.374126,0,0.927366,-0.615314,0,0.788263,-0.539964,0,0.84167,-0.191778,0,0.981414,-0.284677,0,0.958617,0.696188,0,0.717826],
    "vertices":[-85.2574,11.9598,12.0528,-85.2564,72.1341,12.0528,-86.4044,72.1341,12.9778,-86.4055,11.9598,12.9778,-87.6374,11.9598,13.7953,-87.6364,72.1341,13.7954,-88.9451,72.1341,14.4985,-88.9461,11.9598,14.4985,-106.83,11.9598,11.7218,-106.829,72.1341,11.7219,-107.854,72.1341,10.6647,-107.855,11.9598,10.6647,-90.3236,72.1341,15.0802,-90.3246,11.9598,15.0802,-93.2617,72.1341,15.851,-93.2627,11.9598,15.851,-91.7659,11.9598,15.5334,-91.7648,72.1341,15.5334,-95.8611,72.1341,16.06,-95.8621,11.9598,16.06,-94.2881,11.9598,15.984,-94.2871,72.1341,15.984,-97.4351,72.1341,15.984,-97.4361,11.9598,15.984,-103.221,72.1341,14.2773,-103.222,11.9598,14.2773,-101.866,11.9598,14.9003,-101.865,72.1341,14.9003,-105.71,72.1341,12.681,-105.711,11.9598,12.681,-104.506,11.9598,13.5352,-104.505,72.1341,13.5352,-98.9651,72.1341,15.7607,-98.9662,11.9598,15.7607,-100.445,11.9598,15.3971,-100.444,72.1341,15.3971,-84.2003,11.9598,11.0275,-84.1992,72.1341,11.0275],
    "metadata":{
        "generator":"io_three",
        "materials":1,
        "normals":19,
        "uvs":1,
        "vertices":38,
        "faces":18,
        "type":"Geometry",
        "version":3,
        "colors":0
    },
    "materials":[{
        "doubleSided":false,
        "specularCoef":50,
        "depthTest":true,
        "wireframe":false,
        "DbgIndex":0,
        "DbgName":"Mat_1",
        "transparent":false,
        "opacity":1,
        "shading":"phong",
        "DbgColor":15658734,
        "colorDiffuse":[0.64,0.64,0.64],
        "depthWrite":true,
        "colorSpecular":[0.5,0.5,0.5],
        "colorEmissive":[0,0,0],
        "visible":true,
        "vertexColors":false,
        "blending":"NormalBlending"
    }],
    "uvs":[[0.635,0.96481,0.635,0.788352,0.65,0.791164,0.65,0.965278,0.665,0.965766,0.665,0.7941,0.68,0.79713,0.68,0.96627,0.87,0.971918,0.87,0.831093,0.885,0.832699,0.885,0.972185,0.695,0.800226,0.695,0.966785,0.725,0.80652,0.725,0.967832,0.71,0.967307,0.71,0.803364,0.75,0.811767,0.75,0.968704,0.735,0.968181,0.735,0.808625,0.765,0.814808,0.765,0.96921,0.825,0.82519,0.825,0.970936,0.81,0.970549,0.81,0.822863,0.855,0.829306,0.855,0.97162,0.84,0.971293,0.84,0.827338,0.78,0.817672,0.78,0.969686,0.795,0.970132,0.795,0.820357,0.62,0.964369,0.62,0.785694]],
    "colors":[]
}