{
    "faces":[43,0,1,2,3,0,0,1,2,3,0,0,1,1,43,4,5,6,7,0,4,5,6,7,2,3,4,4,43,8,9,10,11,0,8,9,10,11,5,5,6,6,43,5,4,3,2,0,5,4,3,2,3,2,1,1,43,12,13,7,6,0,12,13,7,6,7,7,4,4,43,14,15,16,17,0,14,15,16,17,8,8,9,9,43,18,19,20,21,0,18,19,20,21,10,10,11,11,43,22,23,19,18,0,22,23,19,18,12,12,10,10,43,24,25,26,27,0,24,25,26,27,13,13,14,14,43,28,29,30,31,0,28,29,30,31,15,15,16,16,43,23,22,32,33,0,23,22,32,33,12,12,17,17,43,34,35,27,26,0,34,35,27,26,18,18,14,14,43,1,0,36,37,0,1,0,36,37,0,0,19,19,43,13,12,17,16,0,13,12,17,16,7,7,9,9,43,15,14,21,20,0,15,14,21,20,8,8,11,11,43,33,32,35,34,0,33,32,35,34,17,17,18,18,43,25,24,31,30,0,25,24,31,30,13,13,16,16,43,29,28,9,8,0,29,28,9,8,15,15,5,5],
    "normals":[-0.662465,0,-0.749046,-0.590777,0,-0.806787,-0.513657,0,-0.857967,-0.513688,0,-0.857967,-0.431501,0,-0.902097,0.68511,0,-0.728416,0.717826,0,-0.696188,-0.344737,0,-0.938688,-0.168187,0,-0.985748,-0.254036,0,-0.967162,0,0,-1,-0.088473,0,-0.996063,0.096438,0,-0.995331,0.459426,0,-0.88818,0.374126,0,-0.927366,0.615314,0,-0.788263,0.539964,0,-0.84167,0.191778,0,-0.981414,0.284677,0,-0.958617,-0.696188,0,-0.717826],
    "vertices":[-106.443,11.9598,-12.0528,-106.444,72.1341,-12.0528,-105.296,72.1341,-12.9778,-105.295,11.9598,-12.9778,-104.063,11.9598,-13.7953,-104.064,72.1341,-13.7953,-102.755,72.1341,-14.4985,-102.754,11.9598,-14.4985,-84.8704,11.9598,-11.7218,-84.8714,72.1341,-11.7218,-83.8461,72.1341,-10.6647,-83.8451,11.9598,-10.6647,-101.376,72.1341,-15.0802,-101.375,11.9598,-15.0802,-98.4383,72.1341,-15.851,-98.4372,11.9598,-15.851,-99.9341,11.9598,-15.5334,-99.9352,72.1341,-15.5334,-95.8389,72.1341,-16.06,-95.8379,11.9598,-16.06,-97.4119,11.9598,-15.984,-97.4129,72.1341,-15.984,-94.2649,72.1341,-15.984,-94.2639,11.9598,-15.984,-88.4786,72.1341,-14.2773,-88.4776,11.9598,-14.2773,-89.8336,11.9598,-14.9003,-89.8346,72.1341,-14.9002,-85.9899,72.1341,-12.681,-85.9889,11.9598,-12.681,-87.1936,11.9598,-13.5352,-87.1947,72.1341,-13.5352,-92.7348,72.1341,-15.7607,-92.7338,11.9598,-15.7607,-91.2547,11.9598,-15.3971,-91.2557,72.1341,-15.3971,-107.5,11.9598,-11.0275,-107.501,72.1341,-11.0275],
    "metadata":{
        "generator":"io_three",
        "materials":1,
        "normals":20,
        "uvs":1,
        "vertices":38,
        "faces":18,
        "type":"Geometry",
        "version":3,
        "colors":0
    },
    "materials":[{
        "doubleSided":false,
        "specularCoef":50,
        "depthTest":true,
        "wireframe":false,
        "DbgIndex":0,
        "DbgName":"Mat_1",
        "transparent":false,
        "opacity":1,
        "shading":"phong",
        "DbgColor":15658734,
        "colorDiffuse":[0.64,0.64,0.64],
        "depthWrite":true,
        "colorSpecular":[0.5,0.5,0.5],
        "colorEmissive":[0,0,0],
        "visible":true,
        "vertexColors":false,
        "blending":"NormalBlending"
    }],
    "uvs":[[0.635,0.96481,0.635,0.788352,0.65,0.791164,0.65,0.965278,0.665,0.965766,0.665,0.7941,0.68,0.79713,0.68,0.96627,0.87,0.971918,0.87,0.831093,0.885,0.832699,0.885,0.972185,0.695,0.800226,0.695,0.966785,0.725,0.80652,0.725,0.967832,0.71,0.967307,0.71,0.803364,0.75,0.811767,0.75,0.968704,0.735,0.968181,0.735,0.808625,0.765,0.814808,0.765,0.96921,0.825,0.82519,0.825,0.970936,0.81,0.970549,0.81,0.822863,0.855,0.829306,0.855,0.97162,0.84,0.971293,0.84,0.827338,0.78,0.817672,0.78,0.969686,0.795,0.970132,0.795,0.820357,0.62,0.964369,0.62,0.785694]],
    "colors":[]
}