{
    "metadata":{
        "normals":20,
        "uvs":1,
        "colors":0,
        "type":"Geometry",
        "generator":"io_three",
        "faces":18,
        "vertices":38,
        "version":3,
        "materials":1
    },
    "normals":[-0.662465,0,-0.749046,-0.590777,0,-0.806787,-0.513657,0,-0.857967,-0.513688,0,-0.857967,-0.431501,0,-0.902097,0.68511,0,-0.728416,0.717826,0,-0.696188,-0.344737,0,-0.938688,-0.168187,0,-0.985748,-0.254036,0,-0.967162,0,0,-1,-0.088473,0,-0.996063,0.096438,0,-0.995331,0.459426,0,-0.88818,0.374126,0,-0.927366,0.615314,0,-0.788263,0.539964,0,-0.84167,0.191778,0,-0.981414,0.284677,0,-0.958617,-0.696188,0,-0.717826],
    "uvs":[[0.99621,0.683401,-0.001416,0.683418,-0.001416,0.664384,0.99621,0.664367,0.99621,0.643943,-0.001416,0.64396,-0.001416,0.622263,0.99621,0.622246,0.99621,0.325757,-0.001416,0.325774,-0.001416,0.308776,0.99621,0.308758,-0.001416,0.599408,0.99621,0.599391,-0.001416,0.550698,0.99621,0.550681,0.99621,0.575498,-0.001416,0.575515,-0.001416,0.507603,0.99621,0.507586,0.99621,0.533681,-0.001416,0.533698,-0.001416,0.481508,0.99621,0.481491,-0.001416,0.385577,0.99621,0.38556,0.99621,0.408042,-0.001416,0.408059,-0.001416,0.344318,0.99621,0.344301,0.99621,0.364274,-0.001416,0.364291,-0.001416,0.456141,0.99621,0.456124,0.99621,0.431602,-0.001416,0.431619,0.99621,0.700927,-0.001416,0.700944]],
    "faces":[43,0,1,2,3,0,0,1,2,3,0,0,1,1,43,4,5,6,7,0,4,5,6,7,2,3,4,4,43,8,9,10,11,0,8,9,10,11,5,5,6,6,43,5,4,3,2,0,5,4,3,2,3,2,1,1,43,12,13,7,6,0,12,13,7,6,7,7,4,4,43,14,15,16,17,0,14,15,16,17,8,8,9,9,43,18,19,20,21,0,18,19,20,21,10,10,11,11,43,22,23,19,18,0,22,23,19,18,12,12,10,10,43,24,25,26,27,0,24,25,26,27,13,13,14,14,43,28,29,30,31,0,28,29,30,31,15,15,16,16,43,23,22,32,33,0,23,22,32,33,12,12,17,17,43,34,35,27,26,0,34,35,27,26,18,18,14,14,43,1,0,36,37,0,1,0,36,37,0,0,19,19,43,13,12,17,16,0,13,12,17,16,7,7,9,9,43,15,14,21,20,0,15,14,21,20,8,8,11,11,43,33,32,35,34,0,33,32,35,34,17,17,18,18,43,25,24,31,30,0,25,24,31,30,13,13,16,16,43,29,28,9,8,0,29,28,9,8,15,15,5,5],
    "vertices":[-106.443,11.9598,-12.0528,-106.444,72.1341,-12.0528,-105.296,72.1341,-12.9778,-105.295,11.9598,-12.9778,-104.063,11.9598,-13.7953,-104.064,72.1341,-13.7953,-102.755,72.1341,-14.4985,-102.754,11.9598,-14.4985,-84.8704,11.9598,-11.7218,-84.8714,72.1341,-11.7218,-83.8461,72.1341,-10.6647,-83.8451,11.9598,-10.6647,-101.376,72.1341,-15.0802,-101.375,11.9598,-15.0802,-98.4383,72.1341,-15.851,-98.4372,11.9598,-15.851,-99.9341,11.9598,-15.5334,-99.9352,72.1341,-15.5334,-95.8389,72.1341,-16.06,-95.8379,11.9598,-16.06,-97.4119,11.9598,-15.984,-97.4129,72.1341,-15.984,-94.2649,72.1341,-15.984,-94.2639,11.9598,-15.984,-88.4786,72.1341,-14.2773,-88.4776,11.9598,-14.2773,-89.8336,11.9598,-14.9003,-89.8346,72.1341,-14.9002,-85.9899,72.1341,-12.681,-85.9889,11.9598,-12.681,-87.1936,11.9598,-13.5352,-87.1947,72.1341,-13.5352,-92.7348,72.1341,-15.7607,-92.7338,11.9598,-15.7607,-91.2547,11.9598,-15.3971,-91.2557,72.1341,-15.3971,-107.5,11.9598,-11.0275,-107.501,72.1341,-11.0275],
    "colors":[],
    "materials":[{
        "colorDiffuse":[0.64,0.64,0.64],
        "shading":"phong",
        "depthTest":true,
        "transparent":false,
        "depthWrite":true,
        "specularCoef":50,
        "DbgName":"Mat_1",
        "mapDiffuseAnisotropy":1,
        "vertexColors":false,
        "mapDiffuseWrap":["repeat","repeat"],
        "colorSpecular":[0.5,0.5,0.5],
        "doubleSided":false,
        "colorEmissive":[0,0,0],
        "DbgIndex":0,
        "blending":"NormalBlending",
        "mapDiffuse":null,
        "DbgColor":15658734,
        "wireframe":false,
        "opacity":1,
        "mapDiffuseRepeat":[1,1],
        "visible":true
    }]
}