{
    "metadata":{
        "normals":19,
        "uvs":1,
        "colors":0,
        "type":"Geometry",
        "generator":"io_three",
        "faces":18,
        "vertices":38,
        "version":3,
        "materials":1
    },
    "normals":[0.662465,0,0.749046,0.590777,0,0.806787,0.513688,0,0.857967,0.431501,0,0.902097,-0.68511,0,0.728416,-0.717826,0,0.696188,0.344737,0,0.938688,0.168187,0,0.985748,0.254036,0,0.967162,0,0,1,0.088473,0,0.996063,-0.096438,0,0.995331,-0.459426,0,0.88818,-0.374126,0,0.927366,-0.615314,0,0.788263,-0.539964,0,0.84167,-0.191778,0,0.981414,-0.284677,0,0.958617,0.696188,0,0.717826],
    "uvs":[[0.002164,0.311045,0.997737,0.311028,0.997737,0.330022,0.002164,0.330039,0.002164,0.350421,0.997737,0.350405,0.997737,0.372057,0.002164,0.372074,0.002164,0.667953,0.997737,0.667936,0.997737,0.684899,0.002164,0.684915,0.997737,0.394864,0.002164,0.394881,0.997737,0.443475,0.002164,0.443491,0.002164,0.418726,0.997737,0.418709,0.997737,0.48648,0.002164,0.486497,0.002164,0.460456,0.997737,0.460439,0.997737,0.512522,0.002164,0.512538,0.997737,0.608255,0.002164,0.608272,0.002164,0.585837,0.997737,0.58582,0.997737,0.64943,0.002164,0.649447,0.002164,0.629514,0.997737,0.629498,0.997737,0.537836,0.002164,0.537853,0.002164,0.562325,0.997737,0.562308,0.002164,0.293554,0.997737,0.293538]],
    "faces":[43,0,1,2,3,0,0,1,2,3,0,0,1,1,43,4,5,6,7,0,4,5,6,7,2,2,3,3,43,8,9,10,11,0,8,9,10,11,4,4,5,5,43,5,4,3,2,0,5,4,3,2,2,2,1,1,43,12,13,7,6,0,12,13,7,6,6,6,3,3,43,14,15,16,17,0,14,15,16,17,7,7,8,8,43,18,19,20,21,0,18,19,20,21,9,9,10,10,43,22,23,19,18,0,22,23,19,18,11,11,9,9,43,24,25,26,27,0,24,25,26,27,12,12,13,13,43,28,29,30,31,0,28,29,30,31,14,14,15,15,43,23,22,32,33,0,23,22,32,33,11,11,16,16,43,34,35,27,26,0,34,35,27,26,17,17,13,13,43,1,0,36,37,0,1,0,36,37,0,0,18,18,43,13,12,17,16,0,13,12,17,16,6,6,8,8,43,15,14,21,20,0,15,14,21,20,7,7,10,10,43,33,32,35,34,0,33,32,35,34,16,16,17,17,43,25,24,31,30,0,25,24,31,30,12,12,15,15,43,29,28,9,8,0,29,28,9,8,14,14,4,4],
    "vertices":[-85.2574,11.9598,12.0528,-85.2564,72.1341,12.0528,-86.4044,72.1341,12.9778,-86.4055,11.9598,12.9778,-87.6374,11.9598,13.7953,-87.6364,72.1341,13.7954,-88.9451,72.1341,14.4985,-88.9461,11.9598,14.4985,-106.83,11.9598,11.7218,-106.829,72.1341,11.7219,-107.854,72.1341,10.6647,-107.855,11.9598,10.6647,-90.3236,72.1341,15.0802,-90.3246,11.9598,15.0802,-93.2617,72.1341,15.851,-93.2627,11.9598,15.851,-91.7659,11.9598,15.5334,-91.7648,72.1341,15.5334,-95.8611,72.1341,16.06,-95.8621,11.9598,16.06,-94.2881,11.9598,15.984,-94.2871,72.1341,15.984,-97.4351,72.1341,15.984,-97.4361,11.9598,15.984,-103.221,72.1341,14.2773,-103.222,11.9598,14.2773,-101.866,11.9598,14.9003,-101.865,72.1341,14.9003,-105.71,72.1341,12.681,-105.711,11.9598,12.681,-104.506,11.9598,13.5352,-104.505,72.1341,13.5352,-98.9651,72.1341,15.7607,-98.9662,11.9598,15.7607,-100.445,11.9598,15.3971,-100.444,72.1341,15.3971,-84.2003,11.9598,11.0275,-84.1992,72.1341,11.0275],
    "colors":[],
    "materials":[{
        "colorDiffuse":[0.64,0.64,0.64],
        "shading":"phong",
        "depthTest":true,
        "transparent":false,
        "depthWrite":true,
        "specularCoef":50,
        "DbgName":"Mat_1",
        "mapDiffuseAnisotropy":1,
        "vertexColors":false,
        "mapDiffuseWrap":["repeat","repeat"],
        "colorSpecular":[0.5,0.5,0.5],
        "doubleSided":false,
        "colorEmissive":[0,0,0],
        "DbgIndex":0,
        "blending":"NormalBlending",
        "mapDiffuse":null,
        "DbgColor":15658734,
        "wireframe":false,
        "opacity":1,
        "mapDiffuseRepeat":[1,1],
        "visible":true
    }]
}