{
    "vertices":[-105.447,12.1074,12.8958,-105.447,72.136,12.8958,-106.144,72.136,13.5719,-106.144,12.1074,13.5719,-115.15,72.136,17.8449,-115.15,12.1074,17.8449,-113.466,12.1074,17.4876,-113.466,72.136,17.4876,-124.829,72.136,16.7753,-124.829,12.1074,16.7753,-123.23,12.1074,17.3342,-123.23,72.136,17.3342,-127.799,72.136,15.2396,-127.799,12.1074,15.2396,-126.355,12.1074,16.0744,-126.355,72.136,16.0744,-129.154,72.136,14.2787,-129.154,12.1074,14.2787,-130.413,72.136,13.1996,-130.413,12.1074,13.1996,-107.436,12.1074,14.6125,-107.435,72.136,14.6125,-108.821,72.136,15.5323,-108.822,12.1074,15.5323,-111.845,12.1074,16.9778,-111.845,72.136,16.9778,-119.845,12.1074,17.9945,-119.845,72.136,17.9945,-121.566,72.136,17.7433,-121.566,12.1074,17.7432,-110.294,72.136,16.3233,-110.294,12.1074,16.3233,-116.303,72.136,17.9945,-116.304,12.1074,17.9945,-118.074,72.136,18.08,-118.074,12.1074,18.08,-130.707,72.136,12.8958,-130.707,12.1074,12.8958],
    "metadata":{
        "colors":0,
        "type":"Geometry",
        "vertices":38,
        "uvs":1,
        "generator":"io_three",
        "materials":1,
        "normals":19,
        "faces":18,
        "version":3
    },
    "uvs":[[-0.020055,0.278173,1.01644,0.278171,1.01644,0.290207,-0.020055,0.290209,1.01644,0.445712,-0.020055,0.445714,-0.020055,0.416637,1.01644,0.416635,1.01644,0.612839,-0.020055,0.61284,-0.020055,0.585235,1.01644,0.585234,1.01644,0.66412,-0.020055,0.664122,-0.020055,0.639181,1.01644,0.63918,1.01644,0.687522,-0.020055,0.687524,1.01644,0.70925,-0.020055,0.709252,-0.020055,0.312511,1.01644,0.312508,1.01644,0.336439,-0.020055,0.336441,-0.020055,0.388641,1.01644,0.388639,-0.020055,0.526781,1.01644,0.52678,1.01644,0.556501,-0.020055,0.556503,1.01644,0.361862,-0.020055,0.361863,1.01644,0.46563,-0.020055,0.465632,1.01644,0.496205,-0.020055,0.496206,1.01644,0.714337,-0.020055,0.714339]],
    "colors":[],
    "faces":[43,0,1,2,3,0,0,1,2,3,0,0,1,1,43,4,5,6,7,0,4,5,6,7,2,2,3,3,43,8,9,10,11,0,8,9,10,11,4,4,5,5,43,12,13,14,15,0,12,13,14,15,6,6,7,7,43,16,17,13,12,0,16,17,13,12,8,8,6,6,43,18,19,17,16,0,18,19,17,16,9,9,8,8,43,20,21,22,23,0,20,21,22,23,10,10,11,11,43,24,25,7,6,0,24,25,7,6,12,12,3,3,43,26,27,28,29,0,26,27,28,29,13,13,14,14,43,9,8,15,14,0,9,8,15,14,4,4,7,7,43,3,2,21,20,0,3,2,21,20,1,1,10,10,43,23,22,30,31,0,23,22,30,31,11,11,15,15,43,31,30,25,24,0,31,30,25,24,15,15,12,12,43,5,4,32,33,0,5,4,32,33,2,2,16,16,43,33,32,34,35,0,33,32,34,35,16,16,17,17,43,35,34,27,26,0,35,34,27,26,17,17,13,13,43,29,28,11,10,0,29,28,11,10,14,14,5,5,43,19,18,36,37,0,19,18,36,37,9,9,18,18],
    "materials":[{
        "colorDiffuse":[0.64,0.64,0.64],
        "vertexColors":false,
        "transparent":false,
        "depthTest":true,
        "depthWrite":true,
        "opacity":1,
        "visible":true,
        "DbgIndex":0,
        "wireframe":false,
        "colorSpecular":[0.5,0.5,0.5],
        "DbgName":"Mat_2",
        "specularCoef":50,
        "blending":"NormalBlending",
        "colorEmissive":[0,0,0],
        "DbgColor":15658734,
        "shading":"phong",
        "doubleSided":false
    }],
    "normals":[0.696188,0,0.717826,0.662465,0,0.749046,0.168187,0,0.985748,0.254036,0,0.967162,-0.374126,0,0.927366,-0.284677,0,0.958617,-0.539964,0,0.84167,-0.459426,0,0.88818,-0.615314,0,0.788263,-0.68511,0,0.728416,0.590777,0,0.806787,0.513688,0,0.857967,0.344737,0,0.938688,-0.096438,0,0.995331,-0.191778,0,0.981414,0.431501,0,0.902097,0.088473,0,0.996063,0,0,0.999969,-0.717826,0,0.696188]
}