{
    "vertices":[72.0185,107.499,-14.6125,-72.0674,107.5,-14.6125,-72.0674,108.886,-15.5323,72.0185,108.885,-15.5323,72.0185,116.367,-17.9945,-72.0674,116.368,-17.9945,-72.0674,118.138,-18.08,72.0185,118.138,-18.08,72.0185,124.893,-16.7753,-72.0674,124.893,-16.7753,-72.0674,126.419,-16.0744,72.0185,126.419,-16.0744,-72.0674,127.863,-15.2396,72.0185,127.863,-15.2396,72.0185,119.909,-17.9945,-72.0674,119.909,-17.9945,-72.0674,121.63,-17.7432,72.0185,121.63,-17.7432,72.0185,123.294,-17.3342,-72.0674,123.294,-17.3342,-72.0674,111.909,-16.9777,72.0185,111.909,-16.9777,72.0185,110.358,-16.3233,-72.0674,110.358,-16.3233,-72.0674,113.53,-17.4876,72.0185,113.53,-17.4876,-72.0674,115.214,-17.8449,72.0185,115.214,-17.8449,-72.0674,129.218,-14.2786,72.0185,129.218,-14.2786,-72.0674,130.477,-13.1996,72.0185,130.477,-13.1996,72.0185,106.208,-13.5719,-72.0674,106.208,-13.5719,-72.0674,105.52,-12.9047,72.0185,105.52,-12.9047,72.0185,130.763,-12.9047,-72.0674,130.763,-12.9047],
    "metadata":{
        "colors":0,
        "type":"Geometry",
        "vertices":38,
        "uvs":1,
        "generator":"io_three",
        "materials":1,
        "normals":19,
        "faces":18,
        "version":3
    },
    "uvs":[[-0.20637,0.389591,1.19854,0.389592,1.19854,0.403105,-0.20637,0.403104,-0.20637,0.476058,1.19854,0.476059,1.19854,0.493325,-0.20637,0.493324,-0.20637,0.559187,1.19854,0.559188,1.19854,0.574063,-0.20637,0.574062,1.19854,0.588147,-0.20637,0.588146,-0.20637,0.51059,1.19854,0.51059,1.19854,0.527374,-0.20637,0.527374,-0.20637,0.543598,1.19854,0.543599,1.19854,0.432582,-0.20637,0.432581,-0.20637,0.41746,1.19854,0.417461,1.19854,0.448391,-0.20637,0.448391,1.19854,0.464811,-0.20637,0.46481,1.19854,0.601362,-0.20637,0.601361,1.19854,0.613631,-0.20637,0.613631,-0.20637,0.376997,1.19854,0.376998,1.19854,0.37029,-0.20637,0.370289,-0.20637,0.616419,1.19854,0.61642]],
    "colors":[],
    "faces":[43,0,1,2,3,0,0,1,2,3,0,0,1,1,43,4,5,6,7,0,4,5,6,7,2,2,3,3,43,8,9,10,11,0,8,9,10,11,4,4,5,5,43,11,10,12,13,0,11,10,12,13,5,5,6,6,43,14,15,16,17,0,14,15,16,17,7,7,8,8,43,18,19,9,8,0,18,19,9,8,9,9,4,4,43,20,21,22,23,0,20,21,22,23,10,10,11,11,43,24,25,21,20,0,24,25,21,20,12,12,10,10,43,26,27,25,24,0,26,27,25,24,13,13,12,12,43,5,4,27,26,0,5,4,27,26,2,2,13,13,43,15,14,7,6,0,15,14,7,6,7,7,3,3,43,19,18,17,16,0,19,18,17,16,9,9,8,8,43,28,29,13,12,0,28,29,13,12,14,14,6,6,43,30,31,29,28,0,30,31,29,28,15,15,14,14,43,1,0,32,33,0,1,0,32,33,0,0,16,16,43,23,22,3,2,0,23,22,3,2,11,11,1,1,43,34,33,32,35,0,34,33,32,35,17,16,16,17,43,36,31,30,37,0,36,31,30,37,18,15,15,18],
    "materials":[{
        "colorDiffuse":[0.64,0.64,0.64],
        "vertexColors":false,
        "transparent":false,
        "depthTest":true,
        "depthWrite":true,
        "opacity":1,
        "visible":true,
        "DbgIndex":0,
        "wireframe":false,
        "colorSpecular":[0.5,0.5,0.5],
        "DbgName":"Mat_2",
        "specularCoef":50,
        "blending":"NormalBlending",
        "colorEmissive":[0,0,0],
        "DbgColor":15658734,
        "shading":"phong",
        "doubleSided":false
    }],
    "normals":[0,-0.590777,-0.806787,0,-0.513688,-0.857967,0,-0.088473,-0.996063,0,0,-0.999969,0,0.374126,-0.927366,0,0.459426,-0.88818,0,0.539964,-0.84167,0,0.096438,-0.995331,0,0.191778,-0.981414,0,0.284677,-0.958617,0,-0.344737,-0.938688,0,-0.431501,-0.902097,0,-0.254036,-0.967162,0,-0.168187,-0.985748,0,0.615314,-0.788263,0,0.68511,-0.728416,0,-0.662465,-0.749046,0,-0.696188,-0.717826,0,0.717826,-0.696188]
}