{
    "vertices":[-80.7069,103.276,-13.5719,-103.37,80.613,-13.5719,-104.283,81.5263,-14.6125,-81.6202,104.189,-14.6125,-82.6002,105.169,-15.5323,-105.263,82.5062,-15.5323,-106.304,83.5473,-16.3233,-83.6413,106.21,-16.3233,-107.401,84.6439,-16.9777,-84.7379,107.307,-16.9777,-87.0751,109.644,-17.8449,-109.738,86.9812,-17.8449,-110.553,87.7969,-17.9945,-87.8908,110.46,-17.9945,-111.806,89.049,-18.08,-89.1429,111.712,-18.08,-91.6122,114.181,-17.7432,-114.275,91.5182,-17.7432,-115.451,92.6949,-17.3342,-92.7888,115.358,-17.3342,-116.582,93.8253,-16.7753,-93.9193,116.488,-16.7753,-90.395,112.964,-17.9945,-113.058,90.3011,-17.9945,-85.8843,108.453,-17.4876,-108.547,85.7904,-17.4876,-118.682,95.9254,-15.2396,-96.0193,118.588,-15.2396,-94.998,117.567,-16.0744,-117.661,94.9041,-16.0744,-119.64,96.8838,-14.2786,-96.9777,119.547,-14.2786,-120.53,97.7736,-13.1996,-97.8675,120.436,-13.1996,-120.742,97.985,-12.8913,-98.0789,120.648,-12.8913,-80.2107,102.78,-12.8913,-102.873,80.1168,-12.8913],
    "metadata":{
        "colors":0,
        "type":"Geometry",
        "vertices":38,
        "uvs":1,
        "generator":"io_three",
        "materials":1,
        "normals":20,
        "faces":18,
        "version":3
    },
    "uvs":[[0.073471,0.168502,0.972489,0.168503,0.972489,0.206098,0.073471,0.206097,0.073471,0.246173,0.972489,0.246173,0.972489,0.288495,0.073471,0.288495,0.972489,0.332831,0.073471,0.332831,0.073471,0.426613,0.972489,0.426613,0.972489,0.459135,0.073471,0.459135,0.972489,0.508863,0.073471,0.508863,0.073471,0.606248,0.972489,0.606248,0.972489,0.652318,0.073471,0.652317,0.972489,0.696354,0.073471,0.696354,0.073471,0.55836,0.972489,0.558361,0.073471,0.378947,0.972489,0.378948,0.972489,0.777488,0.073471,0.777488,0.073471,0.738148,0.972489,0.738148,0.972489,0.814161,0.073471,0.814161,0.972489,0.847958,0.073471,0.847959,0.972489,0.855917,0.073471,0.855916,0.073471,0.147921,0.972489,0.147922]],
    "colors":[],
    "faces":[43,0,1,2,3,0,0,1,2,3,0,0,1,1,43,4,5,6,7,0,4,5,6,7,2,2,3,3,43,7,6,8,9,0,7,6,8,9,3,3,4,4,43,10,11,12,13,0,10,11,12,13,5,5,6,6,43,13,12,14,15,0,13,12,14,15,6,6,7,8,43,16,17,18,19,0,16,17,18,19,9,9,10,10,43,19,18,20,21,0,19,18,20,21,10,10,11,11,43,3,2,5,4,0,3,2,5,4,1,1,2,2,43,22,23,17,16,0,22,23,17,16,12,12,9,9,43,11,10,24,25,0,11,10,24,25,5,5,13,13,43,23,22,15,14,0,23,22,15,14,12,12,8,7,43,26,27,28,29,0,26,27,28,29,14,14,15,15,43,30,31,27,26,0,30,31,27,26,16,16,14,14,43,32,33,31,30,0,32,33,31,30,17,17,16,16,43,34,35,33,32,0,34,35,33,32,18,18,17,17,43,25,24,9,8,0,25,24,9,8,13,13,4,4,43,29,28,21,20,0,29,28,21,20,15,15,11,11,43,1,0,36,37,0,1,0,36,37,0,0,19,19],
    "materials":[{
        "colorDiffuse":[0.64,0.64,0.64],
        "vertexColors":false,
        "transparent":false,
        "depthTest":true,
        "depthWrite":true,
        "opacity":1,
        "visible":true,
        "DbgIndex":0,
        "wireframe":false,
        "colorSpecular":[0.5,0.5,0.5],
        "DbgName":"Mat",
        "specularCoef":50,
        "blending":"NormalBlending",
        "colorEmissive":[0,0,0],
        "DbgColor":15658734,
        "shading":"phong",
        "doubleSided":false
    }],
    "normals":[0.468429,-0.468429,-0.749046,0.417737,-0.417737,-0.806787,0.363231,-0.363231,-0.857967,0.305124,-0.305124,-0.902097,0.243782,-0.243782,-0.938688,0.118931,-0.118931,-0.985748,0.062563,-0.062563,-0.996063,0,0,-0.999969,0,0,-1,-0.135594,0.135594,-0.981414,-0.2013,0.2013,-0.958617,-0.264565,0.264565,-0.927366,-0.068178,0.068178,-0.995331,0.179632,-0.179632,-0.967162,-0.381817,0.381817,-0.84167,-0.32487,0.32487,-0.88818,-0.435072,0.435072,-0.788263,-0.484451,0.484451,-0.728416,-0.507584,0.507584,-0.696188,0.492264,-0.492264,-0.717826]
}