{
    "vertices":[-130.686,12.1074,-12.8958,-130.686,72.136,-12.8958,-129.989,72.136,-13.5719,-129.989,12.1074,-13.5719,-120.983,72.136,-17.8449,-120.983,12.1074,-17.8449,-122.667,12.1074,-17.4876,-122.667,72.136,-17.4876,-111.304,72.136,-16.7753,-111.304,12.1074,-16.7753,-112.903,12.1074,-17.3342,-112.903,72.136,-17.3342,-108.334,72.136,-15.2396,-108.334,12.1074,-15.2396,-109.778,12.1074,-16.0744,-109.778,72.136,-16.0744,-106.979,72.136,-14.2786,-106.979,12.1074,-14.2786,-105.72,72.136,-13.1996,-105.72,12.1074,-13.1996,-128.697,12.1074,-14.6125,-128.697,72.136,-14.6125,-127.312,72.136,-15.5323,-127.311,12.1074,-15.5323,-124.288,12.1074,-16.9778,-124.288,72.136,-16.9777,-116.288,12.1074,-17.9945,-116.288,72.136,-17.9945,-114.567,72.136,-17.7432,-114.567,12.1074,-17.7432,-125.839,72.136,-16.3233,-125.839,12.1074,-16.3233,-119.829,72.136,-17.9945,-119.829,12.1074,-17.9945,-118.059,72.136,-18.08,-118.059,12.1074,-18.08,-105.426,72.136,-12.8958,-105.426,12.1074,-12.8958],
    "metadata":{
        "colors":0,
        "type":"Geometry",
        "vertices":38,
        "uvs":1,
        "generator":"io_three",
        "materials":1,
        "normals":19,
        "faces":18,
        "version":3
    },
    "uvs":[[1.07751,0.734028,-0.096783,0.73403,-0.096783,0.720392,1.07751,0.720391,-0.096783,0.544216,1.07751,0.544214,1.07751,0.577156,-0.096783,0.577158,-0.096783,0.354871,1.07751,0.354869,1.07751,0.386144,-0.096783,0.386146,-0.096783,0.296773,1.07751,0.296771,1.07751,0.325026,-0.096783,0.325029,-0.096783,0.270259,1.07751,0.270257,-0.096783,0.245643,1.07751,0.245641,1.07751,0.695125,-0.096783,0.695127,-0.096783,0.668015,1.07751,0.668013,1.07751,0.608874,-0.096783,0.608876,1.07751,0.452368,-0.096783,0.452371,-0.096783,0.418698,1.07751,0.418696,-0.096783,0.639213,1.07751,0.639211,-0.096783,0.52165,1.07751,0.521648,-0.096783,0.48701,1.07751,0.487008,-0.096783,0.239879,1.07751,0.239877]],
    "colors":[],
    "faces":[43,0,1,2,3,0,0,1,2,3,0,0,1,1,43,4,5,6,7,0,4,5,6,7,2,2,3,3,43,8,9,10,11,0,8,9,10,11,4,4,5,5,43,12,13,14,15,0,12,13,14,15,6,6,7,7,43,16,17,13,12,0,16,17,13,12,8,8,6,6,43,18,19,17,16,0,18,19,17,16,9,9,8,8,43,20,21,22,23,0,20,21,22,23,10,10,11,11,43,24,25,7,6,0,24,25,7,6,12,12,3,3,43,26,27,28,29,0,26,27,28,29,13,13,14,14,43,9,8,15,14,0,9,8,15,14,4,4,7,7,43,3,2,21,20,0,3,2,21,20,1,1,10,10,43,23,22,30,31,0,23,22,30,31,11,11,15,15,43,31,30,25,24,0,31,30,25,24,15,15,12,12,43,5,4,32,33,0,5,4,32,33,2,2,16,16,43,33,32,34,35,0,33,32,34,35,16,16,17,17,43,35,34,27,26,0,35,34,27,26,17,17,13,13,43,29,28,11,10,0,29,28,11,10,14,14,5,5,43,19,18,36,37,0,19,18,36,37,9,9,18,18],
    "materials":[{
        "colorDiffuse":[0.64,0.64,0.64],
        "vertexColors":false,
        "transparent":false,
        "depthTest":true,
        "depthWrite":true,
        "opacity":1,
        "visible":true,
        "DbgIndex":0,
        "wireframe":false,
        "colorSpecular":[0.5,0.5,0.5],
        "DbgName":"Mat_2",
        "specularCoef":50,
        "blending":"NormalBlending",
        "colorEmissive":[0,0,0],
        "DbgColor":15658734,
        "shading":"phong",
        "doubleSided":false
    }],
    "normals":[-0.696188,0,-0.717826,-0.662465,0,-0.749046,-0.168187,0,-0.985748,-0.254036,0,-0.967162,0.374126,0,-0.927366,0.284677,0,-0.958617,0.539964,0,-0.84167,0.459426,0,-0.88818,0.615314,0,-0.788263,0.68511,0,-0.728416,-0.590777,0,-0.806787,-0.513688,0,-0.857967,-0.344737,0,-0.938688,0.096438,0,-0.995331,0.191778,0,-0.981414,-0.431501,0,-0.902097,-0.088473,0,-0.996063,0,0,-0.999969,0.717826,0,-0.696188]
}