{
    "uvs":[[0.212438,0.760285,0.21192,0.759061,1.00199,0.75897,1.00251,0.760195,0.210396,0.755463,1.00047,0.755373,0.207914,0.749606,0.997989,0.749516,0.204524,0.741604,0.994597,0.741514,0.200272,0.731569,0.990345,0.731479,0.195208,0.719615,0.985279,0.719526,0.189378,0.705857,0.979448,0.705767,0.182832,0.690406,0.972901,0.690316,0.175618,0.673378,0.965684,0.673288,0.167783,0.654885,0.957847,0.654795,0.159375,0.635042,0.949437,0.634952,0.150443,0.61396,0.940504,0.613871,0.141036,0.591756,0.931094,0.591666,0.1312,0.568541,0.921256,0.568451,0.120984,0.544429,0.911037,0.544339,0.113987,0.527912,0.904038,0.527823,0.103245,0.502559,0.893293,0.502469,0.092503,0.477205,0.882549,0.477115,0.082061,0.452559,0.872104,0.452469,0.071966,0.428733,0.862007,0.428644,0.062268,0.405842,0.852306,0.405753,0.053014,0.384,0.843049,0.38391,0.044251,0.363318,0.834285,0.363228,0.036029,0.343912,0.826061,0.343823,0.028396,0.325895,0.818426,0.325805,0.021399,0.30938,0.811427,0.30929,0.015086,0.294481,0.805113,0.294391,0.009507,0.281312,0.799532,0.281222,0.004708,0.269985,0.794732,0.269895,0.000738,0.260615,0.790761,0.260525,-0.002355,0.253315,0.787667,0.253225,-0.004523,0.248199,0.785499,0.248109,-0.00543,0.246057,0.784591,0.245967,-0.005949,0.244833,0.784072,0.244743,1.01623,0.23895,1.01468,0.242603,0.212377,0.242544,0.213925,0.238891,1.01216,0.248551,0.209857,0.248492,1.00872,0.256678,0.206413,0.256619,1.0044,0.266869,0.202095,0.26681,0.999256,0.279009,0.196951,0.27895,0.993336,0.292982,0.19103,0.292923,0.986689,0.308672,0.184381,0.308613,0.979363,0.325966,0.177054,0.325907,0.971407,0.344746,0.169095,0.344687,0.96287,0.364899,0.160556,0.36484,0.9538,0.386308,0.151484,0.386249,0.944247,0.408858,0.141929,0.408799,0.93426,0.432434,0.131939,0.432375,0.923886,0.456921,0.121563,0.456862,0.91678,0.473695,0.114455,0.473636,0.905872,0.499443,0.103544,0.499384,0.894965,0.525191,0.092634,0.525132,0.884361,0.550221,0.082028,0.550162,0.874111,0.574417,0.071775,0.574358,0.864263,0.597664,0.061925,0.597605,0.854865,0.619847,0.052525,0.619788,0.845968,0.64085,0.043625,0.640791,0.837619,0.660558,0.035274,0.660499,0.829867,0.678855,0.027521,0.678797,0.822762,0.695627,0.020414,0.695569,0.816352,0.710758,0.014002,0.710699,0.810686,0.724133,0.008335,0.724074,0.805813,0.735636,0.003461,0.735577,0.801782,0.745151,-0.000572,0.745093,0.798642,0.752565,-0.003713,0.752506,0.79644,0.757761,-0.005915,0.757702,0.795519,0.759936,-0.006836,0.759877]],
    "faces":[43,0,1,2,3,0,0,1,2,3,0,1,2,0,43,1,4,5,2,0,1,4,5,2,1,3,4,2,43,4,6,7,5,0,4,6,7,5,3,5,6,4,43,6,8,9,7,0,6,8,9,7,5,7,8,6,43,8,10,11,9,0,8,10,11,9,7,9,10,8,43,10,12,13,11,0,10,12,13,11,9,11,12,10,43,12,14,15,13,0,12,14,15,13,11,13,14,12,43,14,16,17,15,0,14,16,17,15,13,15,16,14,43,16,18,19,17,0,16,18,19,17,15,17,18,16,43,18,20,21,19,0,18,20,21,19,17,19,20,18,43,20,22,23,21,0,20,22,23,21,19,21,22,20,43,22,24,25,23,0,22,24,25,23,21,23,24,22,43,24,26,27,25,0,24,26,27,25,23,25,26,24,43,26,28,29,27,0,26,28,29,27,25,27,28,26,43,28,30,31,29,0,28,30,31,29,27,29,30,28,43,30,32,33,31,0,30,32,33,31,29,31,32,30,43,32,34,35,33,0,32,34,35,33,31,33,34,32,43,34,36,37,35,0,34,36,37,35,33,35,36,34,43,36,38,39,37,0,36,38,39,37,35,37,38,36,43,38,40,41,39,0,38,40,41,39,37,39,40,38,43,40,42,43,41,0,40,42,43,41,39,41,42,40,43,42,44,45,43,0,42,44,45,43,41,43,44,42,43,44,46,47,45,0,44,46,47,45,43,45,46,44,43,46,48,49,47,0,46,48,49,47,45,47,48,46,43,48,50,51,49,0,48,50,51,49,47,49,50,48,43,50,52,53,51,0,50,52,53,51,49,51,52,50,43,52,54,55,53,0,52,54,55,53,51,53,54,52,43,54,56,57,55,0,54,56,57,55,53,55,56,54,43,56,58,59,57,0,56,58,59,57,55,57,58,56,43,58,60,61,59,0,58,60,61,59,57,59,60,58,43,60,62,63,61,0,60,62,63,61,59,61,62,60,43,62,64,65,63,0,62,64,65,63,61,63,64,62,43,64,66,67,65,0,64,66,67,65,63,65,66,64,43,66,68,69,67,0,66,68,69,67,65,67,67,66,43,68,70,71,69,0,68,66,67,69,67,68,69,67,43,70,72,73,71,0,70,71,72,73,68,70,71,69,43,72,74,75,73,0,71,74,75,72,70,72,73,71,43,74,76,77,75,0,74,76,77,75,72,74,75,73,43,76,78,79,77,0,76,78,79,77,74,76,77,75,43,78,80,81,79,0,78,80,81,79,76,78,79,77,43,80,82,83,81,0,80,82,83,81,78,80,81,79,43,82,84,85,83,0,82,84,85,83,80,82,83,81,43,84,86,87,85,0,84,86,87,85,82,84,85,83,43,86,88,89,87,0,86,88,89,87,84,86,87,85,43,88,90,91,89,0,88,90,91,89,86,88,89,87,43,90,92,93,91,0,90,92,93,91,88,90,91,89,43,92,94,95,93,0,92,94,95,93,90,92,93,91,43,94,96,97,95,0,94,96,97,95,92,94,95,93,43,96,98,99,97,0,96,98,99,97,94,96,97,95,43,98,100,101,99,0,98,100,101,99,96,98,99,97,43,100,102,103,101,0,100,102,103,101,98,100,101,99,43,102,104,105,103,0,102,104,105,103,100,102,103,101,43,104,106,107,105,0,104,106,107,105,102,104,105,103,43,106,108,109,107,0,106,108,109,107,104,106,107,105,43,108,110,111,109,0,108,110,111,109,106,108,109,107,43,110,112,113,111,0,110,112,113,111,108,110,111,109,43,112,114,115,113,0,112,114,115,113,110,112,113,111,43,114,116,117,115,0,114,116,117,115,112,114,115,113,43,116,118,119,117,0,116,118,119,117,114,116,117,115,43,118,120,121,119,0,118,120,121,119,116,118,119,117,43,120,122,123,121,0,120,122,123,121,118,120,121,119,43,122,124,125,123,0,122,124,125,123,120,122,123,121,43,124,126,127,125,0,124,126,127,125,122,124,125,123,43,126,128,129,127,0,126,128,129,127,124,126,127,125,43,128,130,131,129,0,128,130,131,129,126,128,129,127,43,130,132,133,131,0,130,132,133,131,128,130,131,129,43,132,134,135,133,0,132,134,135,133,130,132,133,131,43,134,0,3,135,0,1,0,3,2,132,0,0,133],
    "colors":[],
    "metadata":{
        "faces":68,
        "colors":0,
        "uvs":1,
        "normals":134,
        "version":3,
        "generator":"io_three",
        "materials":1,
        "type":"Geometry",
        "vertices":136
    },
    "materials":[{
        "colorEmissive":[0,0,0],
        "mapDiffuseWrap":["repeat","repeat"],
        "DbgName":"Mat.002",
        "colorDiffuse":[0.64,0.64,0.64],
        "mapDiffuse":null,
        "shading":"phong",
        "DbgIndex":0,
        "mapDiffuseAnisotropy":1,
        "mapDiffuseRepeat":[1,1],
        "depthWrite":true,
        "wireframe":false,
        "opacity":1,
        "blending":"NormalBlending",
        "vertexColors":false,
        "transparent":false,
        "visible":true,
        "colorSpecular":[0.5,0.5,0.5],
        "depthTest":true,
        "specularCoef":50,
        "DbgColor":15658734,
        "doubleSided":false
    }],