{
    "uvs":[[0.62,0.656491,0.62,0.34342,0.635,0.344576,0.635,0.655335,0.65,0.654099,0.65,0.345813,0.665,0.347119,0.665,0.652794,0.68,0.348482,0.68,0.651432,0.695,0.650023,0.695,0.349892,0.71,0.351338,0.71,0.648578,0.725,0.35281,0.725,0.647106,0.735,0.353802,0.735,0.646115,0.78,0.641756,0.78,0.358164,0.795,0.359489,0.795,0.640432,0.825,0.638011,0.825,0.361912,0.84,0.363004,0.84,0.636919,0.855,0.635911,0.855,0.364013,0.87,0.364937,0.87,0.634988,0.88098,0.365549,0.88098,0.634375,0.765,0.356766,0.765,0.643153,0.75,0.644619,0.75,0.355299,0.81,0.360739,0.81,0.639182,0.618934,0.656566,0.618934,0.343344]],
    "vertices":[-49.9204,84.4839,10.9104,49.9502,84.4839,10.9104,49.9502,85.5279,11.9229,-49.9204,85.5279,11.9229,-49.9204,86.6616,12.8363,49.9502,86.6616,12.8363,49.9502,87.8781,13.6437,-49.9204,87.8781,13.6437,49.9502,89.1705,14.3381,-49.9204,89.1705,14.3381,-49.9204,90.5318,14.9125,49.9502,90.5318,14.9125,49.9502,91.955,15.36,-49.9204,91.955,15.36,49.9502,93.4331,15.6737,-49.9204,93.4331,15.6737,49.9502,94.4457,15.805,-49.9204,94.4457,15.805,-49.9204,99.0653,15.5844,49.9502,99.0653,15.5844,49.9502,100.526,15.2254,-49.9204,100.526,15.2254,-49.9204,103.268,14.1196,49.9502,103.268,14.1196,49.9502,104.536,13.3868,-49.9204,104.536,13.3868,-49.9204,105.726,12.5433,49.9502,105.726,12.5433,49.9502,106.83,11.5961,-49.9204,106.83,11.5961,49.9502,107.572,10.832,-49.9204,107.572,10.832,49.9502,97.5543,15.805,-49.9204,97.5543,15.805,-49.9204,96,15.88,49.9502,96,15.88,49.9502,101.929,14.7348,-49.9204,101.929,14.7348,-49.9204,84.4166,10.832,49.9502,84.4166,10.832],
    "faces":[43,0,1,2,3,0,0,1,2,3,0,0,1,1,43,4,5,6,7,0,4,5,6,7,2,2,3,3,43,7,6,8,9,0,7,6,8,9,3,3,4,4,43,10,11,12,13,0,10,11,12,13,5,5,6,6,43,13,12,14,15,0,13,12,14,15,6,6,7,7,43,15,14,16,17,0,15,14,16,17,7,7,8,8,43,18,19,20,21,0,18,19,20,21,9,9,10,10,43,22,23,24,25,0,22,23,24,25,11,11,12,12,43,26,27,28,29,0,26,27,28,29,13,13,14,14,43,29,28,30,31,0,29,28,30,31,14,14,15,15,43,5,4,3,2,0,5,4,3,2,2,2,1,1,43,11,10,9,8,0,11,10,9,8,5,5,4,4,43,32,33,34,35,0,32,33,34,35,16,16,17,17,43,36,37,21,20,0,36,37,21,20,18,18,10,10,43,23,22,37,36,0,23,22,37,36,11,11,18,18,43,27,26,25,24,0,27,26,25,24,13,13,12,12,43,1,0,38,39,0,1,0,38,39,0,0,19,19,43,35,34,17,16,0,35,34,17,16,17,17,8,8,43,19,18,33,32,0,19,18,33,32,9,9,16,16],
    "metadata":{
        "materials":1,
        "type":"Geometry",
        "generator":"io_three",
        "uvs":1,
        "vertices":40,
        "colors":0,
        "version":3,
        "normals":20,
        "faces":19
    },
    "materials":[{
        "shading":"phong",
        "visible":true,
        "DbgIndex":0,
        "DbgColor":15658734,
        "blending":"NormalBlending",
        "specularCoef":50,
        "colorSpecular":[0.5,0.5,0.5],
        "depthWrite":true,
        "colorDiffuse":[0.64,0.64,0.64],
        "transparent":false,
        "DbgName":"Mat_2",
        "doubleSided":false,
        "colorEmissive":[0,0,0],
        "vertexColors":false,
        "opacity":1,
        "wireframe":false,
        "depthTest":true
    }],
    "normals":[0,-0.728416,0.68511,0,-0.662465,0.749046,0,-0.590777,0.806787,0,-0.513688,0.857967,0,-0.431501,0.902097,0,-0.344737,0.938688,0,-0.254036,0.967162,0,-0.168187,0.985748,0,-0.088473,0.996063,0,0.191778,0.981414,0,0.284677,0.958617,0,0.459426,0.88818,0,0.539964,0.84167,0,0.615314,0.788263,0,0.68511,0.728416,0,0.717826,0.696188,0,0.096438,0.995331,0,0,0.999969,0,0.374126,0.927366,0,-0.759087,0.65096],
    "colors":[]
}