{
    "uvs":[[0.62,0.804331,0.62,0.695567,0.635,0.696801,0.635,0.8031,0.65,0.801825,0.65,0.698078,0.665,0.699382,0.665,0.800523,0.68,0.700698,0.68,0.79921,0.695,0.797898,0.695,0.702012,0.71,0.703313,0.71,0.7966,0.725,0.704591,0.725,0.795324,0.735,0.705427,0.735,0.79449,0.78,0.791042,0.78,0.708881,0.795,0.709865,0.795,0.790061,0.825,0.788339,0.825,0.711589,0.84,0.712338,0.84,0.787592,0.855,0.786918,0.855,0.713014,0.87,0.71362,0.87,0.786313,0.881375,0.71403,0.881375,0.785903,0.765,0.707812,0.765,0.79211,0.75,0.793267,0.75,0.706652,0.81,0.710766,0.81,0.789161,0.61856,0.804441,0.61856,0.695457]],
    "vertices":[60.7331,81.8545,10.9104,81.8743,60.7128,10.9104,82.6125,61.4509,11.9229,61.4713,82.5927,11.9229,62.2729,83.3944,12.8363,83.4141,62.2526,12.8363,84.2743,63.1128,13.6437,63.1331,84.2546,13.6437,85.1882,64.0266,14.338,64.047,85.1684,14.3381,65.0096,86.131,14.9125,86.1508,64.9892,14.9125,87.1571,65.9956,15.36,66.0159,87.1374,15.36,88.2023,67.0408,15.6737,67.0611,88.1826,15.6737,88.9183,67.7568,15.8049,67.7771,88.8986,15.805,71.0437,92.1651,15.5844,92.1849,71.0233,15.5844,93.2177,72.0561,15.2254,72.0765,93.1979,15.2254,74.0157,95.1371,14.1196,95.1569,73.9953,14.1196,96.0534,74.8918,13.3868,74.9122,96.0336,13.3868,75.7534,96.8749,12.5433,96.8946,75.7331,12.5433,97.6757,76.5141,11.5961,76.5345,97.6559,11.5961,98.2186,77.057,10.8044,77.0774,98.1988,10.8044,91.1165,69.9549,15.8049,69.9753,91.0967,15.805,68.8762,89.9976,15.88,90.0174,68.8558,15.88,94.21,73.0484,14.7348,73.0688,94.1902,14.7348,60.6688,81.7903,10.8044,81.81,60.6485,10.8044],
    "faces":[43,0,1,2,3,0,0,1,2,3,0,0,1,1,43,4,5,6,7,0,4,5,6,7,2,3,4,4,43,7,6,8,9,0,7,6,8,9,4,4,5,5,43,10,11,12,13,0,10,11,12,13,6,6,7,7,43,13,12,14,15,0,13,12,14,15,7,7,8,8,43,15,14,16,17,0,15,14,16,17,8,8,9,9,43,18,19,20,21,0,18,19,20,21,10,10,11,12,43,22,23,24,25,0,22,23,24,25,13,13,14,14,43,26,27,28,29,0,26,27,28,29,15,15,16,16,43,29,28,30,31,0,29,28,30,31,16,16,17,17,43,5,4,3,2,0,5,4,3,2,3,2,1,1,43,11,10,9,8,0,11,10,9,8,6,6,5,5,43,32,33,34,35,0,32,33,34,35,18,18,19,20,43,36,37,21,20,0,36,37,21,20,21,21,12,11,43,23,22,37,36,0,23,22,37,36,13,13,21,21,43,27,26,25,24,0,27,26,25,24,15,15,14,14,43,1,0,38,39,0,1,0,38,39,0,0,22,22,43,35,34,17,16,0,35,34,17,16,20,19,9,9,43,19,18,33,32,0,19,18,33,32,10,10,18,18],
    "metadata":{
        "materials":1,
        "type":"Geometry",
        "generator":"io_three",
        "uvs":1,
        "vertices":40,
        "colors":0,
        "version":3,
        "normals":23,
        "faces":19
    },
    "materials":[{
        "shading":"phong",
        "visible":true,
        "DbgIndex":0,
        "DbgColor":15658734,
        "blending":"NormalBlending",
        "specularCoef":50,
        "colorSpecular":[0.5,0.5,0.5],
        "depthWrite":true,
        "colorDiffuse":[0.64,0.64,0.64],
        "transparent":false,
        "DbgName":"Mat",
        "doubleSided":false,
        "colorEmissive":[0,0,0],
        "vertexColors":false,
        "opacity":1,
        "wireframe":false,
        "depthTest":true
    }],
    "normals":[-0.515061,-0.51503,0.68511,-0.468459,-0.468429,0.749046,-0.417737,-0.417737,0.806787,-0.417768,-0.417737,0.806787,-0.363231,-0.363201,0.857967,-0.305124,-0.305094,0.902097,-0.243782,-0.243751,0.938688,-0.179632,-0.179632,0.967162,-0.118931,-0.118931,0.985748,-0.062563,-0.062563,0.996063,0.135594,0.135594,0.981414,0.2013,0.20127,0.958617,0.2013,0.2013,0.958617,0.32487,0.32487,0.88818,0.381817,0.381787,0.84167,0.435102,0.435072,0.788263,0.484451,0.48442,0.728416,0.507584,0.507584,0.696188,0.068178,0.068178,0.995331,0,0,1,0,0,0.999969,0.264565,0.264534,0.927366,-0.53676,-0.536729,0.65096],
    "colors":[]
}