{
    "uvs":[[0.62,0.804331,0.62,0.695567,0.635,0.696801,0.635,0.8031,0.65,0.801825,0.65,0.698078,0.665,0.699382,0.665,0.800523,0.68,0.700698,0.68,0.79921,0.695,0.797898,0.695,0.702012,0.71,0.703313,0.71,0.7966,0.725,0.704591,0.725,0.795324,0.735,0.705427,0.735,0.79449,0.78,0.791042,0.78,0.708881,0.795,0.709865,0.795,0.790061,0.825,0.788339,0.825,0.711589,0.84,0.712338,0.84,0.787592,0.855,0.786918,0.855,0.713014,0.87,0.71362,0.87,0.786313,0.881375,0.71403,0.881375,0.785903,0.765,0.707812,0.765,0.79211,0.75,0.793267,0.75,0.706652,0.81,0.710766,0.81,0.789161,0.61856,0.804441,0.61856,0.695457]],
    "vertices":[81.8545,60.7331,-10.9104,60.7128,81.8743,-10.9104,61.4509,82.6125,-11.9229,82.5927,61.4713,-11.9229,83.3944,62.2729,-12.8363,62.2526,83.4141,-12.8363,63.1128,84.2743,-13.6436,84.2546,63.1331,-13.6436,64.0266,85.1882,-14.338,85.1684,64.047,-14.338,86.131,65.0096,-14.9125,64.9892,86.1508,-14.9125,65.9956,87.1571,-15.36,87.1374,66.0159,-15.36,67.0408,88.2023,-15.6736,88.1826,67.0611,-15.6736,67.7568,88.9183,-15.8049,88.8986,67.7771,-15.8049,92.1651,71.0437,-15.5844,71.0233,92.1849,-15.5844,72.0561,93.2177,-15.2253,93.1979,72.0765,-15.2253,95.1371,74.0157,-14.1196,73.9953,95.1569,-14.1196,74.8918,96.0534,-13.3867,96.0336,74.9122,-13.3867,96.8749,75.7534,-12.5433,75.7331,96.8946,-12.5432,76.5141,97.6757,-11.5961,97.6559,76.5345,-11.5961,77.057,98.2186,-10.8044,98.1988,77.0774,-10.8044,69.9549,91.1165,-15.8049,91.0967,69.9753,-15.8049,89.9976,68.8762,-15.88,68.8558,90.0174,-15.88,73.0484,94.21,-14.7347,94.1902,73.0688,-14.7347,81.7903,60.6688,-10.8044,60.6485,81.81,-10.8044],
    "faces":[43,0,1,2,3,0,0,1,2,3,0,0,1,1,43,4,5,6,7,0,4,5,6,7,2,2,3,3,43,7,6,8,9,0,7,6,8,9,3,3,4,5,43,10,11,12,13,0,10,11,12,13,6,6,7,7,43,13,12,14,15,0,13,12,14,15,7,7,8,8,43,15,14,16,17,0,15,14,16,17,8,8,9,9,43,18,19,20,21,0,18,19,20,21,10,10,11,11,43,22,23,24,25,0,22,23,24,25,12,12,13,13,43,26,27,28,29,0,26,27,28,29,14,14,15,15,43,29,28,30,31,0,29,28,30,31,15,15,16,16,43,5,4,3,2,0,5,4,3,2,2,2,1,1,43,11,10,9,8,0,11,10,9,8,6,6,5,4,43,32,33,34,35,0,32,33,34,35,17,17,18,19,43,36,37,21,20,0,36,37,21,20,20,20,11,11,43,23,22,37,36,0,23,22,37,36,12,12,20,20,43,27,26,25,24,0,27,26,25,24,14,14,13,13,43,1,0,38,39,0,1,0,38,39,0,0,21,21,43,35,34,17,16,0,35,34,17,16,19,18,9,9,43,19,18,33,32,0,19,18,33,32,10,10,17,17],
    "metadata":{
        "materials":1,
        "type":"Geometry",
        "generator":"io_three",
        "uvs":1,
        "vertices":40,
        "colors":0,
        "version":3,
        "normals":22,
        "faces":19
    },
    "materials":[{
        "shading":"phong",
        "visible":true,
        "DbgIndex":0,
        "DbgColor":15658734,
        "blending":"NormalBlending",
        "specularCoef":50,
        "colorSpecular":[0.5,0.5,0.5],
        "depthWrite":true,
        "colorDiffuse":[0.64,0.64,0.64],
        "transparent":false,
        "DbgName":"Mat",
        "doubleSided":false,
        "colorEmissive":[0,0,0],
        "vertexColors":false,
        "opacity":1,
        "wireframe":false,
        "depthTest":true
    }],
    "normals":[-0.515061,-0.515061,-0.68511,-0.468429,-0.468459,-0.749046,-0.417737,-0.417768,-0.806787,-0.363201,-0.363231,-0.857967,-0.305124,-0.305124,-0.902097,-0.305094,-0.305124,-0.902097,-0.243751,-0.243782,-0.938688,-0.179632,-0.179632,-0.967162,-0.118931,-0.118931,-0.985748,-0.062563,-0.062563,-0.996063,0.135594,0.135594,-0.981414,0.20127,0.2013,-0.958617,0.32487,0.32487,-0.88818,0.381787,0.381817,-0.84167,0.435072,0.435072,-0.788263,0.48442,0.484451,-0.728416,0.507584,0.507584,-0.696188,0.068178,0.068178,-0.995331,0,0,-1,0,0,-0.999969,0.264534,0.264565,-0.927366,-0.53676,-0.53676,-0.65096],
    "colors":[]
}